Ticker,Live_Price,Action_Rank,Action_Status,Long_Term_Status,Entry_Timing_Status,Classification_Reason,Market_State,Regular_Market_Price,PreMarket_Price,PostMarket_Price,Extended_Hours_Change_Pct,Close,Score,Trend_Score,Relative_Strength_Score,Breakout_Score,Accumulation_Score,Volatility_Score,Weekly_Stage_Score,Weekly_Stage,Weekly_Close,Weekly_SMA_30,Weekly_SMA_30_Slope_Pct_10W,EMA_20,EMA_50,EMA_150,EMA_200,EMA_200_Slope_Pct_50D,Return_63D_Pct,Return_126D_Pct,Return_252D_Pct,Benchmark_Return_126D_Pct,RS_126D_Excess_Pct,RS_Ratio,RS_SMA_50,RS_SMA_200,RS_Slope_Pct_50D,Return_5D_Pct,Return_10D_Pct,High_20D,High_55D,High_100D,High_252D,Distance_From_20D_High_Pct,Distance_From_52W_High_Pct,Lower_High_Day,Lower_Low_Day,Close_Below_EMA20,ATR_14,ATR_Pct,Volume,Volume_Avg_50,Accumulation_Days_50,Distribution_Days_50,Net_Accumulation_50,Latest_Distribution_Day,Daily_Change_Pct,Last_3H_Return_Pct,Bearish_1H_Candles_Last3,Last_1H_Bearish
ATEN,36.59,1,Actionable Momentum Candidate,Momentum Candidate,Clean,,REGULAR,36.59,,,,36.59000015,100,30,25,20,15,10,15,Stage 2,34.97999954,23.30166645,21.47039927,32.84392168,30.02460019,24.89657319,23.57186432,22.27991964,63.78692884,103.2777786,91.97272391,7.055537766,96.22224086,0.049506824,0.040556908,0.031235605,30.98399871,8.350606031,15.20780821,36.63000107,36.63000107,36.63000107,36.63000107,-0.109202605,0.109202605,FALSE,FALSE,FALSE,1.455000196,3.97649683,604529,1156850.58,13,5,8,FALSE,4.602631879,1.273177611,0,FALSE
EXTR,32.23,1,Actionable Momentum Candidate,Momentum Candidate,Clean,,REGULAR,32.23,,,,32.22999954,100,30,25,20,15,7,15,Stage 2,31.73999977,19.18366674,14.50428834,30.01536771,26.30909006,21.25803817,20.3313746,23.18974968,111.2057605,91.95948651,79.35448399,7.055537766,84.90394874,0.043607678,0.034727633,0.027738948,74.84435332,1.193089972,3.600125072,32.43000031,32.43000031,32.43000031,32.43000031,-0.616715267,0.616715267,FALSE,FALSE,FALSE,1.461428642,4.534373761,937947,2715210.94,15,4,11,FALSE,1.543792611,3.235106506,0,FALSE
FFIV,413.051,1,Actionable Momentum Candidate,Momentum Candidate,Clean,,REGULAR,413.051,,,,413.0509949,100,30,25,20,11,10,15,Stage 2,394.5299988,306.517335,10.88264603,390.1905308,368.2841149,325.2990802,315.2836048,12.82142504,46.48236711,57.45473869,42.87972607,7.055537766,50.39920093,0.558864252,0.497664139,0.435330406,27.29100793,5.566745846,4.263679083,413.9899902,413.9899902,413.9899902,413.9899902,-0.226815958,0.226815958,FALSE,FALSE,FALSE,12.30642264,2.979395473,291352,726661.04,6,4,2,FALSE,4.694445581,1.269014986,0,FALSE
FROG,89.53,1,Actionable Momentum Candidate,Momentum Candidate,Clean,,REGULAR,89.53,,,,89.52999878,100,30,25,20,15,7,15,Stage 2,87.58000183,58.55316696,12.07455968,80.05175986,71.37673212,59.71190954,56.98143988,18.12630463,106.5997477,34.00688827,106.3854232,7.055537766,26.9513505,0.121135444,0.092979154,0.081137319,94.85532938,12.06659089,15.16593934,89.87000275,89.87000275,89.87000275,89.87000275,-0.378328649,0.378328649,FALSE,FALSE,FALSE,4.927857535,5.504141184,2749836,3008880.72,7,3,4,FALSE,2.226532208,0.788018613,1,FALSE
GEF-B,92.42,1,Actionable Momentum Candidate,Momentum Candidate,Clean,lower high and lower low | pullback on above-average volume | 2+ bearish hourly candles,REGULAR,92.42,,,,92.41999817,100,30,21,20,15,10,15,Stage 2,93.19999695,82.82833303,8.797593116,86.19154326,84.29714119,80.80486842,78.94279974,3.745381299,8.908788009,22.84991898,31.27840364,7.055537766,15.79438121,0.125045657,0.113238596,0.111481241,0.989336183,7.277999457,8.576122165,94.20999908,94.20999908,94.20999908,94.20999908,-1.900011605,1.900011605,TRUE,TRUE,FALSE,3.527500698,3.816815373,133696,66767.92,8,5,3,FALSE,-0.836908589,0.533011924,2,FALSE
KTCC,4.2,1,Actionable Momentum Candidate,Momentum Candidate,Clean,,REGULAR,4.2,,,,4.199999809,100,30,25,20,15,3,15,Stage 2,4.130000114,3.005000003,3.955258664,3.773007908,3.477699161,3.160371409,3.142725671,6.444029182,56.13381858,63.42412134,48.40989125,7.055537766,56.36858357,0.005682663,0.004594872,0.004405557,44.99263326,8.808288171,11.40583105,4.21999979,4.21999979,4.21999979,4.21999979,-0.473933221,0.473933221,FALSE,FALSE,FALSE,0.294992873,7.023640144,35841,21604.82,14,5,9,FALSE,1.694907818,0.96153758,0,FALSE
KYIV,15.28,1,Actionable Momentum Candidate,Momentum Candidate,Clean,lower high and lower low,REGULAR,15.28,,,,15.27999973,100,30,21,20,15,10,15,Stage 2,14.75,12.62566671,2.033834166,14.20624973,13.51878123,12.71243265,12.52915726,5.614166437,52.03979545,13.26908816,38.28053818,7.055537766,6.21355039,0.020674071,0.018264452,0.018216055,22.62187858,8.987155735,12.1056464,15.43999958,15.43999958,15.43999958,16.47999954,-1.03626847,7.281552443,TRUE,TRUE,FALSE,0.528214387,3.456900496,368175,612203.5,9,2,7,FALSE,3.593218529,0.131058347,1,FALSE
MOG-B,424.2,1,Actionable Momentum Candidate,Momentum Candidate,Clean,,REGULAR,424.2,,,,424.2000122,100,30,25,20,15,10,15,Stage 2,424.2000122,314.6470016,17.50176159,394.4932176,361.9931268,313.2817821,296.7842087,14.34098363,38.31556583,68.75522952,138.3413993,7.055537766,61.69969176,0.573949041,0.47418685,0.408783816,28.23750408,1.971156781,6.177418871,430.5400085,430.5400085,430.5400085,430.5400085,-1.472568452,1.472568452,FALSE,FALSE,FALSE,11.9564318,2.818583558,62,421.24,11,5,6,FALSE,0,2.88E-06,0,FALSE
MTCH,38.23,1,Actionable Momentum Candidate,Momentum Candidate,Clean,,REGULAR,38.23,,,,38.22999954,100,30,21,20,5,10,15,Stage 2,37.16999817,33.29016647,3.257874009,35.75444266,35.24083935,33.99802664,33.77788788,4.306503339,28.54741034,16.23593874,25.67389693,7.055537766,9.180400974,0.051725768,0.048987128,0.04836994,4.442881305,8.484670038,9.572944142,38.50999832,38.93500137,38.93500137,39.20000076,-0.727080736,2.474492862,FALSE,FALSE,FALSE,1.119499751,2.928327923,2300142,3538376.84,1,4,-3,FALSE,2.851766009,0.157195117,0,FALSE
NTCT,42.39,1,Actionable Momentum Candidate,Momentum Candidate,Clean,,REGULAR,42.39,,,,42.38999939,100,30,25,8,15,10,15,Stage 2,41.59000015,32.43433297,14.49701657,40.67318566,38.6767759,33.5726344,32.02724085,16.43136721,33.05084299,52.04447871,68.61575346,7.055537766,44.98894095,0.057354311,0.052466189,0.044330783,21.6910336,5.055764542,2.341866885,43.79999924,43.79999924,43.79999924,43.79999924,-3.21917779,3.21917779,FALSE,FALSE,FALSE,1.417143141,3.343107244,333576,647117.52,11,5,6,FALSE,1.923537471,0.366991304,0,FALSE
OPRA,19.69,1,Actionable Momentum Candidate,Momentum Candidate,Clean,,REGULAR,19.69,,,,19.69000053,100,30,25,20,11,7,15,Stage 2,18.85000038,15.47766679,6.678767283,18.49019365,17.80698454,16.48187826,16.3245153,7.921616105,45.95997678,35.60606001,5.463312553,7.055537766,28.55052224,0.026640869,0.024649276,0.022668523,9.893187111,5.746507232,8.305831703,19.87999916,19.87999916,19.87999916,21.05999947,-0.955727539,6.505218265,FALSE,FALSE,FALSE,0.819999967,4.164550254,377689,449999.78,4,2,2,FALSE,4.456234141,0.229066303,1,FALSE
PANW,329.28,1,Actionable Momentum Candidate,Momentum Candidate,Clean,,REGULAR,329.28,,,,329.2799988,100,30,25,20,15,10,15,Stage 2,304.2000122,197.601,8.063328027,282.7227299,250.2737392,211.9426787,205.830564,14.92261365,123.9695206,75.87864365,62.73599127,7.055537766,68.82310588,0.445520825,0.326727361,0.287386921,87.22173329,14.97206906,17.75981851,332.6400146,332.6400146,332.6400146,332.6400146,-1.010105736,1.010105736,FALSE,FALSE,FALSE,13.07215009,3.969919261,5661122,8078628.44,14,4,10,FALSE,8.244571192,-0.112238776,1,FALSE
PPLI,45.87,1,Actionable Momentum Candidate,Momentum Candidate,Clean,,REGULAR,45.87,,,,45.86999893,100,30,21,20,10,10,15,Stage 2,44.77000046,40.14333331,8.784607747,42.97350444,42.33973383,40.21889341,39.64858681,5.629883766,18.06949996,15.33819061,24.30893505,7.055537766,8.28265284,0.062062803,0.05847049,0.05532799,0.131025964,10.50349503,7.575045939,46.33000183,46.33000183,46.33000183,46.33000183,-0.992883404,0.992883404,FALSE,FALSE,FALSE,1.347358159,2.937340724,527885,1199677.7,9,6,3,FALSE,2.456999024,-0.043583478,1,FALSE
TBRG,26.175,1,Actionable Momentum Candidate,Momentum Candidate,Clean,,REGULAR,26.175,,,,26.17499924,100,30,21,20,11,10,15,Stage 2,26.20000076,21.83166685,9.494115716,26.03056521,24.91268292,22.67724382,22.2543377,11.45853029,86.03411375,18.65367122,10.81709698,7.055537766,11.59813345,0.03541517,0.034981197,0.03094218,12.28833461,0.248941498,0.210560475,26.21999931,26.51000023,26.51000023,26.51000023,-0.171625009,1.263677816,FALSE,FALSE,FALSE,0.049285344,0.188291672,139705,328998.1,2,0,2,FALSE,-0.095425669,-0.038190678,1,FALSE
XYZ,78.495,1,Actionable Momentum Candidate,Momentum Candidate,Clean,,REGULAR,78.495,,,,78.49500275,100,30,21,20,15,10,15,Stage 2,77.81999969,65.51633339,0.617890658,73.34606643,70.88484844,67.92132235,67.78803435,4.084806646,40.21972738,18.84178519,20.55752113,7.055537766,11.78624743,0.106204928,0.09765401,0.09745324,8.518637821,7.424391781,12.90996337,79.01000214,79.01000214,79.01000214,82.5,-0.651815436,4.854542125,FALSE,FALSE,FALSE,3.069641658,3.910620486,3092114,5912318.28,11,4,7,FALSE,0.867390201,0.815569139,0,FALSE
ZD,52.14,1,Actionable Momentum Candidate,Momentum Candidate,Clean,,REGULAR,52.14,,,,52.13999939,100,30,25,20,11,10,15,Stage 2,50.41999817,40.02733301,9.566867258,46.92107435,45.12784001,41.46573679,40.80615125,7.927785427,25.2161387,47.99886479,66.52826662,7.055537766,40.94332703,0.070546209,0.061716054,0.056037096,6.153656165,15.04854312,12.71076801,52.25,52.25,52.25,52.25,-0.210527484,0.210527484,FALSE,FALSE,FALSE,1.957499368,3.754314136,478636,609996.72,5,4,1,FALSE,3.411347249,1.007362395,0,FALSE
FA,17.9,1,Actionable Momentum Candidate,Momentum Candidate,Clean,,REGULAR,17.9,,,,17.89999962,100,22,21,20,15,7,15,Stage 2,17.81999969,13.5986666,3.42239976,16.40350873,15.2379137,14.18990233,14.2713488,4.795145359,60.53811866,16.84073091,8.947043737,7.055537766,9.785193142,0.024218971,0.020490748,0.019834868,40.67452282,10.97334501,8.550635943,18.07500076,18.07500076,18.07500076,18.54999924,-0.968194396,3.504041214,FALSE,FALSE,FALSE,0.771428926,4.309658894,943326,1501982.52,8,4,4,FALSE,0.448933362,-0.389536436,1,FALSE
PUBM,12.99,1,Actionable Momentum Candidate,Momentum Candidate,Clean,,REGULAR,12.99,,,,12.98999977,100,22,25,20,15,7,15,Stage 2,12.64999962,9.071833356,9.959394774,11.58040023,10.75468837,9.701041551,9.741324561,7.738645817,58.60806394,44.17313475,13.54895321,7.055537766,37.11759699,0.017575666,0.014550027,0.012813385,25.96671788,14.95574825,14.44933334,13.13000011,13.13000011,13.13000011,13.88000011,-1.066263078,6.412106167,FALSE,FALSE,FALSE,0.539357049,4.15209437,348325,682830.5,9,5,4,FALSE,2.687748323,-0.421619815,1,FALSE
CSCO,118.03,1,Actionable Momentum Candidate,Momentum Candidate,Clean,,REGULAR,118.03,,,,118.0199966,98,30,25,8,10,10,15,Stage 2,113.7699966,89.50833308,17.16823968,118.4295231,110.3884428,93.3055582,88.65745048,19.60046416,47.67267186,51.26890761,71.1675154,7.055537766,44.21336985,0.159682843,0.148493727,0.12118202,32.5953364,-2.888177546,-2.543354145,130.3699951,130.3699951,130.3699951,130.3699951,-9.47303746,9.47303746,FALSE,FALSE,TRUE,3.806428092,3.225239959,6549980,25063767.6,12,6,6,FALSE,3.735607036,1.785098061,0,FALSE
ITRN,62.3,1,Actionable Momentum Candidate,Momentum Candidate,Clean,,REGULAR,62.3,,,,62.29999924,98,30,25,8,10,10,15,Stage 2,60.66999817,51.85000038,18.43127104,63.11861335,60.59659079,52.86593725,50.29534361,16.4751024,23.26869432,44.04624101,65.47143881,7.055537766,36.99070324,0.084292843,0.082736855,0.06845411,7.692854309,-2.94438874,-6.061520622,68.30000305,68.30000305,68.30000305,68.30000305,-8.784778253,8.784778253,FALSE,FALSE,TRUE,2.085871015,3.34810761,51018,140274.36,10,6,4,FALSE,2.686667409,1.714284469,0,FALSE
MTLS,7.2021,1,Actionable Momentum Candidate,Momentum Candidate,Clean,,REGULAR,7.2021,,,,7.2020998,97,30,12,20,10,10,15,Stage 2,7.070000172,5.657333342,1.011784195,6.637813253,6.214490191,5.805351838,5.765339878,4.525238463,50.04373987,27.9236173,29.76755951,7.055537766,20.86807953,0.00974455,0.008249607,0.008271372,28.76385763,10.97226586,8.139639116,7.210000038,7.210000038,7.210000038,7.210000038,-0.109573343,0.109573343,FALSE,FALSE,FALSE,0.265214239,3.682457147,75483,141815.66,15,7,8,FALSE,1.868452974,1.438026716,0,FALSE
AMD,532.65,1,Actionable Momentum Candidate,Momentum Candidate,Clean,,REGULAR,532.65,,,,532.6500244,95,30,25,8,10,7,15,Stage 2,521.5800171,298.8796677,37.07875718,508.3225976,445.9242278,328.9239741,299.6224496,50.53358205,163.7011782,147.6981218,270.7196907,7.055537766,140.642584,0.72068355,0.602522199,0.388940651,81.72744292,-3.4407085,4.120651482,562.9899902,562.9899902,562.9899902,562.9899902,-5.38907731,5.38907731,FALSE,TRUE,FALSE,36.88107736,6.924073156,16146203,37778696.06,9,6,3,FALSE,2.122398666,5.061250651,0,FALSE
CERS,2.945,1,Actionable Momentum Candidate,Momentum Candidate,Clean,last 3H selling,REGULAR,2.945,,,,2.944999933,95,30,25,8,10,7,15,Stage 2,2.920000076,2.282333322,17.9906942,2.688370095,2.537756533,2.228340866,2.134158138,14.68897342,65.44943711,42.96116578,116.5441105,7.055537766,35.90562801,0.00398463,0.003431804,0.002957462,39.79275183,13.26923236,15.03906246,3.035000086,3.150000095,3.150000095,3.150000095,-2.965408568,6.507941458,FALSE,FALSE,FALSE,0.162500058,5.517828916,896116,2772560.32,11,6,5,FALSE,0.856159462,-1.008402432,1,FALSE
ACLS,174.08,1,Actionable Momentum Candidate,Momentum Candidate,Clean,lower high and lower low,REGULAR,174.08,,,,174.0800018,92,30,25,4,15,3,15,Stage 2,173.2299957,113.4936673,28.6703327,170.3313359,154.5573388,122.5679088,114.7121831,33.06921363,78.81870011,110.2415404,145.4596818,7.055537766,103.1860026,0.235532879,0.213040111,0.15123101,39.15795769,-5.350150302,-3.353316372,193.7799988,193.7799988,193.7799988,193.7799988,-10.16616631,10.16616631,TRUE,TRUE,FALSE,14.25535692,8.188968736,313992,696429.84,11,4,7,FALSE,0.49068067,3.894249315,0,FALSE
SLAB,219,1,Actionable Momentum Candidate,Momentum Candidate,Clean,,REGULAR,219,,,,219,92,30,12,20,5,10,15,Stage 2,218.4199982,190.487,18.50726656,218.558325,215.4624421,193.076243,183.9501875,13.50404209,6.346820662,62.61973935,47.34575308,7.055537766,55.56420158,0.296310317,0.295973002,0.249975108,-2.059030468,-0.354899801,-0.23233316,220.8999939,220.8999939,220.8999939,220.8999939,-0.860114961,0.860114961,TRUE,FALSE,FALSE,1.876429967,0.856817336,129603,462476.06,0,0,0,FALSE,0.265544289,0.247181758,1,FALSE
HLIT,15.56,1,Actionable Momentum Candidate,Momentum Candidate,Clean,,REGULAR,15.56,,,,15.56000042,91,30,25,4,10,7,15,Stage 2,14.89999962,11.14966672,12.18849607,14.6407112,13.53211536,11.71300267,11.38208347,14.39256703,65.88486386,56.06820464,65.18047021,7.055537766,49.01266688,0.021052916,0.018155976,0.015611116,44.54000243,4.010697727,4.219692576,16.37999916,17.68000031,17.68000031,17.68000031,-5.006097577,11.99094937,FALSE,FALSE,FALSE,0.782785688,5.030756215,1435731,3294870.62,11,7,4,FALSE,4.429535691,3.664225066,0,FALSE
NTAP,154.66,1,Actionable Momentum Candidate,Momentum Candidate,Clean,,REGULAR,154.66,,,,154.6600037,91,30,25,4,10,7,15,Stage 2,152.4499969,116.4079994,8.240865564,155.3866323,141.6616121,122.6092792,119.387096,12.67526944,51.12371428,40.52335734,47.64678154,7.055537766,33.46781958,0.209257327,0.186029225,0.167242604,41.61602067,-2.305599111,-4.300474551,186.5299988,192.8300018,192.8300018,192.8300018,-17.08572097,19.79463663,FALSE,FALSE,TRUE,6.5171378,4.213848213,606673,3210805.46,9,6,3,FALSE,1.449660058,0.343864765,0,FALSE
TIGO,90.96,1,Actionable Momentum Candidate,Momentum Candidate,Clean,2+ bearish hourly candles,REGULAR,90.96,,,,90.95999908,91,30,25,8,6,7,15,Stage 2,89.26000214,71.74466642,20.09619526,87.51189877,84.34309084,72.74868812,68.01477627,19.57307936,20.74870154,68.22637248,152.5263685,7.055537766,61.17083471,0.123070256,0.115445804,0.093846304,5.489215899,6.572935806,-2.996691542,94.73000336,94.73000336,94.73000336,94.73000336,-3.979736239,3.979736239,FALSE,FALSE,FALSE,3.820428031,4.20011881,583401,1805452.02,8,6,2,FALSE,1.904545045,-0.774516307,2,FALSE
CVV,6.99,1,Actionable Momentum Candidate,Momentum Candidate,Clean,,REGULAR,6.99,,,,6.989999771,88,30,25,4,11,3,15,Stage 2,6.519999981,4.799333334,26.30932539,6.719581787,6.247380123,5.149901644,4.855370127,27.85554637,40.36144065,132.9999924,141.8684954,7.055537766,125.9444546,0.009457576,0.008782006,0.006421416,46.16745079,-11.18170429,2.492662686,8.199999809,8.460000038,8.460000038,8.460000038,-14.75609837,17.3758896,FALSE,FALSE,FALSE,0.625,8.941345071,24098,166127.96,2,1,1,FALSE,7.20858576,7.044403469,1,FALSE
RFIL,20.937,1,Actionable Momentum Candidate,Momentum Candidate,Clean,last 3H selling,REGULAR,20.937,,,,20.84499931,88,30,25,8,10,0,15,Stage 2,21.43000031,11.99400007,38.14789221,18.93768796,17.03108798,13.11252753,11.95058702,40.60015833,85.78430318,246.2624482,270.9074686,7.055537766,239.2069104,0.0282036,0.023107674,0.015431671,42.16477694,-3.046514822,11.17332967,22.29999924,22.29999924,22.29999924,22.29999924,-6.524663558,6.524663558,FALSE,FALSE,FALSE,2.250000068,10.79395607,157870,295827.4,10,7,3,FALSE,-2.729822601,-1.356890938,1,FALSE
MPTI,96.1,1,Actionable Momentum Candidate,Momentum Candidate,Clean,,REGULAR,96.1,,,,96.09999847,85,30,25,8,0,7,15,Stage 2,93.52999878,69.17933324,17.77410828,92.08479656,84.53267952,71.18967654,67.44662594,18.00349224,39.21483438,90.52339629,133.026175,7.055537766,83.46785853,0.130024753,0.110916647,0.092309803,39.03255281,0.670437247,-2.545382944,102,102,102,102,-5.784315221,5.784315221,FALSE,FALSE,FALSE,6.259784698,6.513823931,106403,109600.06,6,7,-1,FALSE,2.74778117,0.628270654,0,FALSE
SVCO,12.01,1,Actionable Momentum Candidate,Momentum Candidate,Clean,,REGULAR,12.01,,,,12.00500011,85,30,25,4,11,0,15,Stage 2,11.96000004,6.973666676,38.27494978,11.87835501,10.66942305,8.088399369,7.639953552,40.93005755,73.9855065,176.6128961,137.2529694,7.055537766,169.5573584,0.016242947,0.014864845,0.009284498,35.03585668,-9.053028122,-1.355792611,14.14000034,14.14000034,14.14000034,14.14000034,-15.09901115,15.09901115,FALSE,TRUE,FALSE,1.273285866,10.60629616,212625,542702.5,7,5,2,FALSE,0.376254817,0.797651287,0,FALSE
UHAL-B,58.94,1,Actionable Momentum Candidate,Momentum Candidate,Clean,2+ bearish hourly candles,REGULAR,58.94,,,,58.93999863,85,17,8,20,15,10,15,Stage 2,58.77000046,48.54666659,1.253501876,54.58894136,51.40595084,49.68313066,50.12550662,0.936110425,37.51749367,23.92766385,8.047661688,7.055537766,16.87212608,0.079746711,0.068575036,0.070631111,17.10982919,6.370689025,6.389886288,59.29999924,59.29999924,59.29999924,59.29999924,-0.607083668,0.607083668,FALSE,FALSE,FALSE,1.475950514,2.504157699,179399,454000.02,12,4,8,FALSE,0.289260112,-0.169380568,2,FALSE
BWEN,4.66,2,Watchlist Candidate,Watchlist Candidate,Clean,,REGULAR,4.66,,,,4.659999847,84,30,25,4,10,0,15,Stage 2,4.340000153,2.996333337,17.01379873,4.312130307,3.734761049,3.061466244,2.916161618,19.6767017,136.5482122,47.93649861,145.2631529,7.055537766,40.88096085,0.00630505,0.00480846,0.004052361,97.50006494,-7.539684867,11.48325452,5.400000095,5.400000095,5.400000095,5.400000095,-13.70370805,13.70370805,FALSE,FALSE,FALSE,0.522614309,11.2148997,202447,1037286.94,12,6,6,FALSE,7.373264598,7.641136294,0,FALSE
NBIS,258.69,2,Watchlist Candidate,Watchlist Candidate,Clean,,REGULAR,258.69,,,,258.6900024,84,30,25,4,10,0,15,Stage 2,240.3000031,139.1870008,32.82554181,248.1858366,215.2084031,156.3976142,140.5054976,53.16845557,156.585998,183.8692091,391.8061026,7.055537766,176.8136713,0.350011491,0.284971454,0.186880016,48.53578019,-8.786708578,11.33155524,299.8599854,299.8599854,299.8599854,299.8599854,-13.72973552,13.72973552,FALSE,FALSE,FALSE,27.00585502,10.43946606,9877798,17380999.96,10,6,4,FALSE,7.652933482,3.579998228,0,FALSE
WDC,648.71,2,Watchlist Candidate,Watchlist Candidate,Clean,,REGULAR,648.71,,,,648.710022,84,30,25,4,10,0,15,Stage 2,586.4500122,341.6926646,59.83926867,612.4790754,527.948828,372.2263213,327.0102794,67.02523617,135.6032653,261.2775845,921.4297577,7.055537766,254.2220468,0.877714485,0.701356045,0.40273091,70.27208867,-11.45341019,15.23813448,799.8699951,799.8699951,799.8699951,799.8699951,-18.89806769,18.89806769,FALSE,FALSE,FALSE,67.14355905,10.35031937,7213164,8548793.28,11,6,5,FALSE,10.61642228,4.028286861,0,FALSE
IDT,57.91,2,Watchlist Candidate,Watchlist Candidate,Clean,,REGULAR,57.91,,,,57.90999985,84,25,8,16,10,10,15,Stage 2,57.34000015,51.19566663,2.013882209,54.98508755,53.60899003,52.41682916,52.3419618,1.694123415,22.12147213,12.70922274,-13.81158246,7.055537766,5.653684974,0.078353107,0.072772348,0.074986766,7.230814041,10.76893879,6.004024739,58.43999863,58.43999863,58.43999863,71.12000275,-0.906911006,18.57424408,FALSE,FALSE,FALSE,1.959285464,3.383328387,89993,175477.86,12,6,6,FALSE,0.994069922,1.294388144,0,FALSE
CRDO,245.795,2,Watchlist Candidate,Watchlist Candidate,Clean,lower high and lower low,REGULAR,245.795,,,,245.7949982,80,30,25,0,10,0,15,Stage 2,238,158.5694997,15.24923336,245.7887659,214.4553651,169.6500116,157.9196073,31.77460532,158.0795923,63.65603181,158.5954658,7.055537766,56.60049404,0.332564355,0.288385731,0.226121861,46.82382637,-18.75082405,-1.999521326,308.6700134,308.6700134,308.6700134,308.6700134,-20.36965449,20.36965449,TRUE,TRUE,FALSE,29.65913718,12.06661543,6054490,8581069.8,15,7,8,FALSE,3.275209315,6.11535336,0,FALSE
QXL,5.64,2,Watchlist Candidate,Watchlist Candidate,Clean,,REGULAR,5.64,,,,5.639999866,80,30,25,0,10,0,15,Stage 2,5.690000057,2.604723326,24.63526611,5.289543542,4.335305293,3.28040658,3.218158018,27.49903174,187.7550896,408.1080895,76.80250048,7.055537766,401.0525518,0.007631005,0.005611198,0.003761609,136.9190687,-17.66423438,21.68283901,7.699999809,7.699999809,7.699999809,7.699999809,-26.75324667,26.75324667,FALSE,FALSE,FALSE,0.799178498,14.16983186,42368,119949.36,12,6,6,FALSE,-0.878737965,2.545452118,1,FALSE
FATN,6.455,2,Watchlist Candidate,Watchlist Candidate,Clean,,REGULAR,6.455,,,,6.454999924,80,22,25,0,15,3,15,Stage 2,6.039999962,2.980000015,6.188384335,5.744768035,4.864411905,4.073739927,4.395205641,6.34490568,177.0386324,164.549171,-15.62091708,7.055537766,157.4936332,0.008733713,0.006217988,0.004993401,187.7040498,13.64436829,6.694210251,8.387999535,8.607000351,8.607000351,10.89999962,-23.04482258,40.77981514,FALSE,FALSE,FALSE,0.635714293,9.84840124,144877,1428713.54,4,0,4,FALSE,6.870860339,5.15597783,0,FALSE
UIS,3.63,2,Watchlist Candidate,Watchlist Candidate,Clean,,REGULAR,3.63,,,,3.630000114,79,22,25,0,10,7,15,Stage 2,3.589999914,2.827000006,1.193175324,3.654069089,3.382498089,3.134633158,3.232361677,3.551191579,79.70297766,29.18150137,-21.25813429,7.055537766,22.1259636,0.004911445,0.004535403,0.004334407,40.08798398,4.310347544,-5.714280406,4.980000019,4.980000019,4.980000019,4.980000019,-27.10843172,27.10843172,FALSE,FALSE,TRUE,0.229285734,6.316411207,834094,948141.88,11,7,4,FALSE,1.114211733,-0.954975383,1,FALSE
DOCN,148.04,2,Watchlist Candidate,Watchlist Candidate,Clean,below EMA20 with deep 20D-high pullback,REGULAR,148.04,,,,148.0399933,78,30,25,0,5,3,15,Stage 2,139.2799988,91.00199979,64.37529701,159.1299513,144.6473575,102.7452153,91.37390018,69.44082653,81.82264384,201.0778906,430.9899489,7.055537766,194.0223528,0.200300353,0.198053048,0.109398608,58.93106393,-10.94803393,-13.14246001,187.5,187.5,187.5,187.5,-21.04533691,21.04533691,FALSE,FALSE,TRUE,13.88157,9.376905315,2544327,3670898.54,4,4,0,FALSE,6.289484911,3.351010618,0,FALSE
FIRY,10.3,2,Watchlist Candidate,Watchlist Candidate,Clean,,REGULAR,10.3,,,,10.30000019,78,30,25,0,5,3,15,Stage 2,9.520000458,5.293666681,10.12412517,8.795835303,7.687956435,6.194996122,6.058112657,25.61007202,330.9623322,117.2995926,51.24816854,7.055537766,110.2440548,0.013936056,0.01058442,0.008188192,152.0199116,21.31920457,19.35110144,10.36999989,20,20,20,-0.675021173,48.49999905,FALSE,FALSE,FALSE,0.862499884,8.373785128,103650,1553507,3,4,-1,FALSE,8.193274112,3.466638642,1,FALSE
INGM,27.8,2,Watchlist Candidate,Watchlist Candidate,Clean,2+ bearish hourly candles,REGULAR,27.8,,,,27.79999924,78,30,8,4,11,10,15,Stage 2,27.53000069,24.35866655,10.07908479,28.3457616,27.73774563,25.22540638,24.50504851,11.3743385,24.66367797,24.99999786,33.91136286,7.055537766,17.94446009,0.03761382,0.038646418,0.034083033,-10.50487576,-1.801484417,-6.554624413,31.69000053,31.69000053,31.69000053,31.69000053,-12.27516955,12.27516955,FALSE,FALSE,TRUE,1.08457143,3.901336185,525943,1585796.86,5,3,2,FALSE,0.980742985,-0.358424311,2,FALSE
TSEM,252.67,2,Watchlist Candidate,Watchlist Candidate,Clean,below EMA20 with deep 20D-high pullback,REGULAR,252.67,,,,252.6699982,78,30,25,0,5,3,15,Stage 2,249.9100037,176.8579997,44.93983306,265.0019875,244.9307274,185.8239594,166.52893,48.39306485,46.96952121,106.3117463,476.872152,7.055537766,99.2562085,0.341866334,0.33580597,0.213634256,11.6991492,-20.25564358,-3.89852987,319.9400024,319.9400024,319.9400024,319.9400024,-21.02581852,21.02581852,FALSE,TRUE,TRUE,24.66714587,9.762593915,945380,2259753.6,4,5,-1,FALSE,1.104395369,3.443054062,0,FALSE
CREX,3.95,2,Watchlist Candidate,Watchlist Candidate,Clean,lower high and lower low | pullback on above-average volume | daily distribution,REGULAR,3.95,,,,3.950000048,75,30,12,4,7,7,15,Stage 2,4.099999905,3.467999999,11.57104496,3.866530214,3.778997553,3.480204707,3.377277856,9.1164216,19.33535094,48.4962376,17.91045254,7.055537766,41.44069984,0.00534441,0.005185488,0.004658504,-0.001106706,0,9.418287049,4.139999866,4.420000076,4.420000076,4.420000076,-4.589367752,10.63348463,TRUE,TRUE,FALSE,0.215714301,5.461121488,155530,36356.6,11,5,6,TRUE,-3.658533181,6.325710335,0,FALSE
CW,743.94,2,Watchlist Candidate,Watchlist Candidate,Clean,below EMA20 with early 20D-high pullback | lower high and lower low | last 3H selling,REGULAR,743.94,,,,743.9400024,75,30,12,8,0,10,15,Stage 2,747.2700195,676.3373372,9.830562572,752.3307252,735.9823126,675.1960216,645.5539439,10.22568934,12.11344945,31.00071902,54.09503383,7.055537766,23.94518126,1.00656209,1.001137405,0.926043223,-1.906368295,-5.08790341,-1.854880944,800,800,800,800,-7.007499695,7.007499695,TRUE,TRUE,TRUE,26.76713344,3.598023141,147863,277489.26,3,6,-3,FALSE,-0.44562434,-1.198598088,1,FALSE
AKO-B,30.98,2,Watchlist Candidate,Watchlist Candidate,Clean,,REGULAR,30.98,,,,30.97999954,73,30,8,8,5,7,15,Stage 2,29.14999962,28.49733315,4.136620696,29.18425078,28.77823366,27.99750366,27.46350165,3.27469113,23.62330488,13.47985497,21.49019428,7.055537766,6.424317209,0.041916409,0.039185823,0.039991128,-2.676814077,3.439060945,6.753959523,30.97999954,31.98999977,33.34999847,33.86000061,0,8.505614342,FALSE,FALSE,FALSE,1.251428468,4.039472196,3824,5902.48,3,3,0,FALSE,6.277872891,3.301099629,0,FALSE
ATNI,27.58,2,Watchlist Candidate,Watchlist Candidate,Clean,lower high and lower low,REGULAR,27.58,,,,27.57999992,73,30,8,8,5,7,15,Stage 2,27.03000069,25.66366666,15.47552955,26.86875483,26.91926056,25.08974706,24.24946895,8.551869668,-0.898311177,23.12500176,71.30434329,7.055537766,16.06946399,0.037316158,0.037110531,0.033303782,-7.250249504,5.670496248,-2.784634798,28.92000008,29.46999931,30.45000076,30.45000076,-4.633472161,9.425289876,TRUE,TRUE,FALSE,1.184285709,4.294001857,30044,72426.88,5,5,0,FALSE,2.0347733,3.025773075,0,FALSE
SAIH,11.98,2,Watchlist Candidate,Watchlist Candidate,Clean,,REGULAR,11.98,,,,11.97999954,73,30,21,0,0,7,15,Stage 2,11.63000011,9.320033312,12.50281681,11.7269745,11.12280205,9.788496569,9.579035428,14.11794163,70.89870401,23.88830866,65.241373,7.055537766,16.8327709,0.016209121,0.015446923,0.013098185,8.627421101,-0.166670481,6.964283449,13,13,13,15.40999985,-7.846157367,22.25827605,FALSE,FALSE,FALSE,0.742142814,6.19484843,753,2367.06,4,6,-2,FALSE,3.009453348,3.009454361,0,FALSE
IPGP,108.3,2,Watchlist Candidate,Watchlist Candidate,Clean,below EMA20 with deep 20D-high pullback,REGULAR,108.3,,,,108.3000031,71,22,12,0,15,7,15,Stage 2,107.1900024,107.1590004,10.70411488,112.1273352,113.2989115,106.502377,102.5699,7.390730836,-6.395846233,44.99932991,57.32133761,7.055537766,37.94379215,0.146531544,0.15474642,0.144417781,-14.82452137,-8.220336397,-5.538594322,135,135,155.8200073,155.8200073,-19.77777552,30.4967283,FALSE,TRUE,TRUE,7.172279358,6.622603099,344648,568944.96,7,4,3,FALSE,1.035544906,6.17647358,0,FALSE
ALOT,28.47,3,Downgraded - Wait,Watchlist Candidate,Wait - Last Hour Bearish,2+ bearish hourly candles | last 1H bearish,REGULAR,28.47,,,,28.46999931,100,30,25,20,15,7,15,Stage 2,28.46999931,11.97933324,30.04523155,22.65689819,18.02759492,13.47389764,12.74455138,31.54607628,199.6842033,249.7542766,206.7887945,7.055537766,242.6987388,0.03852034,0.022956434,0.015928655,109.8461232,0.175929757,67.76664977,28.68000031,28.68000031,28.68000031,28.68000031,-0.732221024,0.732221024,FALSE,FALSE,FALSE,1.330714294,4.674093172,50752,132323.04,13,3,10,FALSE,0,0.03513784,2,TRUE
BELFA,269.36,3,Downgraded - Wait,Watchlist Candidate,Wait - Last Hour Bearish,last 1H bearish,REGULAR,269.36,,,,269.3599854,100,30,25,14,10,7,15,Stage 2,265.8500061,207.6946655,25.7310284,257.993051,245.6263526,207.8540156,193.1520861,23.75440378,41.28507421,71.55594852,218.4300709,7.055537766,64.50041076,0.36444814,0.339267586,0.264039959,15.328858,-0.428805156,3.076679092,274.8999939,276.2099915,276.2099915,276.2099915,-2.015281436,2.47999939,FALSE,FALSE,FALSE,16.68499756,6.194311875,186088,131399.76,15,7,8,FALSE,1.320285562,3.15958809,1,TRUE
BTX,8.845,3,Downgraded - Wait,Watchlist Candidate,Wait - Last Hour Bearish,below EMA20 with early 20D-high pullback | lower high and lower low | last 1H bearish,REGULAR,8.845,,,,8.845000267,100,30,25,8,15,10,15,Stage 2,8.75,7.347666693,9.628487627,8.944047158,8.529867481,7.685439562,7.526223397,10.60929528,37.77258819,31.81818505,18.88441128,7.055537766,24.76264728,0.011967419,0.011648002,0.01036491,15.18599675,-6.104031896,-2.048720614,9.43500042,9.43500042,9.43500042,9.43500042,-6.253313475,6.253313475,TRUE,TRUE,TRUE,0.322571482,3.646935808,332381,761169.62,11,3,8,FALSE,1.085717337,0.62571451,1,TRUE
FTNT,156.28,3,Downgraded - Wait,Watchlist Candidate,Wait - Last Hour Bearish,2+ bearish hourly candles | last 1H bearish,REGULAR,156.28,,,,156.2799988,100,30,25,20,15,10,15,Stage 2,151.3500061,96.26299896,17.67517451,143.8055822,127.360401,104.386285,100.4265395,19.62057673,99.84655355,92.51046833,50.47178689,7.055537766,85.45493057,0.211449205,0.166059032,0.132365921,80.05514675,7.490198387,6.821596391,159.0429993,159.0429993,159.0429993,159.0429993,-1.737266337,1.737266337,FALSE,FALSE,FALSE,6.185930525,3.958235585,2911597,6408373.94,8,5,3,FALSE,3.257345541,-0.692632885,2,TRUE
LRCX,409.48,3,Downgraded - Wait,Watchlist Candidate,Wait - Last Hour Bearish,last 1H bearish,REGULAR,409.48,,,,409.480011,100,30,25,20,10,3,15,Stage 2,379.0899963,248.6236674,29.5790039,363.683133,323.3314985,255.0794221,233.430102,31.5107683,93.68998812,130.9141187,322.8418282,7.055537766,123.858581,0.554032657,0.4256218,0.313691344,48.96633646,-0.014649987,11.63272913,414.980011,414.980011,414.980011,414.980011,-1.325365043,1.325365043,FALSE,FALSE,FALSE,29.96286011,7.317294936,7570460,10735885.2,12,7,5,FALSE,8.016569929,4.715630636,1,TRUE
MOG-A,422,3,Downgraded - Wait,Watchlist Candidate,Wait - Last Hour Bearish,2+ bearish hourly candles | last 1H bearish,REGULAR,422,,,,422,100,30,25,20,15,10,15,Stage 2,425.3599854,311.7699972,17.94146189,392.8891877,360.6909222,311.1845864,294.7254087,14.61966248,46.32961565,67.02949147,129.6348643,7.055537766,59.9739537,0.570972391,0.47165858,0.405421587,27.60494446,4.636750006,6.808401286,426.0394897,426.0394897,426.0394897,426.0394897,-0.948149137,0.948149137,FALSE,FALSE,FALSE,16.19068037,3.836654116,113250,305711,7,1,6,FALSE,-0.789915711,-0.108884028,2,TRUE
OKTA,130.84,3,Downgraded - Wait,Watchlist Candidate,Wait - Last Hour Bearish,last 1H bearish,REGULAR,130.84,,,,130.8399963,100,30,25,8,15,7,15,Stage 2,124.2799988,88.47566732,5.611901169,116.2131839,103.691264,92.46745692,91.5465003,6.858584563,78.66993082,48.02579165,33.33333333,7.055537766,40.97025389,0.177028497,0.132969796,0.127350993,72.49521805,12.85146937,12.51181985,142.3500061,142.3500061,142.3500061,142.3500061,-8.085710764,8.085710764,FALSE,FALSE,FALSE,6.316570282,4.827705945,1654143,3941706.86,8,3,5,FALSE,5.278401692,0.917857692,1,TRUE
PAYS,8.245,3,Downgraded - Wait,Watchlist Candidate,Wait - Last Hour Bearish,2+ bearish hourly candles | last 1H bearish,REGULAR,8.245,,,,8.244999886,100,30,25,20,11,7,15,Stage 2,8.170000076,5.341666659,9.370733332,7.330976814,6.718786918,5.763024847,5.549678449,17.78250216,46.708186,53.8246209,20.71742281,7.055537766,46.76908313,0.01115561,0.009221472,0.007754162,34.03158579,12.32969638,17.95422254,8.380000114,8.380000114,8.380000114,8.880000114,-1.61098123,7.150903386,FALSE,FALSE,FALSE,0.389642852,4.725807848,365728,741760.56,4,2,2,FALSE,0.917990313,0.182264206,2,TRUE
RAMP,37.5001,3,Downgraded - Wait,Watchlist Candidate,Wait - Last Hour Bearish,2+ bearish hourly candles | last 1H bearish,REGULAR,37.5001,,,,37.50009918,100,30,21,20,11,10,15,Stage 2,37.70000076,29.55466658,7.564085528,37.1120208,34.68557864,31.03523502,30.46022274,9.831115919,45.80132264,25.79704748,14.50411964,7.055537766,18.74150971,0.050738202,0.046435147,0.042046766,26.15509007,-0.292213311,-0.318712794,37.91999817,37.91999817,37.91999817,37.91999817,-1.107328605,1.107328605,FALSE,FALSE,FALSE,0.221072333,0.589524663,359196,1747789.92,1,0,1,FALSE,-0.530242909,-0.119587133,3,TRUE
GE,373.4835,3,Downgraded - Wait,Watchlist Candidate,Wait - Last Hour Bearish,last 1H bearish,REGULAR,373.4835,,,,373.48349,98,30,8,20,15,10,15,Stage 2,369,311.6160014,1.873468727,345.9735921,326.0630255,308.4085203,300.6235038,3.892266558,32.06162908,17.91112549,48.79820318,7.055537766,10.85558772,0.505328818,0.427366935,0.44607607,18.86720809,5.171067562,11.38786269,379.6700134,379.6700134,379.6700134,379.6700134,-1.629447472,1.629447472,FALSE,FALSE,FALSE,10.91571699,2.922677248,1615381,5886891.62,8,4,4,FALSE,1.215037938,-0.122081737,1,TRUE
SKYT,35.425,3,Downgraded - Wait,Watchlist Candidate,Wait - Last Hour Bearish,below EMA20 with deep 20D-high pullback | last 1H bearish,REGULAR,35.425,,,,35.42499924,96,30,25,4,15,7,15,Stage 2,34.91999817,29.65933336,26.12673934,35.99147659,34.82897602,29.37667111,27.07495,24.99886344,31.20370088,98.12640324,238.9952142,7.055537766,91.07086548,0.04793056,0.047901772,0.037278464,3.384436046,-5.103140907,-3.236824238,39.93000031,39.93000031,39.93000031,39.93000031,-11.28224652,11.28224652,FALSE,FALSE,TRUE,1.859643119,5.249521973,329964,1032609.28,7,3,4,FALSE,1.446165792,0.897176364,1,TRUE
CRWD,746.36,3,Downgraded - Wait,Watchlist Candidate,Wait - Last Hour Bearish,2+ bearish hourly candles | last 1H bearish,REGULAR,746.36,,,,746.3599854,95,30,25,8,10,7,15,Stage 2,701.0900269,494.9418365,7.70895043,679.8423138,616.171192,526.0422646,507.4461357,15.76741039,101.9481607,56.43352859,47.72969866,7.055537766,49.37799083,1.009836364,0.814808939,0.717622312,69.43130926,10.49981977,9.308728573,785.6599731,785.6599731,785.6599731,785.6599731,-5.002162403,5.002162403,FALSE,FALSE,FALSE,33.28106689,4.459117255,2902305,3242404.1,9,6,3,FALSE,6.457082081,-0.794858879,3,TRUE
ROKU,136.345,3,Downgraded - Wait,Watchlist Candidate,Wait - Last Hour Bearish,last 1H bearish,REGULAR,136.345,,,,136.3450012,95,30,21,8,11,10,15,Stage 2,135.3999939,109.7750003,10.13993065,132.2469039,124.9938128,111.4532546,107.4444177,13.2727397,56.44865041,23.18847203,57.62427887,7.055537766,16.13293427,0.184476852,0.171361493,0.153258548,15.70574737,0.84689667,-5.091885184,148.8800049,148.8800049,148.8800049,148.8800049,-8.419534693,8.419534693,FALSE,FALSE,FALSE,5.434502193,3.985846305,1881667,4631689.34,5,4,1,FALSE,0.697937494,0,1,TRUE
OOMA,19.1,3,Downgraded - Wait,Watchlist Candidate,Wait - Last Hour Bearish,2+ bearish hourly candles | last 1H bearish,REGULAR,19.1,,,,19.10000038,91,30,25,4,10,7,15,Stage 2,18.45000076,14.39233325,17.80900374,17.8369776,17.23535346,15.14160409,14.59064349,16.29909086,36.42857415,65.2249108,53.66049809,7.055537766,58.16937303,0.02584259,0.024074453,0.019573029,21.28903738,10.40463135,8.831915737,19.30200005,21.95999908,21.95999908,21.95999908,-1.046521935,13.02367405,FALSE,FALSE,FALSE,0.788214411,4.126776939,260079,335985.58,13,7,6,FALSE,3.523033017,0.526317797,2,TRUE
PLXS,287.99,3,Downgraded - Wait,Watchlist Candidate,Wait - Last Hour Bearish,lower high and lower low | last 1H bearish,REGULAR,287.99,,,,287.9899902,91,30,25,8,6,7,15,Stage 2,287.4400024,215.0013331,25.57608838,285.8585603,267.7950214,223.3002979,209.695418,23.74699295,44.59506596,87.00648717,111.5240567,7.055537766,79.9509494,0.389654818,0.366299757,0.279039351,22.66923163,-5.210327401,-2.382888971,307.0599976,307.0599976,307.0599976,307.0599976,-6.210515038,6.210515038,TRUE,TRUE,FALSE,13.0942797,4.546782924,181669,331603.38,8,6,2,FALSE,0.191340032,1.999323165,1,TRUE
XPER,8.16,3,Downgraded - Wait,Watchlist Candidate,Wait - Last Hour Bearish,2+ bearish hourly candles | last 1H bearish,REGULAR,8.16,,,,8.159999847,91,30,25,8,6,7,15,Stage 2,8.069999695,6.443999942,6.718188893,7.81063848,7.43743565,6.82723008,6.814026079,7.586088503,47.55876199,38.07106697,2.383940555,7.055537766,31.01552921,0.011040603,0.01019506,0.009261449,21.04295866,2.383940555,5.836573373,8.31000042,8.494999886,8.494999886,8.494999886,-1.805060946,3.943496676,FALSE,FALSE,FALSE,0.330999953,4.056372054,215125,497064.5,8,6,2,FALSE,1.115243569,-0.609015719,2,TRUE
NEXN,8.98,3,Downgraded - Wait,Watchlist Candidate,Wait - Last Hour Bearish,2+ bearish hourly candles | last 1H bearish,REGULAR,8.98,,,,8.979999542,90,22,25,6,15,7,15,Stage 2,8.659999847,7.075666618,1.172488962,8.535024031,8.116303529,7.681504185,7.73243592,3.616726806,38.15383911,34.83483105,-12.81554004,7.055537766,27.77929328,0.012150075,0.010986251,0.010701061,15.20569538,6.021242729,4.662000257,9.199999809,9.199999809,9.199999809,11.58500004,-2.3913073,22.48597745,FALSE,FALSE,FALSE,0.366785526,4.084471548,185702,302078.04,8,4,4,FALSE,3.695146657,-0.553711985,2,TRUE
OSS,16.04,3,Downgraded - Wait,Watchlist Candidate,Wait - Last Hour Bearish,below EMA20 with deep 20D-high pullback | last 1H bearish,REGULAR,16.04,,,,16.04000092,88,30,25,0,15,3,15,Stage 2,16.23999977,10.91599997,45.90331893,16.8149141,15.2369972,11.48987714,10.38555981,45.95504776,109.2628962,121.8534007,314.4703202,7.055537766,114.797863,0.021702364,0.020420669,0.013399644,56.02131047,-11.8196787,-3.663655958,20.87999916,20.87999916,20.87999916,20.87999916,-23.18006916,23.18006916,FALSE,TRUE,TRUE,1.549307414,9.65902323,750819,1816140.38,8,3,5,FALSE,-1.231520064,3.084836009,1,TRUE
STX,966.56,3,Downgraded - Wait,Watchlist Candidate,Wait - Last Hour Bearish,lower high and lower low | last 1H bearish,REGULAR,966.56,,,,967.1300049,87,30,25,4,10,3,15,Stage 2,899.9000244,527.8449972,59.07394494,950.1229709,827.0628975,582.7980002,514.4083857,69.14114069,154.4610167,239.022695,587.41914,7.055537766,231.9671573,1.308541544,1.111516815,0.634688026,72.6464769,-11.60012702,3.876313339,1145,1145,1145,1145,-15.53449739,15.53449739,TRUE,TRUE,FALSE,88.9650007,9.198866776,3529898,4380375.96,13,6,7,FALSE,7.470827719,5.406881082,1,TRUE
NET,246.77,3,Downgraded - Wait,Watchlist Candidate,Wait - Last Hour Bearish,2+ bearish hourly candles | last 1H bearish,REGULAR,246.77,,,,246.7700043,83,30,21,4,6,7,15,Stage 2,237.2400055,201.8500015,0.969594794,231.3485514,223.9810669,209.2303494,203.4420698,7.20528299,21.54960057,21.76551851,29.22601361,7.055537766,14.70998074,0.333883553,0.303358307,0.301098807,18.69121448,13.00027418,8.00508092,276.8150024,276.8150024,276.8150024,276.8150024,-10.85381858,10.85381858,FALSE,FALSE,FALSE,12.90570722,5.229852494,2084775,4145403.5,7,6,1,FALSE,4.017028561,0.677248443,2,TRUE
IHS,8.195,3,Downgraded - Wait,Watchlist Candidate,Wait - Last Hour Bearish,lower high and lower low | 2+ bearish hourly candles | last 1H bearish,REGULAR,8.195,,,,8.194999695,74,22,8,8,11,10,15,Stage 2,8.239999771,8.011000013,7.285388886,8.239454852,8.233719034,7.858748195,7.597166944,5.956863224,-0.1827082,13.03447855,50.36697214,7.055537766,5.978940783,0.011087959,0.011234007,0.011070117,-5.697250848,1.172830974,-1.973683835,8.359999657,8.404999733,8.737999916,8.949999809,-1.973683835,8.435755648,TRUE,TRUE,TRUE,0.086778368,1.058918505,203119,1239532.38,1,0,1,FALSE,-0.546117446,-0.243462658,3,TRUE
MEI,19.1701,3,Downgraded - Wait,Watchlist Candidate,Wait - Intraday Selling,last 3H selling | 2+ bearish hourly candles | last 1H bearish,REGULAR,19.1701,,,,19.19000053,96,30,25,8,15,3,15,Stage 2,19.15999985,8.616666667,20.95264871,13.82084556,11.5584423,9.266315315,8.987106985,20.35282458,243.9068243,177.7134726,105.0213807,7.055537766,170.6579349,0.025964361,0.01491532,0.01173009,158.0474963,37.661414,59.65058073,20.37870026,20.37870026,20.37870026,20.37870026,-5.83304974,5.83304974,FALSE,FALSE,FALSE,1.611978667,8.400097041,744796,1003553.92,10,3,7,FALSE,0.156579785,-1.286008195,2,TRUE
CDNS,374.97,3,Downgraded - Wait,Watchlist Candidate,Wait - Intraday Selling,below EMA20 with deep 20D-high pullback | last 3H selling | 2+ bearish hourly candles | last 1H bearish,REGULAR,374.97,,,,374.9700012,92,30,21,4,15,7,15,Stage 2,377.269989,323.2733327,3.982185382,379.9124631,363.3271032,335.7605822,330.4339746,7.774703201,37.97329226,18.00415084,23.47130238,7.055537766,10.94861307,0.507340091,0.494987889,0.472934419,15.96958701,-3.616596498,-2.595072334,416.6900024,416.6900024,416.6900024,416.6900024,-10.01223955,10.01223955,FALSE,FALSE,TRUE,15.38125174,4.101995278,894288,2541555.76,8,4,4,FALSE,-0.609639743,-1.313293596,2,TRUE
NTWK,4.6,3,Downgraded - Wait,Watchlist Candidate,Wait - Intraday Selling,last 3H selling | 2+ bearish hourly candles,REGULAR,4.6,,,,4.599999905,87,30,25,0,10,7,15,Stage 2,4.559999943,3.577666648,1.522890562,4.438584422,4.204495633,3.820304846,3.728776273,8.987043738,39.8176279,53.33333015,57.53423919,7.055537766,46.27779239,0.00622387,0.005640788,0.005433227,23.71218609,7.476628017,1.769909824,4.820000172,4.820000172,4.820000172,5.75,-4.56432073,20.00000166,TRUE,FALSE,FALSE,0.255714348,5.559007689,21847,39784.94,10,6,4,FALSE,0.877192157,-1.287552462,2,FALSE
ESE,342.22,3,Downgraded - Wait,Watchlist Candidate,Wait - Intraday Selling,lower high and lower low | last 3H selling | 2+ bearish hourly candles | last 1H bearish,REGULAR,342.22,,,,342.2200012,85,30,25,8,0,7,15,Stage 2,339.8800049,268.5300003,13.76172397,327.7796167,312.7890693,277.0870553,263.148792,14.60292824,22.55845996,69.49975808,76.94017618,7.055537766,62.44422032,0.463028845,0.427536427,0.367019391,8.361283023,-3.056572971,9.077583946,362.1499939,362.1499939,362.1499939,362.1499939,-5.503242582,5.503242582,TRUE,TRUE,FALSE,13.695561,4.001975616,152767,306577.34,6,7,-1,FALSE,0.688477199,-1.371839765,2,TRUE
YOU,55.75,3,Downgraded - Wait,Watchlist Candidate,Wait - Intraday Selling,last 3H selling | 2+ bearish hourly candles,REGULAR,55.75,,,,55.75,74,30,12,4,6,7,15,Stage 2,55.16999817,45.32099978,19.01731484,53.86180528,53.63400778,47.09773967,44.52156169,19.03617006,17.51686681,54.00552162,104.2124599,7.055537766,46.94998385,0.075430594,0.07576131,0.060958395,1.684206682,7.294074254,10.94527363,58.01800156,62.72999954,62.72999954,62.72999954,-3.909134227,11.1270518,FALSE,FALSE,FALSE,2.231142862,4.002049976,865818,1542654.36,8,7,1,FALSE,1.051299348,-1.692821548,2,FALSE
ARW,214.22,3,Downgraded - Wait,Watchlist Candidate,Wait - Daily Pullback Risk,below EMA20 with deep 20D-high pullback | lower high and lower low | 2+ bearish hourly candles | last 1H bearish,REGULAR,214.22,,,,214.2200012,100,30,25,8,15,10,15,Stage 2,215.1499939,160.2213341,24.9646418,221.5014407,206.8406545,171.2076314,161.9174722,24.19345428,53.41974771,90.38393851,66.994078,7.055537766,83.32840074,0.289842906,0.283045497,0.212012606,18.34914456,-8.77656196,-5.53840622,237.3300018,237.3300018,237.3300018,237.3300018,-9.737496495,9.737496495,TRUE,TRUE,TRUE,7.998214722,3.733645167,223119,706844.38,12,5,7,FALSE,-0.432253173,0.112162584,2,TRUE
AVT,87.54,3,Downgraded - Wait,Watchlist Candidate,Wait - Daily Pullback Risk,below EMA20 with deep 20D-high pullback | lower high and lower low,REGULAR,87.54,,,,87.54000092,98,30,25,8,10,10,15,Stage 2,86.37000275,67.38466619,21.73478414,88.46585033,83.74645221,71.17355594,67.7380817,20.48133339,46.55952049,77.85452813,66.14158891,7.055537766,70.79899036,0.118442947,0.115395461,0.089866545,14.94698691,-5.310974792,-3.366812612,95.26000214,95.26000214,95.26000214,95.26000214,-8.104137148,8.104137148,TRUE,TRUE,TRUE,3.206428528,3.662815278,278480,1459943.6,13,7,6,FALSE,1.354634864,1.237423013,1,FALSE
GFS,80.845,3,Downgraded - Wait,Watchlist Candidate,Wait - Daily Pullback Risk,below EMA20 with deep 20D-high pullback | lower high and lower low,REGULAR,80.845,,,,80.84500122,96,30,25,4,15,7,15,Stage 2,79.77999878,54.02766698,34.21022115,81.19672463,74.00337203,58.39529095,54.65459495,33.40910411,88.27434515,126.1398636,108.5246331,7.055537766,119.0843258,0.109384511,0.101385101,0.069322826,52.31342335,-9.841638372,-0.65740483,90.77999878,92.55000305,92.55000305,92.55000305,-10.944038,12.64721928,TRUE,TRUE,TRUE,5.431786128,6.718765596,1443998,5133183.96,13,4,9,FALSE,1.334924113,3.534612497,0,FALSE
SNX,266.265,3,Downgraded - Wait,Watchlist Candidate,Wait - Daily Pullback Risk,below EMA20 with deep 20D-high pullback | lower high and lower low | last 1H bearish,REGULAR,266.265,,,,266.2650146,96,30,25,4,15,7,15,Stage 2,266.269989,192.7039988,20.50627732,271.71963,249.5824452,205.1954343,193.4570346,24.81878153,69.46602783,73.91574398,94.35402529,7.055537766,66.86020621,0.360260597,0.339208076,0.260648776,21.06342789,-5.99978625,-5.125594,296.4700012,296.4700012,296.4700012,296.4700012,-10.18821009,10.18821009,TRUE,TRUE,TRUE,11.89214434,4.466281218,541761,812405.22,8,3,5,FALSE,-0.001868166,0.892353815,1,TRUE
WULF,25.341,3,Downgraded - Wait,Watchlist Candidate,Wait - Daily Pullback Risk,below EMA20 with deep 20D-high pullback | lower high and lower low | last 1H bearish,REGULAR,25.341,,,,25.34000015,92,30,25,4,15,3,15,Stage 2,25.82999992,17.83799995,25.62266634,26.20648552,24.02042954,18.92807459,17.24193034,36.86594114,70.18132685,105.8488976,477.2209778,7.055537766,98.79335979,0.034285404,0.032720864,0.023807018,24.58154482,-10.49099035,-2.762852372,29.84000015,29.84000015,29.84000015,29.84000015,-15.08042888,15.08042888,TRUE,TRUE,TRUE,2.326428686,9.180855059,17365070,28993715.4,9,5,4,FALSE,-1.89701809,1.644604262,1,TRUE
SANM,238.12,3,Downgraded - Wait,Watchlist Candidate,Wait - Daily Pullback Risk,below EMA20 with deep 20D-high pullback | lower high and lower low,REGULAR,238.12,,,,238.1199951,91,30,25,4,10,7,15,Stage 2,236.5500031,179.3029999,23.00179809,246.7671637,229.9006765,186.9474911,174.1890953,30.97061054,81.9098596,54.60329081,145.4592206,7.055537766,47.54775305,0.32217996,0.319068112,0.239436121,33.78752458,-6.048531077,-6.692790766,288.6799927,288.6799927,288.6799927,288.6799927,-17.51420218,17.51420218,TRUE,TRUE,TRUE,16.51678358,6.936327867,303942,1254294.84,10,7,3,FALSE,0.663704099,1.773729057,1,FALSE
POWI,78.03,3,Downgraded - Wait,Watchlist Candidate,Wait - Daily Pullback Risk,below EMA20 with deep 20D-high pullback | lower high and lower low,REGULAR,78.03,,,,78.02999878,87,30,25,4,10,3,15,Stage 2,79.37000275,55.7506663,30.39973204,80.25773987,74.48109648,61.12580697,58.54307982,25.13546931,57.63636117,109.9838512,38.22851678,7.055537766,102.9283134,0.10557577,0.103276879,0.073252079,32.16466198,-10.66971936,-0.446540554,91.18000031,91.18000031,91.18000031,91.18000031,-14.422024,14.422024,TRUE,TRUE,TRUE,5.67999976,7.279251376,418165,1341143.3,14,7,7,FALSE,-1.688300266,1.403511207,0,FALSE
COHR,386.305,3,Downgraded - Wait,Watchlist Candidate,Wait - Daily Pullback Risk,below EMA20 with deep 20D-high pullback | lower high and lower low,REGULAR,386.305,,,,386.3049927,85,30,25,4,11,0,15,Stage 2,380.5599976,273.4336655,40.09188131,386.4307328,361.9391906,284.0701059,257.1504437,40.18782154,58.65984863,101.8628847,329.8008506,7.055537766,94.80734698,0.522676506,0.499797256,0.333071636,11.81133628,-9.20725235,0.331141444,440,440,440,440,-12.20341076,12.20341076,TRUE,TRUE,TRUE,39.69714355,10.27611455,5099056,6221837.12,6,5,1,FALSE,1.509616133,9.472083302,0,FALSE
SNDK,1992.285,4,Rejected - Distribution Risk,Watchlist Candidate,Failed - Distribution Risk,lower high and lower low | daily distribution | 2+ bearish hourly candles | last 1H bearish,REGULAR,1992.285,,,,1992.285034,89,30,25,4,15,0,15,Stage 2,2090.709961,889.0913269,116.4534791,1917.596915,1594.011159,1014.777765,860.3993938,124.1356039,223.5121671,696.6590769,4099.589148,7.055537766,689.6035392,2.695591825,2.092352987,0.94877913,105.7042587,-12.37811652,0.615375928,2354.389893,2354.389893,2354.389893,2354.389893,-15.37998696,15.37998696,TRUE,TRUE,FALSE,221.5357056,11.11967925,7806043,13160266.86,5,1,4,FALSE,-4.707727451,1.956768199,2,TRUE
ESP,64.88,4,Rejected - Distribution Risk,Watchlist Candidate,Failed - Distribution Risk,daily distribution | last 3H selling | 2+ bearish hourly candles,REGULAR,64.88,,,,64.87999725,78,30,12,4,10,7,15,Stage 2,67.12000275,56.67999942,17.5640919,62.40654354,61.77745129,56.63627508,54.0442455,12.95846544,15.40376351,40.43289217,41.9072518,7.055537766,33.3773544,0.087783619,0.08730925,0.074855966,-8.410034672,-3.308496678,9.483629921,69.97000122,74.76999664,74.76999664,74.76999664,-7.274551777,13.22722995,TRUE,FALSE,FALSE,3.239285878,4.992734302,25522,42038.44,11,6,5,FALSE,-3.337314365,-1.383194482,2,FALSE
KORE,9.325,4,Rejected - Distribution Risk,Watchlist Candidate,Failed - Distribution Risk,pullback on above-average volume | daily distribution | 2+ bearish hourly candles,REGULAR,9.325,,,,9.324999809,72,30,12,8,-3,10,15,Stage 2,9.789999962,7.375999864,35.04952573,9.254563503,9.043842864,7.453710723,6.798735916,29.59319541,3.726363144,111.9318093,296.8085186,7.055537766,104.8762715,0.012616866,0.012499632,0.00884891,-3.248631613,1.138823636,1.35869568,9.789999962,9.789999962,9.789999962,9.789999962,-4.749746215,4.749746215,TRUE,FALSE,FALSE,0.100357056,1.076215096,112770,47675.4,1,1,0,TRUE,-4.749746215,-0.373930007,2,FALSE
SPCB,10.97,4,Rejected - Distribution Risk,Avoid,Failed - Distribution Risk,distribution cluster,REGULAR,10.97,,,,10.97000027,83,30,21,4,10,3,15,Stage 2,11.35999966,9.41266667,1.030411145,10.92809796,10.45592085,9.707649251,9.538028234,7.63542359,42.09845292,13.32644547,4.277564541,7.055537766,6.270907701,0.014842577,0.014263433,0.014010814,18.75075585,0.365964874,11.14488748,12.85000038,12.85000038,12.85000038,13.56999969,-14.63035065,19.15990778,TRUE,TRUE,FALSE,0.839285714,7.650735587,42559,87079.18,12,9,3,FALSE,-3.433093322,-1.999318427,3,TRUE
DDD,2.8911,4,Rejected - Distribution Risk,Avoid,Failed - Distribution Risk,distribution cluster,REGULAR,2.8911,,,,2.89109993,62,22,12,0,10,3,15,Stage 2,3.039999962,2.382666667,3.986034346,3.102181338,2.910297804,2.565343587,2.528532595,11.74390937,48.26153124,62.42134698,92.73999532,7.055537766,55.36580922,0.003911702,0.00392662,0.003563053,28.25628877,-11.31595281,-3.950168141,4.119999886,4.119999886,4.119999886,4.119999886,-29.82766966,29.82766966,FALSE,FALSE,TRUE,0.234285695,8.103687209,1293668,5049893.36,20,9,11,FALSE,-4.898027431,-2.574559135,2,TRUE
XRX,3.205,4,Rejected - Distribution Risk,Avoid,Failed - Distribution Risk,weekly Transition,REGULAR,3.205,,,,3.204999924,30,0,12,0,10,3,5,Transition,3.309999943,2.326666653,-4.12087883,3.161590446,2.814870136,2.705351816,2.991678354,-3.673455846,128.9285699,28.71485588,-40.20522679,7.055537766,21.65931811,0.004336413,0.003720482,0.003726232,88.98681421,4.738561557,-7.636890568,3.75,3.75,3.75,6.800000191,-14.53333537,52.8676495,FALSE,FALSE,FALSE,0.242621439,7.570091876,2417035,7445724.7,14,6,8,FALSE,-3.172206069,-1.536104116,2,FALSE
DUOL,116.23,4,Rejected - Distribution Risk,Avoid,Failed - Distribution Risk,below EMA200 | weekly Stage 4 | not outperforming SPY,REGULAR,116.23,,,,116.2300034,8,0,0,0,15,3,-10,Stage 4,121.4899979,127.1705002,-28.21762176,120.5474654,115.613186,145.854313,165.9492613,-17.00943828,21.898275,-35.67435841,-70.84482961,7.055537766,-42.72989618,0.157260955,0.153017739,0.244977924,6.663818874,-8.66011524,-5.218946457,137.9700012,137.9700012,137.9700012,468,-15.75704695,75.1645292,TRUE,TRUE,TRUE,8.661715371,7.452219841,933903,1735618.06,5,2,3,FALSE,-4.329570005,-2.548833212,2,FALSE
AIFF,1.28,4,Rejected - Distribution Risk,Avoid,Failed - Distribution Risk,below EMA200 | weekly Stage 4,REGULAR,1.28,,,,1.279999971,6,0,8,0,5,3,-10,Stage 4,1.320000052,1.487333333,-7.943057606,1.45916662,1.607471699,1.74687032,1.902891988,-6.223190051,-41.28440678,16.36363124,-56.16438569,7.055537766,9.308093475,0.001731859,0.002378958,0.002493418,-26.35294542,-3.759403753,-15.78947451,1.830000043,2.420000076,3.150000095,3.630000114,-30.05464801,64.73829391,TRUE,TRUE,TRUE,0.100171447,7.825894456,103036,491568.72,0,0,0,FALSE,-3.030309051,0.787400836,2,FALSE
MTEK,1.11,4,Rejected - Distribution Risk,Avoid,Failed - Distribution Risk,below EMA200 | weekly Stage 4 | not outperforming SPY,REGULAR,1.11,,,,1.110000014,5,0,0,0,15,0,-10,Stage 4,1.190000057,1.416000001,-12.42501073,1.199264283,1.259999179,1.490200388,1.594949587,-12.88829795,-13.28124694,-15.90909317,-62.75167761,7.055537766,-22.96463093,0.001501847,0.001683531,0.002318695,-29.2761208,-6.722692359,-11.19999886,1.379999995,1.679999948,2.819999933,4.269999981,-19.56521608,74.00468339,TRUE,FALSE,TRUE,0.116785701,10.52123417,116644,604336.88,5,2,3,FALSE,-6.722692359,-6.722692359,3,TRUE
BL,27.43,4,Rejected - Distribution Risk,Avoid,Failed - Distribution Risk,below EMA200 | weekly Stage 4 | not outperforming SPY | distribution cluster,REGULAR,27.43,,,,27.43000031,0,0,0,0,-5,7,-10,Stage 4,28.34000015,39.6473334,-16.79235552,27.79518195,29.72135867,37.42871888,40.04206199,-15.24414736,-23.91123194,-52.22918638,-51.47709022,7.055537766,-59.28472415,0.037113206,0.039684064,0.063710122,-20.38871371,5.989185451,-4.524884294,31.54000092,34.81999969,45.70999908,59.56999969,-13.03107321,53.95333147,FALSE,FALSE,TRUE,1.521564075,5.547080051,488734,1360628.68,10,11,-1,FALSE,-3.211008619,-3.483461536,3,TRUE
CANG,0.185,4,Rejected - Distribution Risk,Avoid,Failed - Distribution Risk,below EMA200 | weekly Stage 4 | not outperforming SPY | excess volatility,REGULAR,0.185,,,,0.185000002,0,0,0,0,11,-5,-10,Stage 4,0.200000003,0.77733333,-38.73637161,0.290999726,0.398722173,0.805027456,0.964959795,-27.62447806,-52.56410021,-86.49635024,-91.53318045,7.055537766,-93.551888,0.000250308,0.000557487,0.001638963,-63.41021422,-19.56521781,-33.92857086,0.460000008,0.720000029,1.169999957,2.875,-59.78260891,93.56521731,TRUE,TRUE,TRUE,0.042500001,22.97297321,597491,1761697.82,6,5,1,FALSE,-7.500000186,-3.921059988,3,TRUE
DTCX,1.72,4,Rejected - Distribution Risk,Avoid,Failed - Distribution Risk,below EMA200 | weekly Stage 4 | not outperforming SPY | distribution cluster,REGULAR,1.72,,,,1.720000029,0,0,0,0,0,3,-10,Stage 4,1.889999986,2.465166656,-24.19925224,2.073161559,2.194456912,2.858047579,3.217027713,-17.4042445,-18.48340691,-44.69453098,-75.60283713,7.055537766,-51.75006874,0.002327186,0.002966452,0.004521481,-31.67810642,-15.27093336,-20.73732866,2.549999952,2.549999952,3.799999952,16.48999977,-32.54901722,89.5694357,TRUE,TRUE,TRUE,0.156357152,9.090531949,221538,344912.76,5,8,-3,FALSE,-8.994706792,-5.494506646,3,TRUE
HPAI,0.582,4,Rejected - Distribution Risk,Avoid,Failed - Distribution Risk,below EMA200 | weekly Stage 4 | not outperforming SPY | excess volatility,REGULAR,0.582,,,,0.582000017,0,0,0,0,11,-5,-10,Stage 4,0.601000011,2.346566655,-23.65412972,0.749595878,1.09898415,2.108234905,2.49269628,-27.70169921,-73.08047951,-86.3444391,-86.27358376,7.055537766,-93.39997686,0.000787455,0.001453488,0.003866589,-61.63017234,-11.55014834,-21.87919283,1.639999986,1.639999986,3.400000095,5.21999979,-64.51219377,88.85057394,TRUE,FALSE,TRUE,0.172571425,29.65144671,142569,1241017.38,3,2,1,FALSE,-3.161396581,-3.833439486,2,TRUE
LPSN,1.8207,4,Rejected - Distribution Risk,Avoid,Failed - Distribution Risk,below EMA200 | weekly Stage 4 | not outperforming SPY,REGULAR,1.8207,,,,1.820700049,0,0,0,0,0,7,-10,Stage 4,1.950000048,2.97566665,-30.97502522,2.030398412,2.272403812,3.795296852,4.883400078,-25.7708227,-29.97307245,-56.02173652,-87.48659776,7.055537766,-63.07727428,0.002463435,0.003154926,0.006139693,-47.46220138,-7.107142145,-11.18536138,2.440000057,3.5,3.5,21.60000038,-25.38114727,91.57083325,TRUE,FALSE,TRUE,0.117142873,6.433946832,50434,129094.68,2,7,-5,FALSE,-6.630768981,-2.112901323,3,TRUE
MYSZ,0.4322,4,Rejected - Distribution Risk,Avoid,Failed - Distribution Risk,below EMA200 | weekly Stage 4 | not outperforming SPY | distribution cluster,REGULAR,0.4322,,,,0.432200015,0,0,0,0,0,0,-10,Stage 4,0.455000013,0.654466668,-22.92230992,0.472143019,0.522458914,0.694231163,0.806606373,-18.29714879,-26.74575698,-47.29268069,-63.68067279,7.055537766,-54.34821845,0.000584773,0.000733081,0.001162739,-38.75941591,-5.838775017,2.904768592,0.63499999,0.699999988,0.713999987,1.649999976,-31.93700455,73.80605934,FALSE,TRUE,TRUE,0.055000005,12.72559074,24043,130052.86,3,9,-6,FALSE,-5.010988542,-5.010988542,2,FALSE
ORBS,0.698,4,Rejected - Distribution Risk,Avoid,Failed - Distribution Risk,below EMA200 | weekly Stage 4 | not outperforming SPY,REGULAR,0.698,,,,0.698000014,0,0,0,0,6,0,-10,Stage 4,0.736000001,1.251633324,-58.49425744,0.877617116,0.933755071,1.643117999,2.084063028,-27.04288851,-30.89108709,-62.67379615,-42.31405026,7.055537766,-69.72933391,0.000944405,0.001215059,0.004486082,-46.56041176,-26.52631341,-20.50113928,1.129999995,1.320000052,1.460000038,83.12000275,-38.23008701,99.16025025,TRUE,TRUE,TRUE,0.101771423,14.58043278,11742265,20543459.3,9,7,2,FALSE,-5.163041784,2.677263984,2,TRUE
SMX,13.5,4,Rejected - Distribution Risk,Avoid,Failed - Distribution Risk,below EMA200 | weekly Stage 4 | not outperforming SPY,REGULAR,13.5,,,,13.5,0,0,0,0,0,0,-10,Stage 4,14.5,364.3483667,-11.41780588,14.69645056,26.2540227,35587.77035,487825.8497,-39.34653037,-27.34605985,-99.12600001,-99.62837354,7.055537766,-106.1815378,0.018265704,0.017644841,0.350167753,1.64662323,-14.55696306,2.817973209,20,52.63158035,229.9546814,5496.477539,-32.5,99.75438815,TRUE,TRUE,TRUE,1.851214477,13.71269983,18955,987273.62,4,7,-3,FALSE,-6.896551724,-6.896551724,3,TRUE
SVRE,2.57,4,Rejected - Distribution Risk,Avoid,Failed - Distribution Risk,below EMA200 | weekly Stage 4 | not outperforming SPY | excess volatility,REGULAR,2.57,,,,2.569999933,0,0,0,0,15,-5,-10,Stage 4,2.839999914,4.704066658,-42.48604179,3.70485384,4.018953166,23.45996138,81.74218958,-38.08103163,-16.55844166,-54.10714327,-90.68840617,7.055537766,-61.16268103,0.003477249,0.005864732,0.011531012,-35.96203781,-33.24675333,-37.62135911,4.900000095,6.300000191,6.300000191,68.27999878,-47.55102279,96.23608673,TRUE,TRUE,TRUE,0.435642821,16.95108299,22509,36518.18,6,2,4,FALSE,-9.507041869,-3.394357125,2,TRUE
TEAD,0.8718,4,Rejected - Distribution Risk,Avoid,Failed - Distribution Risk,below EMA200 | weekly Transition | not outperforming SPY | distribution cluster | excess volatility,REGULAR,0.8718,,,,0.871800005,0,0,0,0,-8,-5,5,Transition,1.029999971,0.841366665,-4.933901455,1.132813317,1.05820784,1.097241846,1.275428853,-9.508384712,38.38095429,-1.491523748,-63.36974943,7.055537766,-8.547061514,0.001179559,0.001426209,0.001413133,13.37658105,-23.86026027,-33.45037836,1.419999957,1.419999957,1.419999957,3.130000114,-38.60563156,72.1469657,TRUE,TRUE,TRUE,0.136307171,15.6351423,547871,387261.42,6,9,-3,TRUE,-15.35922042,-7.667864378,2,FALSE
TRNR,0.56,4,Rejected - Distribution Risk,Avoid,Failed - Distribution Risk,below EMA200 | weekly Stage 4 | not outperforming SPY | excess volatility,REGULAR,0.56,,,,0.560000002,0,0,0,0,5,-5,-10,Stage 4,0.583999991,4.575699989,-66.27413888,0.649620499,1.073837322,334.1746548,2637.3075,-39.33974863,-54.83870983,-96.21621625,-98.71264367,7.055537766,-103.271754,0.000757688,0.001157549,0.017310758,-52.95224036,2.376601766,-2.946277106,0.850000024,1.350000024,7.599999905,82,-34.11764863,99.31707317,TRUE,FALSE,TRUE,0.100849999,18.00892829,338460,1431495.2,4,4,0,FALSE,-4.109587224,-5.165113447,3,TRUE
VIVK,0.3531,4,Rejected - Distribution Risk,Avoid,Failed - Distribution Risk,below EMA200 | weekly Stage 4 | not outperforming SPY | distribution cluster | excess volatility,REGULAR,0.3531,,,,0.353100002,0,0,0,0,0,-5,-10,Stage 4,0.403299987,3.335609989,-80.56605491,0.669225104,1.380914627,18.11934025,32.55782163,-38.4158677,-82.34499991,-94.92672414,-99.79016931,7.055537766,-101.9822619,0.00047775,0.001843662,0.026823429,-83.0698079,-19.45711644,-34.3802269,1.360000014,3.130000114,4.800000191,251.4506836,-74.03676485,99.85957485,TRUE,TRUE,TRUE,0.134221424,38.01229772,524930,3439254.6,3,9,-6,FALSE,-12.44730649,-4.308939445,3,TRUE
ALAB,448.23,5,Avoid,Avoid,Clean,distribution cluster,REGULAR,448.23,,,,448.230011,100,30,25,20,10,3,15,Stage 2,391.7399902,197.7623324,27.10995692,373.2019952,305.7958083,221.620635,203.8315583,44.04859409,298.5329476,163.7112477,357.5643275,7.055537766,156.65571,0.606461993,0.390907726,0.27584308,149.1248241,1.949235148,22.08362207,450.6000061,450.6000061,450.6000061,450.6000061,-0.525964289,0.525964289,FALSE,FALSE,FALSE,40.53714643,9.043826928,3370720,6282948.4,13,9,4,FALSE,14.42028441,11.7669064,0,FALSE
ATEX,98.57,5,Avoid,Avoid,Clean,distribution cluster,REGULAR,98.57,,,,98.56999969,100,30,25,20,10,3,15,Stage 2,89.66999817,42.06483281,53.84038657,76.91262866,64.9078272,46.89122243,42.94542884,46.80003168,157.7667243,341.4240933,274.2217127,7.055537766,334.3685555,0.133366702,0.084362602,0.050648805,131.8584624,27.9797507,19.47878751,99.19999695,99.19999695,99.19999695,99.19999695,-0.635077896,0.635077896,FALSE,FALSE,FALSE,7.502999714,7.611849181,439174,437155.48,14,9,5,FALSE,9.925283492,2.251035409,1,FALSE
DGII,72.74,5,Avoid,Avoid,Clean,distribution cluster,REGULAR,72.74,,,,72.73999786,100,30,25,20,10,10,15,Stage 2,70.55000305,52.83366661,20.63582684,68.1646068,63.9653905,54.21944564,51.12129489,20.31929324,53.23361279,64.75650136,109.4442811,7.055537766,57.70096359,0.098418319,0.08663157,0.069813623,28.71610986,5.757486413,5.911469919,73.26989746,73.26989746,73.26989746,73.26989746,-0.723215967,0.723215967,FALSE,FALSE,FALSE,2.898920332,3.985318142,231279,341973.58,13,9,4,FALSE,3.104173944,1.126091415,0,FALSE
MXL,107.49,5,Avoid,Avoid,Clean,distribution cluster,REGULAR,107.49,,,,107.4899979,100,30,25,20,10,3,15,Stage 2,96.59999847,41.39733324,137.9795357,89.5506952,77.20131843,49.29684411,42.78507348,151.0990611,532.2941051,512.827778,650.6284927,7.055537766,505.7722402,0.145435595,0.109403827,0.046457511,337.0292679,11.45789625,27.26734434,107.7900009,107.7900009,107.7900009,107.7900009,-0.278321782,0.278321782,FALSE,FALSE,FALSE,9.547142574,8.881889258,3722840,5833844.8,19,8,11,FALSE,11.27329147,5.19640295,0,FALSE
VICR,365.48,5,Avoid,Avoid,Clean,distribution cluster,REGULAR,365.48,,,,365.480011,99,30,25,20,6,3,15,Stage 2,326.9299927,197.9123322,57.72378579,320.8785948,288.3383456,212.5920975,188.8982053,58.07550786,138.844596,236.9721686,672.5216664,7.055537766,229.9166308,0.49449999,0.396538318,0.233394533,70.83743937,-0.013675428,20.31471976,369.3999939,369.3999939,369.3999939,369.3999939,-1.061175684,1.061175684,FALSE,FALSE,FALSE,29.90142168,8.181410962,644825,951220.5,11,9,2,FALSE,11.79152087,6.037658267,0,FALSE
ALGM,67.09,5,Avoid,Avoid,Clean,distribution cluster,REGULAR,67.09,,,,67.08999634,98,30,25,20,5,3,15,Stage 2,57.88999939,38.55316671,23.01257661,54.6476079,49.08343274,40.65718251,38.48484157,22.56980522,122.7423455,148.9424654,99.25749922,7.055537766,141.8869277,0.090773781,0.06627817,0.051176483,66.64659027,8.947701109,33.10187077,67.33000183,67.33000183,67.33000183,67.33000183,-0.356461439,0.356461439,FALSE,FALSE,FALSE,4.846785682,7.224304585,2978900,2803846,16,10,6,FALSE,15.89220426,9.983600554,0,FALSE
BB,12.2877,5,Avoid,Avoid,Clean,distribution cluster,REGULAR,12.2877,,,,12.27999973,98,30,25,20,5,3,15,Stage 2,11.39999962,5.089666661,27.73130245,9.370873588,7.851872966,5.790045249,5.390244825,41.36214161,288.6075759,207.7694161,160.1694974,7.055537766,200.7138784,0.016615026,0.010264754,0.006998246,148.5735243,39.7042069,33.623507,12.35000038,12.35000038,12.35000038,12.35000038,-0.566806853,0.566806853,FALSE,FALSE,FALSE,0.860000134,7.003258569,30761204,35517268.08,22,11,11,FALSE,7.719299508,4.045753174,0,FALSE
BHE,94.22,5,Avoid,Avoid,Clean,distribution cluster,REGULAR,94.22,,,,94.22000122,95,30,25,8,10,7,15,Stage 2,92.05000305,63.664667,29.59201039,89.97983895,82.99104539,67.24184805,62.82401877,28.9536739,69.42995898,109.9376091,139.3800807,7.055537766,102.8820714,0.127481089,0.113586753,0.082148645,41.30865451,0.597904694,4.770377962,98.5,98.5,98.5,98.5,-4.345176426,4.345176426,TRUE,TRUE,FALSE,4.884285518,5.183915787,189670,501833.4,12,8,4,FALSE,2.357412381,3.447517925,0,FALSE
CTS,64.255,5,Avoid,Avoid,Clean,distribution cluster,REGULAR,64.255,,,,64.25499725,95,30,25,8,10,7,15,Stage 2,65,53.45399971,15.4597162,65.18288669,61.83957199,54.69798995,52.81041155,12.94298967,34.3122848,44.78367667,47.91666502,7.055537766,37.72813891,0.086937984,0.083695001,0.071870954,11.74373265,-5.936173986,-2.835324479,69.55000305,69.55000305,69.55000305,69.55000305,-7.613235896,7.613235896,TRUE,FALSE,TRUE,2.834285736,4.410996587,129917,326844.34,14,8,6,FALSE,-1.146158072,1.204907158,1,FALSE
IRDM,53.62,5,Avoid,Avoid,Clean,distribution cluster,REGULAR,53.62,,,,53.59999847,94,30,25,20,1,3,15,Stage 2,43.52000046,30.48666655,41.54388956,45.737068,42.9788718,34.00861777,31.98100665,34.23525479,91.70243287,208.045975,81.63333805,7.055537766,200.9904372,0.07252161,0.060081098,0.038245477,17.2207116,23.78752753,13.27134155,53.83000183,53.83000183,53.83000183,53.83000183,-0.42727726,0.42727726,FALSE,FALSE,FALSE,3.944999967,7.360074775,8505665,2710055.3,14,12,2,FALSE,23.1617599,0.827376127,1,FALSE
KLAC,275.17,5,Avoid,Avoid,Clean,distribution cluster,REGULAR,275.17,,,,275.0799866,94,30,25,20,1,3,15,Stage 2,248.6399994,164.9879339,23.61112792,236.8514647,209.987807,169.8702221,157.8429855,25.47114141,90.60288399,115.4128004,204.6492463,7.055537766,108.3572626,0.372187388,0.276549532,0.214745949,50.53116508,2.199428901,8.069456206,275.5400085,275.5400085,275.5400085,275.5400085,-0.166952877,0.166952877,FALSE,FALSE,FALSE,20.00228882,7.271444596,7140065,11717247.3,13,11,2,FALSE,10.633843,6.762914702,0,FALSE
BLZE,15.495,5,Avoid,Avoid,Clean,weekly Stage 1/3,REGULAR,15.495,,,,15.49499989,93,30,25,20,15,3,0,Stage 1/3,14.56000042,5.440333358,-0.481706713,10.10079759,8.03807165,6.394675069,6.263621556,18.6340439,355.735278,222.8124848,183.2724037,7.055537766,215.756947,0.02096497,0.010128633,0.009000572,267.7569988,90.82512443,95.64393606,15.64500046,15.64500046,15.64500046,15.64500046,-0.9587764,0.9587764,FALSE,FALSE,FALSE,1.17571422,7.587700736,3700964,3447959.28,11,4,7,FALSE,6.421699444,4.766733776,0,FALSE
CCSI,38.21,5,Avoid,Avoid,Clean,distribution cluster,REGULAR,38.21,,,,38.20999908,92,30,25,20,-5,7,15,Stage 2,36.72000122,27.32983322,8.332782632,34.2586082,31.73908458,28.30945118,27.50878208,10.04231883,56.40605242,67.51424805,64.13229363,7.055537766,60.45871028,0.051698707,0.042035195,0.038773115,37.56129137,15.19445642,9.767301284,38.75,38.75,38.75,38.75,-1.39355075,1.39355075,FALSE,FALSE,FALSE,1.697857448,4.443489895,60237,163012.74,11,11,0,FALSE,4.057728252,0.262394313,1,FALSE
KLIC,130.055,5,Avoid,Avoid,Clean,distribution cluster,REGULAR,130.055,,,,130.0549927,92,30,25,14,5,3,15,Stage 2,125.2200012,75.64866714,39.51312489,116.8312351,103.9077824,80.154447,73.58353401,37.41954993,101.0745084,179.9892154,267.5946545,7.055537766,172.9336776,0.175966375,0.139473586,0.093689378,54.99442147,4.697304297,14.96066104,133.4100037,133.4100037,133.4100037,133.4100037,-2.514812154,2.514812154,FALSE,TRUE,FALSE,9.197113582,7.071711276,707126,1006506.52,19,10,9,FALSE,3.861197419,4.461841507,0,FALSE
DDOG,250.49,5,Avoid,Avoid,Clean,distribution cluster,REGULAR,250.49,,,,250.4900055,91,30,25,4,10,7,15,Stage 2,239.7700043,153.1708344,11.0976119,228.2119151,204.7118981,167.5387866,160.3620104,22.14284252,118.8067769,81.46190791,91.03875444,7.055537766,74.40637014,0.338916771,0.271071866,0.222033575,92.60089916,13.15445228,8.956073138,278.7049866,278.7049866,278.7049866,278.7049866,-10.1236011,10.1236011,FALSE,FALSE,FALSE,11.81871251,4.718237154,2267186,6019591.72,11,8,3,FALSE,4.470951758,-0.456999642,1,FALSE
INTC,129.585,5,Avoid,Avoid,Clean,distribution cluster,REGULAR,129.585,,,,129.5601044,91,30,25,8,10,3,15,Stage 2,128.3200073,68.55466703,59.07062355,123.2537503,108.0688271,76.3670592,68.01704586,71.5038035,200.3943917,258.2967503,475.8226861,7.055537766,251.2412126,0.175296783,0.148759254,0.083501919,79.56019905,-8.074285422,4.005863922,141.4499969,141.4499969,141.4499969,141.4499969,-8.405721339,8.405721339,TRUE,TRUE,FALSE,10.81857027,8.350232756,69959689,140049805.8,15,9,6,FALSE,0.966409737,7.246340409,0,FALSE
MRCY,110.03,5,Avoid,Avoid,Clean,distribution cluster,REGULAR,110.03,,,,110.0299988,91,30,25,8,6,7,15,Stage 2,109.3799973,88.35833333,10.70206992,108.9807403,101.3475233,88.67248952,84.32639786,13.57548846,54.10363645,47.29585445,114.2328611,7.055537766,40.24031668,0.148872255,0.133220561,0.121955847,23.02166739,-1.547962888,-8.536994191,122.1699982,122.1699982,122.1699982,122.1699982,-9.93697272,9.93697272,FALSE,FALSE,FALSE,6.95785032,6.323593926,230623,690794.46,10,8,2,FALSE,0.594259958,1.475604971,1,FALSE
SIMO,333.86,5,Avoid,Avoid,Clean,distribution cluster,REGULAR,333.86,,,,333.8599854,91,30,25,8,10,3,15,Stage 2,305.2799988,163.8470009,53.04317284,297.6556535,256.5497148,182.7010709,163.9206624,61.3887613,203.3436242,274.7866844,356.4670333,7.055537766,267.7311467,0.451717617,0.34336169,0.203529816,131.3519494,-0.902347462,19.02741523,355,355,355,355,-5.954933704,5.954933704,FALSE,FALSE,FALSE,28.36928776,8.497360872,753555,1122479.1,17,8,9,FALSE,9.361892914,0.198071165,1,FALSE
TRVG,5.29,5,Avoid,Avoid,Clean,distribution cluster,REGULAR,5.29,,,,5.289999962,91,30,25,8,10,3,15,Stage 2,5.309999943,3.154833333,6.985813104,4.530542343,3.912567149,3.389456262,3.335578158,9.112806218,93.06569137,81.78693491,43.36043035,7.055537766,74.73139714,0.00715745,0.00496592,0.004550411,81.30311394,12.31422333,37.04663486,5.5,5.5,5.5,5.5,-3.818182512,3.818182512,TRUE,FALSE,FALSE,0.38722854,7.320010261,85568,90047.36,21,8,13,FALSE,-0.376647479,0,1,FALSE
ADEA,32.7,5,Avoid,Avoid,Clean,distribution cluster,REGULAR,32.7,,,,32.70000076,90,30,25,8,5,7,15,Stage 2,30.70000076,23.18333352,27.03544325,30.84983055,29.41523129,24.50967823,22.87485289,26.14264621,35.17982654,88.47262273,129.6348405,7.055537766,81.41708497,0.044243596,0.040996161,0.030264558,11.30857389,2.797866432,2.443611168,33.61000061,34.34000015,34.34000015,34.34000015,-2.707527018,4.775769896,FALSE,FALSE,FALSE,2.189453534,6.695576399,1216636,2219903.1,18,11,7,FALSE,6.514657819,2.235106269,0,FALSE
ASX,41.98,5,Avoid,Avoid,Clean,distribution cluster,REGULAR,41.98,,,,41.97999954,90,30,25,8,5,7,15,Stage 2,40.20999908,25.51733329,41.38332259,38.86303275,35.15755176,26.98596831,24.51438584,42.58363743,95.25581182,169.9678394,294.1784136,7.055537766,162.9123016,0.056799575,0.047978599,0.031358731,44.39850667,-3.75974193,10.12592004,44.47000122,44.47000122,44.47000122,44.47000122,-5.599284034,5.599284034,FALSE,TRUE,FALSE,2.729443141,6.501770298,5744648,10230654.96,22,15,7,FALSE,4.401891316,5.583504312,0,FALSE
LSCC,146.22,5,Avoid,Avoid,Clean,distribution cluster,REGULAR,146.22,,,,146.2200012,90,30,25,8,5,7,15,Stage 2,138.7599945,103.909667,27.0242741,143.2255823,133.4989587,108.812614,101.3215845,28.13325542,61.76568449,90.96252031,189.5445569,7.055537766,83.90698255,0.197837876,0.182221842,0.135353582,24.07483223,-5.828558513,1.169309109,157.0099945,157.0099945,157.0099945,157.0099945,-6.872169711,6.872169711,FALSE,TRUE,FALSE,10.14249965,6.936465303,851687,2324983.74,14,11,3,FALSE,5.376194155,6.006455076,0,FALSE
STM,74.3,5,Avoid,Avoid,Clean,distribution cluster,REGULAR,74.3,,,,74.30000305,90,30,25,8,5,7,15,Stage 2,71.41999817,42.74600004,46.40879521,73.05399954,64.83740549,48.01542893,44.09827818,47.73766006,128.3343607,184.4563578,146.5162726,7.055537766,177.4008201,0.100529029,0.08775764,0.054181126,69.68293625,-7.02039839,-3.880983029,81.41999817,81.41999817,81.41999817,81.41999817,-8.744774352,8.744774352,FALSE,TRUE,FALSE,4.743214743,6.383868841,5812133,12991088.66,18,11,7,FALSE,4.032490838,2.496903354,0,FALSE
UCTT,128.87,5,Avoid,Avoid,Clean,distribution cluster,REGULAR,128.87,,,,128.8699951,88,30,25,20,-5,3,15,Stage 2,118.8199997,63.05833359,54.37564277,107.5316851,93.14229962,68.54852244,61.81343238,47.64155585,118.9060599,392.2459649,469.7170218,7.055537766,385.1904271,0.174363055,0.12326703,0.075054023,60.05176961,4.653236768,18.33791856,128.8800049,128.8800049,128.8800049,128.8800049,-0.007766733,0.007766733,FALSE,FALSE,FALSE,10.44964382,8.108670918,726598,1192539.96,9,10,-1,FALSE,8.458168194,3.443564957,0,FALSE
TDC,34.29,5,Avoid,Avoid,Clean,distribution cluster,REGULAR,34.29,,,,34.29000092,87,30,21,4,10,7,15,Stage 2,32.84999847,29.8886666,9.693914483,32.45611016,31.53728954,29.33116246,28.73743031,6.978776099,35.48005389,12.16879705,57.80028365,7.055537766,5.113259283,0.046394891,0.042610782,0.040523935,21.604173,15.57128691,3.909093683,36.86000061,36.86000061,41.77999878,41.77999878,-6.972326783,17.92723332,FALSE,FALSE,FALSE,1.486428533,4.33487458,1251978,2755543.56,14,9,5,FALSE,4.383569279,0.971736867,1,FALSE
ASML,1874.556,5,Avoid,Avoid,Clean,distribution cluster,REGULAR,1874.556,,,,1874.55603,86,30,25,8,1,7,15,Stage 2,1794.619995,1420.815007,17.54354184,1785.191816,1661.453707,1425.227169,1343.363214,17.03564399,43.92316694,75.92874802,134.8802726,7.055537766,68.87321026,2.536302699,2.205798213,1.871555413,26.14008346,-2.83498612,0.590592211,1959.040039,1959.040039,1959.040039,1959.040039,-4.312520781,4.312520781,FALSE,FALSE,FALSE,99.15857806,5.289710014,1054935,1848728.7,13,12,1,FALSE,4.454203975,4.059040115,0,FALSE
FLEX,155.21,5,Avoid,Avoid,Clean,distribution cluster,REGULAR,155.21,,,,155.1649933,86,30,25,8,5,3,15,Stage 2,146.6999969,88.39400012,39.20095746,148.4833345,131.5499377,97.58956751,88.92024261,48.80502671,139.4521389,144.1620695,209.7723953,7.055537766,137.1065317,0.209940586,0.177324431,0.114391175,84.31795452,-0.413968476,3.643702042,166.8600006,166.8600006,166.8600006,166.8600006,-7.008874075,7.008874075,TRUE,TRUE,FALSE,10.89714159,7.022938204,1896805,7577778.1,18,13,5,FALSE,5.770277106,5.475489526,0,FALSE
MTSI,371.54,5,Avoid,Avoid,Clean,distribution cluster,REGULAR,371.54,,,,371.5400085,86,30,25,4,5,7,15,Stage 2,369.1799927,262.6106669,35.71353508,373.0419927,346.5077183,274.7003042,252.494299,35.03551588,64.80660243,111.3304213,161.2247906,7.055537766,104.2748835,0.502699259,0.473730827,0.327555851,34.92614573,-6.238328525,-2.192851944,401.6900024,418.8999939,418.8999939,418.8999939,-7.50578648,11.30579757,TRUE,TRUE,TRUE,23.4278608,6.305609158,666441,1574632.82,17,11,6,FALSE,0.639258875,2.713387871,0,FALSE
SOTK,5.37,5,Avoid,Avoid,Clean,distribution cluster,REGULAR,5.37,,,,5.369999886,86,30,25,8,1,7,15,Stage 2,5.320000172,4.39400003,6.503999471,5.203165067,4.984284757,4.539300098,4.435819154,9.737860311,30.97561001,31.94102356,43.58288427,7.055537766,24.8854858,0.007265691,0.006809403,0.006294954,21.67170895,2.285712106,2.480918323,5.739999771,5.739999771,5.739999771,5.739999771,-6.445991295,6.445991295,FALSE,FALSE,FALSE,0.292814221,5.4527789,28424,38108.48,11,10,1,FALSE,0.939844216,0.561792736,0,FALSE
UMC,26.685,5,Avoid,Avoid,Clean,distribution cluster,REGULAR,26.685,,,,26.65999985,86,30,25,8,5,3,15,Stage 2,25.57999992,12.54166673,44.23998492,23.45042251,19.49015292,13.9847073,12.76075712,48.88148848,200.5637,233.2499981,252.1796465,7.055537766,226.1944603,0.036071384,0.025167811,0.01578624,138.3224698,-3.054546009,23.25474287,28.95999908,28.95999908,28.95999908,28.95999908,-7.941986567,7.941986567,FALSE,TRUE,FALSE,1.963571276,7.365233635,5759751,17639427.02,23,12,11,FALSE,4.22204819,3.253292651,0,FALSE
VPG,139.3299,5,Avoid,Avoid,Clean,distribution cluster,REGULAR,139.3299,,,,139.329895,86,30,25,8,5,3,15,Stage 2,127.8199997,64.44899966,58.91752012,129.2856596,107.5296353,72.9976081,65.06545941,68.17452302,235.3306801,253.0020033,397.7845522,7.055537766,245.9464656,0.188515458,0.13720543,0.078661288,157.4420953,-1.128372956,-0.136259495,148.3899994,148.3899994,148.3899994,148.3899994,-6.105603078,6.105603078,FALSE,FALSE,FALSE,12.43142864,8.922298144,508048,559556.96,18,10,8,FALSE,9.0047687,3.706653286,0,FALSE
MRVL,274.45,5,Avoid,Avoid,Clean,distribution cluster,REGULAR,274.45,,,,274.3900146,84,30,25,4,10,0,15,Stage 2,266.769989,133.9896667,49.61996593,268.7085434,224.6824429,155.4451968,140.4280588,62.2738683,189.1969041,217.250574,243.1161816,7.055537766,210.1950362,0.371253846,0.293057536,0.170198488,95.31676749,-10.87181586,-1.898461683,329.8800049,329.8800049,329.8800049,329.8800049,-16.82126513,16.82126513,FALSE,TRUE,FALSE,29.22285897,10.6501175,19142671,45570661.42,20,8,12,FALSE,2.856402875,3.572370599,0,FALSE
SITM,704.44,5,Avoid,Avoid,Clean,distribution cluster,REGULAR,704.44,,,,704.4400024,83,30,25,0,10,3,15,Stage 2,672.1900024,479.9930003,39.09762957,697.8401039,651.781931,506.5898138,462.3581191,44.87998243,115.2933912,86.32528071,237.0687516,7.055537766,79.26974295,0.953117992,0.919792539,0.606787111,42.12103627,-6.463776422,-3.486828385,769.4699707,901.8099976,901.8099976,901.8099976,-8.451267852,21.88598437,FALSE,FALSE,FALSE,55.03426688,7.812484625,261914,597836.28,11,8,3,FALSE,4.797750619,3.973311804,0,FALSE
CEVA,42.84,5,Avoid,Avoid,Clean,distribution cluster,REGULAR,42.84,,,,42.84000015,82,30,25,4,5,3,15,Stage 2,42.31999969,27.30733331,20.82534488,44.09783649,38.94060537,30.55825098,29.08442426,29.75371558,135.1262446,96.33364231,90.14646625,7.055537766,89.27810454,0.057963169,0.052045636,0.03842261,81.97062608,-11.50588662,-6.930260072,51.59999847,51.59999847,51.59999847,51.59999847,-16.97674144,16.97674144,FALSE,TRUE,TRUE,3.969999586,9.26703915,307879,947029.58,17,10,7,FALSE,1.22873455,3.766501904,0,FALSE
MU,1117.74,5,Avoid,Avoid,Clean,distribution cluster,REGULAR,1117.74,,,,1117.199951,82,30,25,4,5,3,15,Stage 2,1132.329956,522.5513321,66.1940881,1031.982929,858.6595479,579.7393808,507.3612184,76.58245185,212.7484316,289.7027974,786.6666279,7.055537766,282.6472597,1.511588454,1.104678618,0.611037544,131.9666445,-7.774608573,13.81301819,1255,1255,1255,1255,-10.98008357,10.98008357,TRUE,TRUE,FALSE,107.8871591,9.656924793,41398847,52645858.94,17,11,6,FALSE,-1.336183398,3.319378797,0,FALSE
NVEC,98.06,5,Avoid,Avoid,Clean,distribution cluster,REGULAR,98.06,,,,98.05999756,82,30,25,4,5,3,15,Stage 2,96.18000031,77.59899966,14.73427887,101.0546212,94.77197113,81.79396692,79.14442717,15.60118258,49.8014038,57.55140571,31.97845697,7.055537766,50.49586794,0.132676662,0.128246824,0.107029167,16.71752819,-11.41824728,-16.13068842,121.1999969,121.1999969,121.1999969,121.1999969,-19.09240922,19.09240922,FALSE,FALSE,TRUE,8.558571952,8.727893295,216137,179868.74,25,19,6,FALSE,1.954665468,2.852948736,1,FALSE
JBL,369.6951,5,Avoid,Avoid,Clean,distribution cluster,REGULAR,369.6951,,,,369.6950989,81,30,25,4,0,7,15,Stage 2,358.6000061,287.4993322,21.03519373,368.4943638,350.6737856,298.1446723,280.670677,22.00102876,41.59137887,57.6592137,71.70363804,7.055537766,50.60367594,0.500203068,0.485174069,0.382092784,13.18041415,-2.000024269,-3.930385157,428.9299927,428.9299927,428.9299927,428.9299927,-13.80992116,13.80992116,FALSE,TRUE,FALSE,22.34286063,6.043591245,803349,1371630.98,9,9,0,FALSE,3.094002394,4.192292217,0,FALSE
SHEN,15.58,5,Avoid,Avoid,Clean,distribution cluster,REGULAR,15.58,,,,15.57999992,81,30,12,4,10,10,15,Stage 2,15.44999981,13.96200012,9.620518714,15.35584069,15.46566574,14.49494219,14.22336419,7.955426899,6.058545737,36.54688985,11.04775638,7.055537766,29.49135209,0.021079976,0.021640248,0.019563376,-6.974995912,12.49097108,-5.346289245,16.55999947,17.35000038,17.35000038,17.35000038,-5.917871823,10.20173152,FALSE,FALSE,FALSE,0.620357377,3.981754687,148919,381430.38,15,8,7,FALSE,0.841424699,0.841424699,1,FALSE
ARM,342.725,5,Avoid,Avoid,Clean,distribution cluster,REGULAR,342.725,,,,342.7250061,80,30,25,0,10,0,15,Stage 2,334.269989,184.9769992,37.49256662,355.5042894,301.2200415,216.0223845,199.1448019,48.39262024,137.788798,207.2389034,116.708833,7.055537766,200.1833656,0.463712124,0.391503376,0.249244819,100.436292,-15.94108578,-10.00104821,452.7000122,452.7000122,452.7000122,452.7000122,-24.2931308,24.2931308,FALSE,TRUE,TRUE,39.57564436,11.54734661,5702698,12207239.96,19,8,11,FALSE,2.529397603,8.703237427,0,FALSE
CWAN,24.56,5,Avoid,Avoid,Clean,not outperforming SPY,REGULAR,24.56,,,,24.55999947,80,30,0,20,5,10,15,Stage 2,24.55999947,23.76999995,8.456273847,24.41146451,24.25153508,23.48967918,23.27896216,3.012780154,4.599659049,1.908709864,12.81579674,5.964004732,-4.055294868,0.033690448,0.033123318,0.032289397,-1.908105406,1.111562537,0.65573709,24.55999947,24.55999947,24.55999947,24.55999947,0,0,FALSE,FALSE,FALSE,0.071785382,0.292285763,0,4629696,0,0,0,FALSE,0,0.040734131,0,FALSE
GEV,1104.25,5,Avoid,Avoid,Clean,distribution cluster,REGULAR,1104.25,,,,1104.25,80,30,25,8,-5,7,15,Stage 2,1045.170044,860.2269979,20.8616275,1028.730841,1002.048574,876.3301844,821.5368013,19.72586681,29.43059154,65.47533236,117.8824422,7.055537766,58.41979459,1.494066974,1.407011171,1.133545006,7.155837054,-2.069898325,17.39098415,1142,1181.949951,1181.949951,1181.949951,-3.305604203,6.573878284,FALSE,FALSE,FALSE,56.23063442,5.092201441,1548464,2847353.28,11,13,-2,FALSE,5.652664502,1.520162423,1,FALSE
RELL,18.15,5,Avoid,Avoid,Clean,distribution cluster,REGULAR,18.15,,,,18.14999962,80,30,25,8,-5,7,15,Stage 2,17.62999916,13.24199998,18.34132608,17.46781326,16.25809926,13.85875543,13.28972996,18.14570726,64.40217103,71.22640533,87.11340181,7.055537766,64.17086757,0.024557224,0.022075427,0.01788372,31.13257946,-0.873838624,3.418805741,19.15999985,19.86000061,19.86000061,19.86000061,-5.271399984,8.610276633,FALSE,FALSE,FALSE,0.981428283,5.407318475,66031,228544.62,8,11,-3,FALSE,2.949520604,2.311160387,1,FALSE
AOSL,44.385,5,Avoid,Avoid,Clean,distribution cluster,REGULAR,44.385,,,,44.38499832,79,30,25,4,5,0,15,Stage 2,43.99000168,29.20933342,26.17786084,44.65603485,41.28561897,33.22490417,31.69013437,31.37929555,101.2925164,119.6190021,72.0348823,7.055537766,112.5634644,0.060053575,0.058554294,0.040770467,35.01182641,-10.07901586,-1.824819243,54.34000015,54.34000015,54.34000015,54.34000015,-18.31984137,18.31984137,FALSE,TRUE,TRUE,4.667857034,10.51674487,280969,1134163.38,17,10,7,FALSE,0.897923683,5.377491565,0,FALSE
PODC,4.4,5,Avoid,Avoid,Clean,distribution cluster,REGULAR,4.4,,,,4.400000095,79,30,25,4,5,0,15,Stage 2,4.079999924,2.950333317,27.73849021,4.158304173,3.837036872,3.08503175,2.891513561,30.35853813,101.8348606,112.5603979,71.87500757,7.055537766,105.5048602,0.005953267,0.005245607,0.003803526,99.86455369,6.537529623,3.044499181,4.940000057,5.199999809,5.199999809,5.199999809,-10.93117319,15.38461045,FALSE,FALSE,FALSE,0.483857155,10.99675328,55037,161882.74,15,10,5,FALSE,7.843141609,7.055959913,0,FALSE
SILC,42.24,5,Avoid,Avoid,Clean,distribution cluster,REGULAR,42.24,,,,42.24000168,79,30,25,4,5,0,15,Stage 2,41.09999847,26.3320001,49.42402578,42.94244101,39.63115088,29.65318582,27.10719953,53.51749332,103.1746023,201.9299669,170.9429202,7.055537766,194.8744291,0.057151362,0.055944219,0.03342075,59.57351559,-6.049816418,-9.06350703,49.75999832,52.58000183,52.58000183,52.58000183,-15.11253396,19.66527157,FALSE,FALSE,TRUE,4.418571472,10.4606328,79728,164890.56,19,13,6,FALSE,2.773730527,3.175386164,1,FALSE
AUR,6.535,5,Avoid,Avoid,Clean,distribution cluster,REGULAR,6.535,,,,6.545000076,78,30,25,0,1,7,15,Stage 2,6.360000134,5.101333332,12.77403254,6.436717435,6.244509484,5.574881271,5.487413792,13.70790165,58.85922957,59.63415192,21.20370298,7.055537766,52.57861415,0.008855484,0.008796442,0.007322549,20.18450163,-0.228656503,6.769982938,8.069999695,8.56499958,8.56499958,8.56499958,-18.89714593,23.5843503,FALSE,FALSE,FALSE,0.33314286,5.090035993,10674988,30823325.76,16,15,1,FALSE,2.908804071,0.306983597,2,FALSE
BAND,59.915,5,Avoid,Avoid,Clean,distribution cluster,REGULAR,59.915,,,,59.91500092,78,30,25,0,5,3,15,Stage 2,56.90000153,28.43466651,84.72065832,56.43809978,49.76185314,33.37199786,29.74720196,92.97097468,255.3677268,297.8419605,299.6998121,7.055537766,290.7864227,0.081065904,0.068227628,0.034124024,178.5538667,17.89649995,-8.302717671,75.98000336,75.98000336,75.98000336,75.98000336,-21.14372431,21.14372431,FALSE,FALSE,FALSE,5.176856995,8.640335334,518786,1381953.72,21,12,9,FALSE,5.298768557,0.376951406,1,FALSE
DELL,395.47,5,Avoid,Avoid,Clean,distribution cluster,REGULAR,395.47,,,,395.4700012,77,30,25,4,0,3,15,Stage 2,399.4899902,201.7440002,42.83806048,390.4927696,327.326362,230.6850615,209.6566271,53.0797256,130.1786897,208.0464139,213.9148997,7.055537766,200.9908761,0.535076901,0.420134598,0.260266536,94.43888922,-5.550378713,-0.025281518,469.4700012,469.4700012,469.4700012,469.4700012,-15.76245549,15.76245549,TRUE,TRUE,FALSE,30.68428693,7.758941725,3841182,8999097.64,8,9,-1,FALSE,-1.006280285,2.094974895,1,FALSE
FORM,145.43,5,Avoid,Avoid,Clean,distribution cluster,REGULAR,145.43,,,,145.4299927,76,30,25,8,-5,3,15,Stage 2,130.7400055,101.4610003,41.73302074,137.8859042,130.706016,104.5442247,95.00492839,38.06257558,48.50402555,150.0085908,312.4503676,7.055537766,142.953053,0.196768983,0.184557844,0.121811479,8.133551658,-7.16839699,4.468059523,157.2400055,159.0899963,159.0899963,159.0899963,-7.510819387,8.586337279,FALSE,FALSE,FALSE,13.6810706,9.407323997,1116096,2054115.92,11,11,0,FALSE,11.23603072,6.331789232,0,FALSE
PRCH,14.045,5,Avoid,Avoid,Clean,weekly Transition,REGULAR,14.045,,,,14.04500008,76,30,12,12,10,7,5,Transition,13.89000034,8.974000041,-10.00952653,11.75122542,10.51237014,9.869650792,9.823707394,4.480598497,107.7662663,55.537104,17.62982052,7.055537766,48.48156624,0.019003098,0.014016514,0.015274406,72.94050633,14.55954171,36.62451791,14.18999958,14.18999958,14.18999958,19.43600082,-1.021842906,27.73719139,FALSE,FALSE,FALSE,0.764000075,5.439658747,710719,2092210.38,17,6,11,FALSE,1.115908777,1.115908777,0,FALSE
RDVT,62.61,5,Avoid,Avoid,Clean,weekly Transition,REGULAR,62.61,,,,62.61000061,76,30,4,20,10,7,5,Transition,60.27999878,46.88999977,-2.259557302,55.42164371,50.9762732,47.64107255,47.04379957,4.528913267,78.63053345,11.6042822,30.54629234,7.055537766,4.548744433,0.084712279,0.066902816,0.070494979,55.31542917,15.17660027,13.83636475,62.83000183,62.83000183,62.83000183,64.13500214,-0.350153134,2.377799135,FALSE,FALSE,FALSE,2.666428702,4.258790411,130421,164964.42,15,6,9,FALSE,3.865298405,2.22040916,0,FALSE
AMPG,7.19,5,Avoid,Avoid,Clean,distribution cluster | excess volatility,REGULAR,7.19,,,,7.190000057,75,30,25,0,10,-5,15,Stage 2,6.550000191,3.463666654,13.87397217,6.958638628,5.405160415,3.907516055,3.648056488,30.31966519,299.4444582,134.9673265,244.0191556,7.055537766,127.9117888,0.009728179,0.006262936,0.005083763,239.5957128,-14.91124001,-15.31212896,10.10999966,10.10999966,10.10999966,10.10999966,-28.88229178,28.88229178,FALSE,FALSE,FALSE,1.282000099,17.83032112,1436839,4764244.78,19,9,10,FALSE,9.770990043,5.657608209,0,FALSE
LILAK,7.525,5,Avoid,Avoid,Clean,weekly Stage 1/3,REGULAR,7.525,,,,7.525000095,75,30,12,20,6,7,0,Stage 1/3,7.070000172,5.479006306,-0.461618989,5.915543903,5.657666248,5.487676259,5.422415311,2.124765378,31.24170023,44.60575518,84.30617746,7.055537766,37.55021741,0.010181439,0.007603248,0.007994504,22.13510592,41.98112877,35.08293256,7.570000172,7.570000172,7.570000172,7.570000172,-0.594452778,0.594452778,FALSE,FALSE,FALSE,0.386622667,5.13784269,1073459,1510864.62,8,7,1,FALSE,6.435642329,1.006715275,0,FALSE
ALDF,10.66,5,Avoid,Avoid,Clean,not outperforming SPY,REGULAR,10.66,,,,10.65999985,75,25,0,20,5,10,15,Stage 2,10.65999985,10.57143335,0.526815122,10.66559276,10.64216127,10.57076935,10.5348694,0.697330587,1.138518842,1.620591802,1.620591802,5.964004732,-4.34341293,0.014622971,0.014499922,0.01528803,-3.258952951,-0.187270198,-0.187270198,10.68999958,10.68999958,10.68999958,10.68999958,-0.280633622,0.280633622,FALSE,FALSE,TRUE,0.013571535,0.127312711,0,21366,0,0,0,FALSE,0,-0.187267346,1,FALSE
CCIX,10.887,5,Avoid,Avoid,Clean,not outperforming SPY,REGULAR,10.887,,,,10.88700008,75,25,0,20,5,10,15,Stage 2,10.86999989,10.70133336,0.455278213,10.83056865,10.7943009,10.7233916,10.69825635,0.625380766,1.93820012,2.707544265,3.390316809,7.055537766,-4.347993501,0.014730276,0.014693604,0.015482905,-3.675251603,0.526317273,0.71230029,10.94999981,10.94999981,10.94999981,11.31999969,-0.575339967,3.825085005,FALSE,FALSE,FALSE,0.067142759,0.616724153,136441,194082.82,0,0,0,FALSE,0.156395571,-0.108267079,1,FALSE
HVII,10.43,5,Avoid,Avoid,Clean,not outperforming SPY,REGULAR,10.43,,,,10.43000031,75,25,0,20,5,10,15,Stage 2,10.43000031,10.36723344,0.074650404,10.43227435,10.41527104,10.36129069,10.32983107,0.58553742,0.870407652,-0.13404767,2.455795604,5.964004732,-6.098052401,0.014307467,0.014196503,0.015030984,-3.615320216,-0.382043561,0,10.47000027,10.47000027,10.47000027,10.98999977,-0.382043561,5.095536648,TRUE,FALSE,TRUE,0.016571317,0.158881274,8300,55526,0,0,0,FALSE,0,0,0,FALSE
NOEM,10.42,5,Avoid,Avoid,Clean,not outperforming SPY,REGULAR,10.42,,,,10.42000008,75,25,0,20,5,10,15,Stage 2,10.42000008,10.37599993,0.682146224,10.42411035,10.41531399,10.35330467,10.31652042,0.665551411,0.482161922,1.066921942,3.578525265,5.964004732,-4.89708279,0.014293749,0.01419733,0.014974961,-3.800315346,-0.191566139,0.192312101,10.46000004,10.48999977,10.48999977,10.5,-0.382408812,0.761904035,TRUE,FALSE,TRUE,0.020714283,0.198793501,0,6718,0,0,0,FALSE,0,-0.094920305,1,FALSE
SVCC,10.58,5,Avoid,Avoid,Clean,not outperforming SPY,REGULAR,10.58,,,,10.57999992,75,25,0,20,5,10,15,Stage 2,10.57999992,10.44966666,0.575883193,10.5459987,10.52186247,10.44719225,10.41162457,0.701932026,1.050617515,2.025072714,3.522501441,5.964004732,-3.938932017,0.014513231,0.014330378,0.015109301,-3.068786335,0.379506281,0.284357653,10.57999992,10.57999992,10.57999992,10.57999992,0,0,FALSE,FALSE,FALSE,0.011071478,0.104645347,700,3124,0,0,0,FALSE,0.474835632,0.474833084,0,FALSE
ETN,411.13,5,Avoid,Avoid,Clean,distribution cluster,REGULAR,411.13,,,,411.1300049,74,30,8,8,6,7,15,Stage 2,402.6799927,371.3986684,3.831201064,407.4548609,401.1758775,381.260303,374.4226312,5.877929951,15.04645784,27.02134514,18.09329223,7.055537766,19.96580738,0.556265123,0.55365403,0.536436045,-0.616464104,-5.656522549,5.043560003,436.7399902,436.7399902,436.7399902,436.7399902,-5.863897496,5.863897496,TRUE,FALSE,FALSE,18.06678772,4.394422082,944591,2700231.82,10,8,2,FALSE,2.098443519,1.566243288,1,FALSE
NHIC,10.875,5,Avoid,Avoid,Clean,not outperforming SPY,REGULAR,10.875,,,,10.875,73,25,0,8,15,10,15,Stage 2,10.98999977,10.52379993,1.637001077,10.95721969,10.81827906,10.56677243,10.49663067,1.933064458,4.768784972,4.869817936,6.93215259,7.055537766,-2.185719829,0.01471404,0.01465275,0.015136135,-0.728335747,-1.494564877,-0.412088608,11.60000038,11.60000038,11.60000038,11.60000038,-6.250003083,6.250003083,TRUE,FALSE,TRUE,0.225428445,2.072905241,12776,152291.52,5,0,5,FALSE,-1.046403763,0.415513173,1,FALSE
GCTS,2.6011,5,Avoid,Avoid,Clean,distribution cluster,REGULAR,2.6011,,,,2.601099968,71,30,25,0,1,0,15,Stage 2,2.349999905,1.6085,25.45170961,2.669755433,2.373535374,1.840342936,1.803113375,25.67268692,132.2410676,109.7661248,75.74999557,7.055537766,102.7105871,0.003519328,0.003102818,0.002233324,89.95164889,-10.30690061,3.218253478,3.730000019,3.930000067,3.930000067,3.930000067,-30.26541677,33.8142513,FALSE,TRUE,TRUE,0.292571459,11.24798982,1831385,7164937.7,13,12,1,FALSE,10.68510951,10.4501039,0,FALSE
ELVA,10.2,5,Avoid,Avoid,Clean,distribution cluster,REGULAR,10.2,,,,10.19999981,70,30,12,0,6,7,15,Stage 2,9.760000229,8.843000062,19.99728616,10.10314744,9.952576636,8.706976913,8.134698979,19.98845537,37.83783348,29.60609857,199.1202215,7.055537766,22.55056081,0.013800754,0.013876258,0.011579918,1.079717271,-1.353968484,7.368419045,12.77999973,12.77999973,12.77999973,12.77999973,-20.18779325,20.18779325,FALSE,FALSE,FALSE,0.701778616,6.880182641,126046,419124.92,10,8,2,FALSE,4.508192316,2.147085079,1,FALSE
GEF,73.66,5,Avoid,Avoid,Clean,not outperforming SPY,REGULAR,73.66,,,,73.66000366,70,25,0,14,6,10,15,Stage 2,74.86000061,68.90400009,3.277509404,69.29707727,67.66171483,67.03855251,66.54543221,0.235657868,10.98387918,6.214859817,11.35298861,7.055537766,-0.840677949,0.099663101,0.090706283,0.095986708,2.747004061,6.414334532,7.705811258,75.15000153,75.15000153,77.13999939,77.13999939,-1.982698381,4.511272693,TRUE,TRUE,FALSE,2.169284548,2.944996525,70188,223141.76,8,6,2,FALSE,-1.602988163,0.231331886,1,FALSE
ATII,10.835,5,Avoid,Avoid,Clean,not outperforming SPY,REGULAR,10.835,,,,10.83500004,70,22,0,8,15,10,15,Stage 2,10.81999969,10.62736661,1.950620346,10.94292679,10.88910554,10.6584899,10.58333818,2.149147136,4.082614764,4.584945919,6.121449536,7.055537766,-2.470591847,0.014659919,0.014841556,0.015253759,-1.660817978,-0.869169848,-1.320578417,11.38000011,11.39999962,11.39999962,11.39999962,-4.789104313,4.956136836,TRUE,TRUE,TRUE,0.149285725,1.377810103,388603,352160.06,4,1,3,FALSE,0.13863534,-0.092210499,0,FALSE
HSTM,27.53,5,Avoid,Avoid,Clean,weekly Transition,REGULAR,27.53,,,,27.53000069,70,17,8,20,10,10,5,Transition,26.72999954,22.51999989,-2.603581746,25.70127267,24.39386791,23.71303252,24.07323516,0.445854555,30.47393454,15.52665033,0.879442151,7.055537766,8.471112569,0.037248508,0.032611464,0.034351865,22.35855004,8.556782429,5.357832265,27.90999985,27.90999985,27.90999985,29.62999916,-1.361516169,7.087406458,FALSE,FALSE,FALSE,0.794285366,2.885162898,123372,241703.44,10,6,4,FALSE,2.992896214,0.897932346,1,FALSE
MATW,27.06,5,Avoid,Avoid,Clean,not outperforming SPY,REGULAR,27.06,,,,27.05999947,69,30,0,4,10,10,15,Stage 2,27.25,26.48166676,4.165574076,26.41455201,26.53958951,26.15751006,25.9558486,2.370654401,7.380947011,1.652887351,13.88888554,7.055537766,-5.402650415,0.036612589,0.036735404,0.037345853,-4.64147075,3.598769512,0.894853743,27.56999969,30.93000031,30.93000031,30.93000031,-1.84983763,12.51212674,FALSE,FALSE,FALSE,0.963571548,3.560870538,120676,289283.52,9,6,3,FALSE,-0.697249666,-0.58780254,1,FALSE
NVMI,521.12,5,Avoid,Avoid,Clean,distribution cluster,REGULAR,521.12,,,,521.1199951,69,30,12,4,5,3,15,Stage 2,488.5799866,453.0996643,17.76571511,531.4965598,515.9143438,454.2613776,427.7633264,16.62045459,18.24287386,54.93845537,93.81136033,7.055537766,47.8829176,0.705083246,0.708277735,0.598392665,-3.790455536,-10.62939171,-10.62172952,615.9899902,615.9899902,615.9899902,615.9899902,-15.4012235,15.4012235,FALSE,TRUE,TRUE,41.5035662,7.964301233,213437,424542.74,17,12,5,FALSE,6.660119006,3.823242827,0,FALSE
SBXD,10.81,5,Avoid,Avoid,Clean,not outperforming SPY,REGULAR,10.81,,,,10.81000042,69,25,0,14,5,10,15,Stage 2,10.81000042,10.6875,0.820715895,10.8032625,10.78040755,10.69707269,10.65769415,0.793879393,0.933710375,2.367424148,-0.916585052,7.055537766,-4.688113618,0.014626094,0.014676266,0.015421649,-4.800137485,-0.184667629,0.185361055,10.98999977,11.07999992,11.07999992,11.19999981,-1.637846727,3.482137467,FALSE,FALSE,FALSE,0.039999826,0.370026125,15059,29715.18,0,0,0,FALSE,0,0,0,FALSE
CRSR,8.92,5,Avoid,Avoid,Clean,distribution cluster,REGULAR,8.92,,,,8.920000076,69,22,25,0,0,7,15,Stage 2,8.609999657,6.616666651,5.143280928,8.80003928,8.181657631,7.306666102,7.314212902,9.068394562,67.66916896,44.33657482,-5.807816,7.055537766,37.28103706,0.012068895,0.011019236,0.009915326,32.5236441,-3.463200246,5.812571214,11.76500034,13.10000038,13.10000038,13.10000038,-24.18189702,31.90839835,FALSE,FALSE,FALSE,0.545735768,6.118113938,676554,2743813.08,9,9,0,FALSE,3.600469593,2.170549799,1,FALSE
NYAX,63.25,5,Avoid,Avoid,Clean,,REGULAR,63.25,,,,63.25,68,22,12,4,5,10,15,Stage 2,63.65999985,59.37996635,15.11404028,66.03583313,65.73223329,59.67165574,57.05921656,13.52969962,17.06459639,30.0637438,30.33175683,7.055537766,23.00820604,0.085578208,0.092040501,0.079628906,-7.499341857,-0.565949704,-6.765914778,73.97000122,76.86000061,76.86000061,76.86000061,-14.49236318,17.70752082,FALSE,TRUE,TRUE,2.363928659,3.737436614,14904,29802.08,4,5,-1,FALSE,-0.644046259,-0.464235073,0,FALSE
ENS,222.56,5,Avoid,Avoid,Clean,distribution cluster,REGULAR,222.56,,,,222.5599976,67,30,12,8,-5,7,15,Stage 2,221.8999939,186.1483322,21.6724696,225.9353047,218.9064415,187.6634009,176.0079082,21.61855678,29.87104155,48.60118262,157.9508585,7.055537766,41.54564485,0.301127047,0.303704196,0.24195023,8.979157561,-4.456085161,-0.758047351,241.4199982,244.3000031,244.3000031,244.3000031,-7.812111985,8.898896939,TRUE,FALSE,TRUE,10.44474901,4.693003742,209764,494295.28,9,12,-3,FALSE,0.297432934,0.851914512,1,FALSE
MKTW,17.45,5,Avoid,Avoid,Clean,,REGULAR,17.45,,,,17.45000076,67,30,8,4,0,10,15,Stage 2,16.95999908,16.33399992,3.432117595,16.99387455,16.98359824,16.57949633,16.54495414,2.541224805,-8.782009783,22.88733097,-11.86867962,7.055537766,15.8317932,0.023610115,0.023414203,0.023422929,-1.273705598,6.989585128,3.254444715,17.89999962,21.42099953,21.42099953,21.73999977,-2.513960141,19.73320632,FALSE,FALSE,FALSE,0.608214378,3.485469065,5946,25294.92,5,6,-1,FALSE,2.889160996,2.286056912,0,FALSE
WYY,16.495,5,Avoid,Avoid,Clean,distribution cluster,REGULAR,16.495,,,,16.49500084,67,30,25,0,-3,0,15,Stage 2,16.71999931,7.223666652,25.97953702,13.87080308,11.03523,7.95083732,7.30932538,41.56073124,257.034659,189.3859893,393.8623133,7.055537766,182.3304516,0.022317986,0.01375377,0.009820042,202.3096128,20.31364547,38.49707011,24.29999924,24.29999924,24.29999924,24.29999924,-32.11933598,32.11933598,TRUE,TRUE,FALSE,2.110000134,12.79175524,715102,319604.04,24,12,12,TRUE,-1.345684709,10.18704439,0,FALSE
DYNC,10.795,5,Avoid,Avoid,Clean,not outperforming SPY,REGULAR,10.795,,,,10.79500008,67,25,0,12,5,10,15,Stage 2,10.77000046,10.5280001,1.21779295,10.7882279,10.74401456,10.59444377,10.54216407,1.487220975,3.104105071,4.907678487,6.041254938,7.055537766,-2.147859279,0.014605799,0.014668937,0.015230167,-4.932240221,-0.046297355,-0.046297355,10.84000015,10.88000011,10.88000011,15.23999977,-0.415129849,29.1666651,FALSE,FALSE,FALSE,0.027857304,0.258057466,21759,116053.18,0,0,0,FALSE,0.232122725,0.139149756,1,FALSE
RDCM,13.82,5,Avoid,Avoid,Clean,not outperforming SPY,REGULAR,13.82,,,,13.81999969,66,30,0,4,10,7,15,Stage 2,13.43000031,13.06933333,2.448328737,13.31482373,13.62345569,13.30041733,13.17917636,5.59781717,13.27868779,3.134329017,3.134329017,7.055537766,-3.921208749,0.018698669,0.019565779,0.019129276,0.923903952,8.137715052,7.968746007,15.77999973,16.73999977,16.73999977,16.73999977,-12.42078626,17.4432504,FALSE,FALSE,FALSE,0.632857323,4.579286083,207156,261625.12,10,6,4,FALSE,2.903941778,-0.575539035,2,FALSE
AIRG,6.19,5,Avoid,Avoid,Clean,distribution cluster,REGULAR,6.19,,,,6.190000057,66,22,12,4,6,7,15,Stage 2,6.230000019,5.399833353,20.56787746,6.611151834,6.529909031,5.705068793,5.517032955,18.00194763,16.13508716,56.70886032,45.30515786,7.055537766,49.65332255,0.008375164,0.00928562,0.007208149,-5.825041011,-7.611936814,-10.28985548,7.657999992,7.657999992,7.657999992,7.657999992,-19.16949512,19.16949512,FALSE,FALSE,TRUE,0.332500049,5.371567786,43166,103887.32,10,8,2,FALSE,-0.64205396,0.161816006,1,FALSE
NXDR,2.325,5,Avoid,Avoid,Clean,not outperforming SPY,REGULAR,2.325,,,,2.325000048,66,22,0,12,10,7,15,Stage 2,2.220000029,1.855666657,1.75470605,2.137631103,1.992426478,1.871088739,1.872388538,3.9957583,70.95588406,6.651375068,47.15189776,7.055537766,-0.404162698,0.00314576,0.002653313,0.002714432,42.40349287,7.142855573,10.71429301,2.349999905,2.349999905,2.349999905,3.720000029,-1.063823743,37.4999992,FALSE,FALSE,FALSE,0.11207142,4.82027605,2585753,2950257.06,10,6,4,FALSE,4.729730528,2.19780001,1,FALSE
RDNW,6.93,5,Avoid,Avoid,Clean,distribution cluster,REGULAR,6.93,,,,6.929999828,66,22,12,4,10,3,15,Stage 2,6.989999771,6.538333337,20.27839039,7.229173395,7.250928404,6.415661097,6.070984867,17.00953111,9.478671593,29.77527398,205.2863386,7.055537766,22.71973621,0.009376395,0.010097291,0.00845918,2.637145504,6.697458821,-11.71974634,8.550000191,8.550000191,8.550000191,8.550000191,-18.94737224,18.94737224,TRUE,TRUE,TRUE,0.530357191,7.653062102,67529,115988.58,11,8,3,FALSE,-0.858368308,1.612898151,1,FALSE
TENB,32.715,5,Avoid,Avoid,Clean,weekly Transition,REGULAR,32.715,,,,32.71500015,66,12,12,20,10,7,5,Transition,30.21999931,22.59300016,-4.763309785,27.64540707,25.31272314,24.35992979,25.16656145,-0.493356571,97.79321851,35.35374452,-1.668170416,7.055537766,28.29820675,0.044263891,0.033294582,0.035278612,63.20651196,24.20273334,22.07089957,32.95999908,32.95999908,32.95999908,35.68999863,-0.743322023,8.3356643,FALSE,FALSE,FALSE,1.622142928,4.958407215,2484563,3435771.26,12,7,5,FALSE,8.256124738,0.909938311,0,FALSE
KVHI,9.53,5,Avoid,Avoid,Clean,distribution cluster,REGULAR,9.53,,,,9.529999733,65,30,12,0,5,3,15,Stage 2,9.329999924,8.026000007,18.97420641,9.191063034,9.196668375,8.192013167,7.798213759,17.35637235,10.81394547,40.14705097,79.81130925,7.055537766,33.0915132,0.012894234,0.013120375,0.010657428,-6.535458909,-1.549592639,10.55684292,10,13,13,13,-4.70000267,26.69230975,TRUE,FALSE,FALSE,0.671428612,7.045421103,86310,291254.2,15,12,3,FALSE,2.143620696,1.114053476,1,FALSE
BIO-B,296.49,5,Avoid,Avoid,Clean,weekly Transition | not outperforming SPY,REGULAR,296.49,,,,296.4899902,65,25,0,14,11,10,5,Transition,296.4899902,289.9643336,-1.238979411,297.3234228,290.5936069,286.6902638,286.3448266,0.571952672,10.40402298,-4.573550503,18.55805665,5.964004732,-10.53755524,0.40671339,0.391941949,0.421945038,2.770747732,-2.518495419,-2.518495419,304.1499939,304.1499939,304.1499939,321.1199951,-2.518495419,7.670031533,FALSE,FALSE,TRUE,1.529283796,0.515796096,0,134,4,3,1,FALSE,0,-0.245613008,0,FALSE
ADI,396.52,5,Avoid,Avoid,Clean,distribution cluster,REGULAR,396.52,,,,396.519989,65,22,12,4,5,7,15,Stage 2,386.9100037,344.4360026,19.57853326,411.71748,399.6292026,350.0500683,332.5231492,17.57876504,28.9747547,42.85919891,67.09649554,7.055537766,35.80366115,0.536497551,0.555080532,0.454166123,6.398776108,-10.99039705,-5.091079034,445.9100037,445.9100037,445.9100037,445.9100037,-11.07622934,11.07622934,TRUE,FALSE,TRUE,20.98142351,5.291391127,1784078,4757371.56,16,12,4,FALSE,2.483777949,1.128959209,1,FALSE
LILA,7.6,5,Avoid,Avoid,Clean,weekly Stage 1/3 | distribution cluster,REGULAR,7.6,,,,7.599999905,64,30,12,20,-5,7,0,Stage 1/3,7.130000114,5.413065275,-0.382996494,5.923041018,5.617921344,5.423423951,5.358484955,2.203843942,34.30012722,47.97882217,90.25851089,7.055537766,40.92328441,0.010282915,0.007509085,0.007890492,25.83697959,43.93938641,37.09804365,7.639999866,7.639999866,7.639999866,7.639999866,-0.523559719,0.523559719,FALSE,FALSE,FALSE,0.402881724,5.301075389,593818,786165.46,13,13,0,FALSE,6.591862309,0.996675194,0,FALSE
HVT-A,28.09,5,Avoid,Avoid,Clean,,REGULAR,28.09,,,,28.09000015,63,25,8,0,5,10,15,Stage 2,28.09000015,24.97266649,4.642846889,25.75063895,24.77682384,24.20332174,24.009969,0.84006546,18.42327557,12.00159585,40.66099709,5.964004732,6.037591114,0.038532765,0.032919719,0.034634203,13.13181049,-7.750412319,13.49495011,30.45000076,30.45000076,44.99000168,44.99000168,-7.750412319,37.56390508,FALSE,FALSE,FALSE,1.073571614,3.821899637,0,1182,4,4,0,FALSE,0,4.346211562,0,FALSE
MSGM,4,5,Avoid,Avoid,Clean,,REGULAR,4,,,,4,63,22,8,0,11,7,15,Stage 2,3.829999924,3.82483333,16.44628028,4.081388546,4.16860263,3.838355866,3.660409291,12.45925988,-1.477831124,26.18296226,42.34875735,7.055537766,19.1274245,0.005412061,0.005858595,0.005077622,-10.64879337,0.250626327,-8.256883543,4.389999866,5.558000088,5.558000088,5.558000088,-8.883824108,28.0316672,FALSE,FALSE,TRUE,0.222642779,5.566069484,22008,59892.16,4,3,1,FALSE,4.438644378,1.781168755,0,FALSE
COMP,11.5,5,Avoid,Avoid,Clean,2+ bearish hourly candles,REGULAR,11.5,,,,11.5,63,12,4,10,15,7,15,Stage 2,11.39999962,9.57899998,0.693787289,9.599053938,8.90060641,8.903517638,8.824772201,-1.564640912,62.42938028,7.677899545,82.25039785,7.055537766,0.622361779,0.015559674,0.011567318,0.013406217,49.55616815,17.58691528,33.87659832,11.55000019,11.55000019,13.13000011,13.95499992,-0.432902077,17.59226039,TRUE,FALSE,FALSE,0.612785816,5.328572315,7559364,13861909.28,11,2,9,FALSE,0.877196358,0.524479212,2,FALSE
OPTX,10.555,5,Avoid,Avoid,Clean,distribution cluster | excess volatility,REGULAR,10.555,,,,10.55500031,62,30,12,0,10,-5,15,Stage 2,10.56000042,7.035333375,61.61415051,11.18058183,10.2819714,7.614306122,6.749254833,49.61526002,45.98893883,325.6048477,693.6090199,7.055537766,318.54931,0.014281075,0.013606735,0.008087277,-9.317115676,-9.709147271,-20.33962034,14.92000008,14.92000008,14.92000008,14.92000008,-29.25603049,29.25603049,FALSE,FALSE,TRUE,1.647356851,15.60735957,365018,1222798.36,12,8,4,FALSE,-0.047349567,0.811843706,1,FALSE
DSP,13.04,5,Avoid,Avoid,Clean,distribution cluster,REGULAR,13.04,,,,13.03999996,61,17,17,4,1,7,15,Stage 2,11.78999996,11.2626667,7.577687253,11.55268892,11.39773114,11.22479602,11.31376078,0.41271366,21.30232523,9.304271821,-3.976435677,7.055537766,2.248734055,0.017643317,0.015431161,0.015386581,0.975606943,21.52842981,17.4774731,14.15999985,14.15999985,14.15999985,15.18000031,-7.909603797,14.09749868,FALSE,FALSE,FALSE,0.712857383,5.466697736,294023,283886.46,12,10,2,FALSE,10.60220529,4.612914579,1,FALSE
EMR,143.1825,5,Avoid,Avoid,Clean,not outperforming SPY | distribution cluster,REGULAR,143.1825,,,,143.1824951,60,25,0,4,6,10,15,Stage 2,143.4900055,140.8810015,2.402804883,143.5186425,141.6378759,139.3641398,137.8752845,1.613184963,14.18061673,5.049517176,7.875009211,7.055537766,-2.00602059,0.193728084,0.191943568,0.200527164,-3.162180494,-4.678457681,0.078624301,152.8800049,152.8800049,165.1499939,165.1499939,-6.343216546,13.3015438,TRUE,TRUE,TRUE,4.789995466,3.345377842,708619,2895816.38,10,9,1,FALSE,-0.214307871,0.861149863,1,FALSE
ATOM,7.355,5,Avoid,Avoid,Clean,below EMA20 with deep 20D-high pullback,REGULAR,7.355,,,,7.355000019,60,22,12,0,11,0,15,Stage 2,7.079999924,5.386666663,53.32068254,8.223107359,7.955409515,6.186806357,5.808371495,44.06889733,96.65775402,226.8888897,41.71483503,7.055537766,219.833352,0.009951426,0.011576262,0.00680265,31.25032647,-10.9564187,-18.27777757,10.32999992,12.36499977,12.36499977,12.36499977,-28.79961207,40.51758872,FALSE,FALSE,TRUE,0.871071407,11.84325499,405437,2485984.74,6,5,1,FALSE,3.88418218,4.326238583,0,FALSE
CIG-C,3.05,5,Avoid,Avoid,Clean,lower high and lower low,REGULAR,3.05,,,,3.049999952,60,22,8,0,5,10,15,Stage 2,3.046799898,3.013803347,6.62744259,3.07467397,3.149636249,3.049401601,2.988216879,5.054792991,-5.572757452,16.85824042,14.39930698,7.055537766,9.802702652,0.004126696,0.00440811,0.004221329,-21.74223088,1.436743945,-1.733362492,3.180000067,4,4,4,-4.088053827,23.75000119,TRUE,TRUE,TRUE,0.077228546,2.53208352,1837,2861.54,4,5,-1,FALSE,0.105030008,0.826441526,0,FALSE
GOOG,350.785,5,Avoid,Avoid,Clean,,REGULAR,350.785,,,,350.7250061,60,22,4,4,5,10,15,Stage 2,334.6900024,332.4356649,11.07142574,356.8711991,356.4550382,326.5505043,311.871795,12.84686288,28.11403916,11.10494858,101.0692088,7.055537766,4.049410815,0.474536245,0.499174381,0.452985829,0.058028054,0.557660225,-2.075887168,374.6000061,404.4700012,404.4700012,404.4700012,-6.373464926,13.28775804,FALSE,FALSE,TRUE,12.94013977,3.689540108,14087731,22527466.62,4,5,-1,FALSE,4.791001687,1.075519484,0,FALSE
MKDW,11.75,5,Avoid,Avoid,Clean,,REGULAR,11.75,,,,11.75,60,0,25,8,5,7,15,Stage 2,11.57999992,5.736999989,15.60316965,9.527297368,8.272031195,7.337628638,9.464682689,-7.205790603,144.2827472,109.4474103,61.17969906,7.055537766,102.3918726,0.015897928,0.011126143,0.008387115,34.88439039,27.02702703,35.21289491,12.28999996,12.28999996,12.28999996,12.28999996,-4.393815814,4.393815814,FALSE,FALSE,FALSE,0.759785584,6.46626029,15220,18170.4,2,3,-1,FALSE,1.468049028,-0.847228543,0,FALSE
ALMU,21.4,5,Avoid,Avoid,Clean,distribution cluster,REGULAR,21.4,,,,21.39999962,59,22,12,0,10,0,15,Stage 2,20.02000046,18.24133342,15.83637665,22.81919547,22.12918322,19.23103428,18.27418943,21.41573694,75.40983568,33.00186088,44.6923575,7.055537766,25.94632311,0.028954524,0.031455916,0.025653848,17.09642535,-8.331547449,-15.07936916,28.79000092,31.79000092,31.79000092,31.79000092,-25.66863863,32.68323686,FALSE,FALSE,TRUE,2.491849763,11.64415798,333377,1551541.54,13,9,4,FALSE,6.893102544,5.237278495,0,FALSE
GOOGL,352.75,5,Avoid,Avoid,Clean,distribution cluster,REGULAR,352.75,,,,352.7749939,59,22,8,4,0,10,15,Stage 2,337.3900146,333.3879985,11.43913385,358.8071832,358.6435404,327.8198623,312.7770651,13.24731186,28.59043472,12.31653284,103.2816685,7.055537766,5.260995078,0.47730991,0.502731386,0.453684966,-0.330554939,0.885095312,-1.91976171,378.5599976,408.6099854,408.6099854,408.6099854,-6.811338712,13.66461747,FALSE,FALSE,TRUE,13.23709106,3.752275896,18365427,32812438.54,4,8,-4,FALSE,4.559998394,0.935672688,0,FALSE
HIMX,14.52,5,Avoid,Avoid,Clean,below EMA20 with deep 20D-high pullback,REGULAR,14.52,,,,14.52000046,59,22,12,0,10,0,15,Stage 2,14.39000034,11.39200017,35.52224655,17.25746257,16.40459239,12.71671991,11.82560362,41.58029002,79.48084282,75.78692561,53.97667007,7.055537766,68.73138784,0.019645781,0.022921166,0.015074437,22.31284186,-21.68284929,-17.96610264,25.09000015,25.09000015,25.09000015,25.09000015,-42.12833651,42.12833651,FALSE,TRUE,TRUE,1.492856979,10.28138383,1401023,4791856.46,11,6,5,FALSE,0.903405916,3.723177485,0,FALSE
INOD,76.24,5,Avoid,Avoid,Clean,distribution cluster,REGULAR,76.24,,,,76.23999786,59,22,12,0,10,0,15,Stage 2,73.90000153,60.6870004,8.343202684,90.02543132,82.49797832,66.46803465,62.88756628,26.60936259,105.3879312,42.45141482,46.72825098,7.055537766,35.39587705,0.103153872,0.109364591,0.091129729,66.69494693,-15.92413144,-24.4400429,125.1399994,125.1399994,125.1399994,125.1399994,-39.07623603,39.07623603,FALSE,FALSE,TRUE,9.472857884,12.42505004,630690,2142687.8,14,8,6,FALSE,3.166436116,1.653330485,1,FALSE
KOPN,4.245,5,Avoid,Avoid,Clean,distribution cluster,REGULAR,4.245,,,,4.244999886,59,22,12,0,10,0,15,Stage 2,3.819999933,3.26433334,24.64044816,4.638654809,4.482420381,3.553866619,3.283702865,41.13789025,133.2417452,73.26529808,163.6645868,7.055537766,66.20976031,0.005743549,0.006398714,0.004531504,36.61079552,-7.111603367,-14.06882922,6.610000134,6.610000134,6.610000134,6.610000134,-35.77912557,35.77912557,FALSE,FALSE,TRUE,0.487142835,11.47568548,3684291,10012555.82,16,9,7,FALSE,11.1256534,2.784498013,0,FALSE
UMAC,19.36,5,Avoid,Avoid,Clean,below EMA20 with deep 20D-high pullback,REGULAR,19.36,,,,19.36000061,59,22,12,0,10,0,15,Stage 2,19.10000038,15.94833349,20.94287204,22.14031027,20.40925843,16.60756069,15.46309268,23.66359948,64.34635865,48.12548632,136.0975739,7.055537766,41.06994856,0.026194374,0.026424956,0.021438088,15.52196078,-14.22241528,-20.75317082,34.36000061,34.36000061,34.36000061,34.36000061,-43.6554125,43.6554125,FALSE,FALSE,TRUE,2.618428503,13.52494019,2379018,6386894.36,13,7,6,FALSE,1.361257716,2.951344303,1,FALSE
JOYY,66,5,Avoid,Avoid,Clean,not outperforming SPY | distribution cluster,REGULAR,66,,,,66,58,30,0,8,-5,10,15,Stage 2,66.66000366,62.67533328,1.600527537,65.93175963,63.87608731,61.55311028,60.27810573,2.999670996,16.9797982,0.227792755,30.38325048,7.055537766,-6.827745011,0.089299,0.085014284,0.089874597,-0.480408894,-1.858736059,-2.6979239,69.93000031,69.93000031,69.93000031,70.95999908,-5.619906032,6.989852239,TRUE,TRUE,FALSE,2.014999935,3.053030204,326017,328716.34,6,10,-4,FALSE,-0.990104449,0.075819642,1,FALSE
HEI-A,254.955,5,Avoid,Avoid,Clean,weekly Transition | not outperforming SPY,REGULAR,254.955,,,,254.9550018,58,20,0,8,15,10,5,Transition,254.7400055,239.1609996,-1.845754142,245.713956,237.0805718,235.7849835,235.1946531,-0.792422529,22.70430423,-2.763161723,0.494680685,7.055537766,-9.818699489,0.344957979,0.312828574,0.349937546,12.02073307,5.301093248,3.183052981,258.3850098,260.2799988,265.2799988,279.6600037,-1.327479461,8.833941753,FALSE,FALSE,FALSE,9.320356097,3.655686701,123691,370649.82,9,3,6,FALSE,0.084398341,-0.807297575,2,FALSE
QMMM,119.4,5,Avoid,Avoid,Clean,weekly Stage 1/3 | not outperforming SPY,REGULAR,119.4,,,,119.4000015,57,30,0,12,5,10,0,Stage 1/3,119.4000015,119.4000015,0,119.4000012,119.3584378,111.1439797,103.3979477,11.16031102,0,0,9529.032307,5.964004732,-5.964004732,0.163788259,0.162667992,0.170733096,-3.984963879,0,0,119.4000015,119.4000015,119.4000015,303,0,60.5940589,FALSE,FALSE,FALSE,0,0,0,0,0,0,0,FALSE,0,,0,FALSE
LASR,63.94,5,Avoid,Avoid,Clean,,REGULAR,63.94,,,,63.93999863,57,22,12,0,5,3,15,Stage 2,61.36999893,57.82483355,29.63659216,66.92542454,68.21194891,58.26029105,53.30496297,27.11900168,-0.590797683,62.61444334,226.3910063,7.055537766,55.55890558,0.086511787,0.096838619,0.07267344,-12.63406034,-1.932512854,-8.211318884,80.27999878,86.94999695,86.94999695,86.94999695,-20.35376233,26.46348376,FALSE,FALSE,TRUE,5.298212869,8.286226122,384584,1251287.68,3,4,-1,FALSE,4.187713442,3.622067465,0,FALSE
MARA,14.325,5,Avoid,Avoid,Clean,weekly Transition,REGULAR,14.325,,,,14.32499981,57,22,12,0,15,3,5,Transition,14.53999996,10.76933335,-8.208085748,13.9908418,13.02831504,12.27312759,12.56235311,3.696615882,78.61594753,44.11469229,-6.188609169,7.055537766,37.05915453,0.019381942,0.017820904,0.01812722,17.74486984,-3.535357298,1.740056015,16.43000031,16.43000031,16.43000031,23.45000076,-12.81193218,38.91258276,TRUE,TRUE,FALSE,1.379999978,9.63350783,30353000,42777970,11,4,7,FALSE,-1.478680558,2.983464891,0,FALSE
RNG,38.82,5,Avoid,Avoid,Clean,last 3H selling,REGULAR,38.82,,,,38.81999969,56,22,12,0,0,7,15,Stage 2,37.18000031,35.55566692,14.00188163,38.28772299,39.32655776,36.30908906,35.18465136,11.53889127,9.785065115,32.67258849,40.29634835,7.055537766,25.61705072,0.052524048,0.055850841,0.048245595,-8.618844281,11.42364961,0.465839306,49.84999847,49.84999847,49.84999847,49.84999847,-22.12637737,22.12637737,FALSE,FALSE,FALSE,1.993571418,5.135423579,766018,1733186.36,5,6,-1,FALSE,4.410971964,-1.120730121,1,FALSE
LPTH,14.28,5,Avoid,Avoid,Clean,distribution cluster,REGULAR,14.28,,,,14.27999973,55,30,12,0,-5,3,15,Stage 2,13.13000011,12.04500006,23.19730023,14.37905789,14.03451899,11.88375569,10.91305005,25.04883742,50.47418417,58.1395366,354.7770464,7.055537766,51.08399884,0.019321056,0.019329305,0.015549421,-9.136652124,-3.5786676,0.140248975,18.79999924,18.94000053,18.94000053,18.94000053,-24.04255153,24.60401621,FALSE,FALSE,TRUE,1.325964383,9.285465039,1384609,3944840.18,12,17,-5,FALSE,8.758565183,5.54323736,0,FALSE
NEE,87.8501,5,Avoid,Avoid,Clean,distribution cluster,REGULAR,87.8501,,,,87.86000061,55,22,4,4,0,10,15,Stage 2,88.55999756,88.54699987,2.873905636,87.13683496,88.63451895,87.48477629,86.06364345,2.648542733,-3.873086276,9.210694771,23.76391499,7.055537766,2.155157005,0.118875911,0.122497737,0.125014356,-9.168608085,2.067842404,2.174674722,89.18530273,98.75,98.75,98.75,-1.486009559,11.02784748,FALSE,TRUE,FALSE,1.437522343,1.636151074,4534922,11639182.44,7,9,-2,FALSE,-0.790421147,0.53810956,1,FALSE
WATT,23.805,5,Avoid,Avoid,Clean,below EMA20 with deep 20D-high pullback,REGULAR,23.805,,,,23.80500031,54,22,12,0,5,0,15,Stage 2,23.04000092,15.87050006,68.55716631,25.08216378,24.34601804,18.41659209,17.22962684,53.31058682,64.1724159,495.1250076,183.3928736,7.055537766,488.0694699,0.032208526,0.036239587,0.019085243,-5.362503169,-7.696783792,0.400679985,31.5,36.97999954,36.97999954,36.97999954,-24.42857046,35.62736452,TRUE,FALSE,TRUE,2.434143066,10.22534356,179204,373262.08,5,5,0,FALSE,3.320309719,2.431155506,1,FALSE
LGL,6.91,5,Avoid,Avoid,Clean,distribution cluster,REGULAR,6.91,,,,6.909999847,54,17,8,4,0,10,15,Stage 2,6.809999943,6.803333346,3.883545119,6.912636897,6.971376301,6.865629202,6.80599386,1.985790212,-3.894300523,19.75736344,-4.426005129,7.055537766,12.70182567,0.009349334,0.009563262,0.009638617,-9.014511481,-0.432279677,0.582241085,7.159999847,7.570000172,7.570000172,7.789999962,-3.491620186,11.29653554,TRUE,FALSE,TRUE,0.150714329,2.181104669,1401,17664.02,5,8,-3,FALSE,1.468427393,14.97503906,0,FALSE
CXDO,7.52,5,Avoid,Avoid,Clean,distribution cluster,REGULAR,7.52,,,,7.519999981,53,22,8,0,5,3,15,Stage 2,7.230000019,7.110999982,9.215174613,7.625271545,7.809732804,7.247859116,7.03293411,11.60703936,22.07792479,13.9393953,26.17449552,7.055537766,6.883857531,0.010174674,0.011094502,0.010035829,10.34252895,7.275317195,3.867406335,11.22999954,11.22999954,11.22999954,11.22999954,-33.03650679,33.03650679,FALSE,FALSE,TRUE,0.546000004,7.260638367,375057,638429.14,18,11,7,FALSE,4.011064469,-0.660504486,2,FALSE
CRNC,11.03,5,Avoid,Avoid,Clean,weekly Transition | not outperforming SPY | distribution cluster,REGULAR,11.03,,,,11.02999973,52,30,0,4,10,3,5,Transition,10.60999966,9.726166646,-1.071386782,10.56083034,10.16283635,9.743504795,9.733776261,4.122028244,82.01319863,-2.647839301,13.36074257,7.055537766,-9.703377066,0.014923757,0.013908678,0.014545988,23.19297316,4.450750897,3.860638906,13.11999989,13.27799988,13.27799988,13.73799992,-15.92987935,19.71174989,FALSE,FALSE,FALSE,0.813407149,7.374498353,411566,1081065.32,14,9,5,FALSE,3.958530536,2.319109519,1,FALSE
QUIK,18.78,5,Avoid,Avoid,Clean,distribution cluster,REGULAR,18.78,,,,18.78000069,52,30,12,0,-5,0,15,Stage 2,18.53000069,11.83466657,55.1002582,20.0021004,18.36879842,13.4146369,12.18380946,58.66108157,97.06192249,193.4375064,214.5728869,7.055537766,186.3819686,0.025409625,0.025529669,0.014625687,43.78159349,-14.402916,-13.89270451,24.32999992,24.32999992,24.32999992,24.32999992,-22.81134096,22.81134096,FALSE,FALSE,TRUE,1.886435917,10.04491932,151342,647366.84,13,13,0,FALSE,1.349163469,3.471080338,0,FALSE
API,4.19,5,Avoid,Avoid,Clean,weekly Transition,REGULAR,4.19,,,,4.190000057,51,25,4,0,10,7,5,Transition,4.059999943,4.087333377,4.1535722,4.221243026,4.147658658,4.036174944,4.004361802,1.693770078,22.87389888,8.831173013,9.685867289,7.055537766,1.775635247,0.005669134,0.005539475,0.005732166,0.959493064,0.479615841,-3.009261789,5.494999886,5.494999886,5.494999886,5.494999886,-23.74885997,23.74885997,FALSE,FALSE,TRUE,0.260357141,6.213774175,192908,476100.16,10,7,3,FALSE,3.201973307,2.696081754,0,FALSE
NVDA,194.75,5,Avoid,Avoid,Clean,not outperforming SPY | distribution cluster,REGULAR,194.75,,,,194.7698975,51,22,0,4,0,10,15,Stage 2,192.5299988,191.8710017,4.20126566,204.6331919,205.0424598,194.0609297,188.6843629,7.825466759,16.26665025,3.265943922,25.64178306,7.055537766,-3.789593844,0.263526621,0.285674537,0.275799167,-6.77787941,-6.652334935,-5.078271288,232.2799988,236.5399933,236.5399933,236.5399933,-16.14865745,17.65878795,FALSE,TRUE,TRUE,6.800001962,3.491300273,84773018,161149138.4,8,9,-1,FALSE,1.163402429,0.257318772,1,FALSE
AAOI,147.455,5,Avoid,Avoid,Clean,distribution cluster,REGULAR,147.455,,,,147.4550018,50,22,12,0,1,0,15,Stage 2,135.6900024,100.0786676,86.06305716,162.3896957,158.8086291,114.368872,99.72399991,84.04478655,50.14255494,259.6463459,430.9866741,7.055537766,252.5908082,0.199508851,0.230948324,0.114189606,-11.01743687,-13.88483005,-12.77432761,209.6399994,233.6699982,233.6699982,233.6699982,-29.66275412,36.89604871,FALSE,FALSE,TRUE,20.62357167,13.98634934,6279301,12564746.02,12,11,1,FALSE,8.670498326,9.991710452,0,FALSE
AVGO,373.51,5,Avoid,Avoid,Clean,not outperforming SPY | distribution cluster,REGULAR,373.51,,,,373.5350037,50,22,0,0,6,7,15,Stage 2,365.019989,363.6459991,5.805985305,392.8680412,395.3426055,367.9197623,354.5891951,11.26472955,24.23008273,6.657244692,38.25923866,7.055537766,-0.398293074,0.505398517,0.559791563,0.522123531,-11.00511734,-4.742050083,-2.233884759,495,495,495,495,-24.5383831,24.5383831,FALSE,TRUE,TRUE,18.37934658,4.920381328,10569949,26500962.98,9,8,1,FALSE,2.332752974,1.632564263,1,FALSE
RMBS,123.61,5,Avoid,Avoid,Clean,distribution cluster,REGULAR,123.61,,,,123.6100006,50,22,12,0,1,0,15,Stage 2,114.7300034,112.8093333,12.6298764,134.4379353,131.6351848,114.7758744,108.6878411,19.40923954,37.75771312,30.8319181,97.71273145,7.055537766,23.77638033,0.167246203,0.184044438,0.15641006,-2.232802262,-11.92732794,-15.6591139,174.1000061,174.1000061,174.1000061,174.1000061,-29.00057652,29.00057652,FALSE,TRUE,TRUE,12.88357598,10.42276185,1294323,3036234.46,11,10,1,FALSE,7.739908475,4.669968528,0,FALSE
ERIC,11.095,5,Avoid,Avoid,Clean,weekly Transition | distribution cluster,REGULAR,11.095,,,,11.09500027,49,22,8,4,0,10,5,Transition,10.96000004,11.13300009,9.425988579,11.77702387,11.96371814,11.17529981,10.78480121,8.803256703,-0.403950403,14.73629968,32.71531965,7.055537766,7.680761919,0.015011703,0.016491166,0.015284319,-13.37901698,-5.332764384,-9.649832994,13.77000046,13.77000046,13.77000046,13.77000046,-19.42628977,19.42628977,FALSE,TRUE,TRUE,0.386428697,3.482908404,4761979,10476985.58,8,8,0,FALSE,1.231753909,1.261315351,0,FALSE
ZETA,19.67,5,Avoid,Avoid,Clean,not outperforming SPY | distribution cluster,REGULAR,19.67,,,,19.67000008,47,30,0,0,-5,7,15,Stage 2,18.97999954,18.52066663,1.078789571,19.57733847,19.18409239,18.5331029,18.41224665,2.971073782,35.18900219,2.930400042,28.22685711,7.055537766,-4.125137724,0.026613808,0.025962258,0.027124289,7.197725208,6.49702657,-2.671939795,25.95000076,25.95000076,25.95000076,25.95000076,-24.20038729,24.20038729,FALSE,FALSE,FALSE,1.316357204,6.692207416,5077043,9365156.86,11,12,-1,FALSE,3.635408592,0.408371226,1,FALSE
LITE,839.535,5,Avoid,Avoid,Clean,distribution cluster,REGULAR,839.535,,,,839.5349731,47,22,12,0,-5,3,15,Stage 2,816.9799805,662.0859975,53.08040109,873.4457528,864.9505901,680.4725484,603.2275936,47.02213018,19.4676471,112.0466116,786.4269679,7.055537766,104.9910738,1.135903534,1.227865224,0.761875152,-10.56999741,-6.084930585,-8.900671105,1049.530029,1085.680054,1085.680054,1085.680054,-20.00848478,22.67197226,FALSE,TRUE,TRUE,77.21856689,9.197778456,3902022,5917802.44,6,11,-5,FALSE,2.760776667,7.710710422,0,FALSE
VEON,51.88,5,Avoid,Avoid,Clean,weekly Transition | not outperforming SPY,REGULAR,51.88,,,,51.88000107,47,17,0,4,11,10,5,Transition,51.65999985,52.38199997,1.533869286,52.0021717,52.19557803,51.81697187,51.22475317,1.613745273,11.64191888,-1.649287075,15.6486856,7.055537766,-8.704824841,0.070194427,0.071415067,0.075207887,-9.511997772,2.875274151,-1.030135673,56.25999832,57.91999817,62.86000061,64,-7.785277967,18.93749833,TRUE,TRUE,TRUE,1.899285998,3.660921277,22184,94595.68,4,3,1,FALSE,0.425863766,-0.689128252,2,FALSE
CVLT,143.07,5,Avoid,Avoid,Clean,weekly Transition,REGULAR,143.07,,,,143.0700073,47,0,8,12,15,7,5,Transition,140.0399933,105.1843328,-10.61986282,126.5760812,115.0129872,114.1441068,118.6405003,-2.675074928,88.05205557,12.49410834,-18.23169325,7.055537766,5.438570569,0.193575887,0.151776471,0.173957871,43.18411408,13.53861193,11.98341025,144.985199,144.985199,144.985199,200.6799927,-1.320956666,28.70738861,FALSE,FALSE,FALSE,6.328941345,4.42366745,291623,820608.46,8,2,6,FALSE,2.163677652,-0.244032108,1,FALSE
SABR,2.12,5,Avoid,Avoid,Clean,weekly Stage 1/3,REGULAR,2.12,,,,2.119999886,47,0,25,0,15,7,0,Stage 1/3,1.99000001,1.524466668,-0.608510391,1.835783759,1.753683732,1.717070803,1.791349809,-0.051963618,39.47367843,47.22220842,-31.83279881,7.055537766,40.16667066,0.002868392,0.002437351,0.002344663,15.66872469,16.48350684,24.70587212,2.130000114,2.214999914,2.214999914,3.519999981,-0.469494288,39.7727302,FALSE,FALSE,FALSE,0.147214293,6.944070822,3479374,6147955.48,11,2,9,FALSE,6.532657055,2.66342987,0,FALSE
BKTI,82.53,5,Avoid,Avoid,Clean,weekly Transition,REGULAR,82.53,,,,82.52999878,46,22,4,0,5,10,5,Transition,82.30000305,82.31366628,6.512165922,82.31013372,83.88341364,80.160837,76.72552523,8.146234897,12.4386881,10.70421918,47.42765176,7.055537766,3.648681417,0.111664338,0.117517035,0.115093924,-19.18473536,1.688017565,-1.232645775,86,104.5500031,104.5500031,104.5500031,-4.03488514,21.06169644,TRUE,FALSE,FALSE,3.017500196,3.656246505,17838,45532.76,3,5,-2,FALSE,0.279460169,0.036362157,2,FALSE
NTES,129.41,5,Avoid,Avoid,Clean,weekly Transition | not outperforming SPY,REGULAR,129.41,,,,129.4100037,46,0,0,16,15,10,5,Transition,123.7099991,123.5596677,-6.183341965,121.5937137,120.0393541,122.5724019,123.0236041,-1.976838432,18.44224889,-5.650335224,-2.640682031,7.055537766,-12.70587299,0.175093695,0.161537279,0.188638169,3.781246924,6.448962727,2.853285627,129.9499969,129.9499969,129.9499969,159.5500031,-0.415539283,18.89062915,FALSE,FALSE,FALSE,3.690000262,2.851402641,843822,990738.44,9,5,4,FALSE,4.60755365,0,1,FALSE
AXTI,70.805,5,Avoid,Avoid,Clean,distribution cluster | excess volatility,REGULAR,70.805,,,,70.80500031,44,22,12,0,0,-5,15,Stage 2,70.15000153,55.4326671,125.452131,87.3185097,88.23090128,61.64974433,52.54889513,121.6845223,16.78211951,371.7188489,3162.903125,7.055537766,364.6633112,0.095800238,0.132091178,0.057809695,-17.8048505,-23.4043721,-27.14035801,123.1999969,143.1600037,143.1600037,143.1600037,-42.52840742,50.54135339,FALSE,TRUE,TRUE,12.92142814,18.24931584,3600990,10728041.8,8,8,0,FALSE,0.933711711,5.932082861,0,FALSE
IPWR,5.3873,5,Avoid,Avoid,Clean,distribution cluster,REGULAR,5.3873,,,,5.387300014,44,22,12,0,-5,0,15,Stage 2,5.130000114,4.186666663,5.347032715,5.795152547,5.482829938,4.751937122,4.739864047,14.13064039,87.05902085,69.94636861,22.43863404,7.055537766,62.89083084,0.007289099,0.007512787,0.006365195,54.9839012,-8.534802434,-11.68360494,8.180000305,9.300000191,9.300000191,9.300000191,-34.14058908,42.07204404,FALSE,FALSE,TRUE,0.597285645,11.08692005,160265,894867.3,12,20,-8,FALSE,5.015592482,2.909262218,1,FALSE
MRAM,22.5,5,Avoid,Avoid,Clean,distribution cluster,REGULAR,22.5,,,,22.5,44,22,12,0,-5,0,15,Stage 2,21.75,15.55766659,53.64837855,24.77155761,23.59847097,17.33430513,15.60427258,67.97689219,154.8131392,141.9354789,255.4502413,7.055537766,134.8799411,0.030442841,0.033867831,0.019594059,76.09664166,-11.8683925,-7.824661448,33.20899963,51.5,51.5,51.5,-32.24728162,56.31067961,FALSE,TRUE,TRUE,2.785143171,12.37841409,775939,4174236.78,13,13,0,FALSE,3.448275862,6.913755849,0,FALSE
LBTYB,12.82,5,Avoid,Avoid,Clean,below EMA200 | weekly Transition,REGULAR,12.82,,,,12.81999969,44,10,8,0,11,10,5,Transition,12.81999969,13.35866667,10.18668667,13.55454888,14.00670937,13.36200031,13.13352668,7.698862674,-3.609026233,16.54545177,33.54165818,5.964004732,10.58144704,0.017585975,0.02009365,0.01824488,-16.54828924,-2.878788787,-5.735299006,14.75,18,29.01000023,29.01000023,-13.08474783,55.80834335,TRUE,FALSE,TRUE,0.483571393,3.772007837,0,7860,2,1,1,FALSE,0,-2.878788787,1,FALSE
EXFY,1.775,5,Avoid,Avoid,Clean,weekly Transition,REGULAR,1.775,,,,1.774999976,43,0,8,12,15,3,5,Transition,1.620000005,1.214266662,-10.25154632,1.390269385,1.233462434,1.294619946,1.402566018,-8.782527141,118.8655979,16.01307251,-28.13765362,7.055537766,8.957534741,0.002401602,0.001588129,0.001951986,84.56822703,8.231706807,40.87301505,1.789999962,1.789999962,1.789999962,2.640000105,-0.837988046,32.76515509,FALSE,FALSE,FALSE,0.148142857,8.346076575,2221128,1345956.56,7,4,3,FALSE,9.56789944,3.801165881,0,FALSE
CAMT,159.9,5,Avoid,Avoid,Clean,weekly Transition | distribution cluster,REGULAR,159.9,,,,159.8999939,42,22,12,0,0,3,5,Transition,153.7200012,156.2796666,17.61522829,174.0844085,174.2058859,156.1464063,147.3751109,15.82538133,4.284870532,46.50906615,90.13079286,7.055537766,39.45352838,0.216347113,0.243952262,0.206360695,-15.95963809,-18.30165905,-17.26600592,204.4900055,215.9900055,215.9900055,215.9900055,-21.80547235,25.96879956,FALSE,TRUE,TRUE,14.76000105,9.230770237,493256,485951.12,9,9,0,FALSE,4.020291847,2.529570722,1,FALSE
IREN,46.635,5,Avoid,Avoid,Clean,distribution cluster,REGULAR,46.635,,,,46.62120056,42,22,4,0,1,0,15,Stage 2,47.20999908,47.19933345,1.20214956,54.54143436,53.63565937,47.72474003,44.84116665,17.3845622,32.86178501,11.05574338,255.6155742,7.055537766,4.000205612,0.06307919,0.074397457,0.070776153,-7.211441578,-18.02144991,-21.99899581,70.70700073,70.70700073,70.70700073,76.87000275,-34.06423681,39.35059334,FALSE,TRUE,TRUE,5.000878743,10.7266194,21995900,47683168,16,14,2,FALSE,-1.247190287,1.837487559,1,FALSE
PL,31.075,5,Avoid,Avoid,Clean,weekly Transition,REGULAR,31.075,,,,31.07500076,42,22,12,0,0,3,5,Transition,27.06999969,29.23433336,37.1387914,32.08951724,34.56560596,29.00398011,26.15105577,37.0702211,0.696695231,52.92815566,412.7887963,7.055537766,45.87261789,0.042044947,0.0509532,0.035033086,-26.04347806,8.011818799,-0.240766795,50.77000046,51.75999832,51.75999832,51.75999832,-38.7925931,39.9632887,FALSE,FALSE,TRUE,2.936428343,9.449487596,8954983,13369317.66,6,6,0,FALSE,14.7949801,4.488907203,0,FALSE
VELO,18.21,5,Avoid,Avoid,Clean,distribution cluster | excess volatility,REGULAR,18.21,,,,18.20999908,41,22,8,0,1,-5,15,Stage 2,16.63999939,15.02983346,50.47639715,20.986146,19.11715685,15.15609188,16.07875708,14.48353099,102.3333232,26.19541718,139.9209317,7.055537766,19.13987942,0.024638405,0.025453364,0.016951324,50.32854155,-25.09255662,-28.58823888,31.75,31.75,31.75,31.75,-42.64567217,42.64567217,FALSE,FALSE,TRUE,4.58021416,25.15219325,1940530,4234096.6,14,13,1,FALSE,9.435094666,6.553533773,0,FALSE
SLP,18.31,5,Avoid,Avoid,Clean,weekly Stage 1/3 | not outperforming SPY,REGULAR,18.31,,,,18.30999947,41,0,0,16,15,10,0,Stage 1/3,18.20000076,15.68666668,-0.824007493,17.26735475,16.07352769,15.94226987,16.69064135,-2.64469609,60.33274381,-4.535979277,6.950926217,7.055537766,-11.59151704,0.024773707,0.021518304,0.022925141,23.1070711,1.160215912,12.19362628,18.56999969,18.56999969,18.56999969,21.01000023,-1.400108956,12.85102681,FALSE,FALSE,FALSE,0.500357015,2.73269814,323587,430301.74,6,3,3,FALSE,0.604388453,0.218932716,1,FALSE
MDB,334.65,5,Avoid,Avoid,Clean,weekly Stage 4 | not outperforming SPY,REGULAR,334.65,,,,334.6499939,37,25,0,0,15,7,-10,Stage 4,314.0100098,331.9729991,-1.992971849,328.6070396,318.5180152,313.043237,310.1482355,1.097615187,42.09587776,-23.15905803,59.96653861,7.055537766,-30.21459579,0.45278651,0.422975855,0.481282446,26.50401022,4.853361968,-2.377477884,412,412,412,444.7200012,-18.77427333,24.75040633,FALSE,FALSE,FALSE,21.21559797,6.339637937,1163484,2169523.68,9,5,4,FALSE,6.573033817,0.035869763,2,FALSE
UTSI,2.54,5,Avoid,Avoid,Clean,weekly Transition | not outperforming SPY,REGULAR,2.54,,,,2.539999962,37,22,0,0,10,0,5,Transition,2.390000105,2.505333344,2.663569937,2.618067471,2.625133568,2.54455914,2.534541249,2.93691023,4.958672801,-1.167314092,2.834005362,7.055537766,-8.222851858,0.003436658,0.00358688,0.003599248,-7.255163802,11.4035085,-20.12578904,3.630000114,3.630000114,3.630000114,3.630000114,-30.02755147,30.02755147,FALSE,TRUE,TRUE,0.309285709,12.17660289,39825,393914.5,9,6,3,FALSE,6.276144367,4.098356651,1,FALSE
BNAI,17.09,5,Avoid,Avoid,Clean,below EMA200 | weekly Transition | excess volatility,REGULAR,17.09,,,,17.09000015,37,10,12,0,15,-5,5,Transition,18.22999954,22.35716671,34.78728364,19.32016028,22.38685282,21.699057,20.19931951,4.724677942,-52.6723903,1129.496427,385.5113706,7.055537766,1122.440889,0.023123029,0.030327514,0.025621984,-58.61096016,-12.49360189,-20.02807917,30.89999962,57.86999893,60,86.27999878,-44.69255546,80.19239639,TRUE,FALSE,TRUE,2.795500074,16.3575193,264990,632889.8,4,1,3,FALSE,-6.253425224,-0.234091436,1,FALSE
IONQ,53.15,5,Avoid,Avoid,Clean,weekly Transition | not outperforming SPY | distribution cluster,REGULAR,53.15,,,,53.125,36,22,0,0,6,3,5,Transition,49.31000137,44.96733322,-3.436576057,56.25202743,53.54996751,47.9290915,46.57658388,13.79496635,93.11159418,6.633882628,29.19504227,7.055537766,-0.421655138,0.07187893,0.074216281,0.07177565,12.87951535,-8.907749866,-8.167672599,73.65000153,73.65000153,73.65000153,84.63999939,-27.86829749,37.23416779,FALSE,FALSE,TRUE,5.183857237,9.757848916,14614441,31955130.82,9,8,1,FALSE,7.736764389,2.796052025,1,FALSE
LBTYA,11.62,5,Avoid,Avoid,Clean,weekly Transition | not outperforming SPY,REGULAR,11.62,,,,11.61999989,36,17,0,4,0,10,5,Transition,11.38000011,11.69333337,2.399439619,11.6016363,11.80221958,11.69614447,11.58929267,1.450137936,-2.92397973,4.308792885,18.20956232,7.055537766,-2.74674488,0.015722036,0.016156367,0.016751133,-12.58697829,5.349049564,-6.741574238,12.52999973,12.85999966,13.52000046,13.52000046,-7.262568769,14.05325819,FALSE,FALSE,FALSE,0.368928432,3.174943512,898945,1919346.9,5,7,-2,FALSE,2.108961061,0.780573761,1,FALSE
LINK,4.26,5,Avoid,Avoid,Clean,weekly Transition,REGULAR,4.26,,,,4.260000229,35,17,4,0,6,3,5,Transition,4.010000229,3.66233333,-14.54349919,4.337316801,4.13153535,4.007665575,4.068001171,0.559700828,42.00000763,8.12183165,7.394956438,7.055537766,1.066293884,0.005763845,0.005458396,0.006363127,32.59866461,-0.467289251,-2.961267461,5.429999828,6.054999828,6.054999828,10.10133266,-21.54695463,57.82734447,FALSE,FALSE,TRUE,0.397928613,9.341046742,13497,135487.94,7,6,1,FALSE,6.234413609,6.367043874,1,FALSE
SVA,6.47,5,Avoid,Avoid,Clean,below EMA200 | weekly Stage 1/3 | not outperforming SPY,REGULAR,6.47,,,,6.46999979,35,0,0,20,5,10,0,Stage 1/3,6.46999979,6.46999979,0,6.46999979,6.46999979,6.46999979,6.46999979,0,0,0,0,5.964004732,-5.964004732,0.008875293,0.008814588,0.009385578,-3.984963879,0,0,6.46999979,6.46999979,6.46999979,6.46999979,0,0,FALSE,FALSE,FALSE,0,0,0,0,0,0,0,FALSE,0,,0,FALSE
BKSY,28.26,5,Avoid,Avoid,Clean,weekly Transition | distribution cluster,REGULAR,28.26,,,,28.26000023,34,22,12,0,-5,0,5,Transition,24.76000023,28.1759999,23.44359261,31.35890263,33.84087469,29.47497754,27.48855396,27.28202475,21.33962696,33.17625421,37.98828545,7.055537766,26.12071644,0.038236208,0.050287852,0.037737619,-31.2081618,-0.981081562,-12.83157981,46.98699951,52.88000107,52.88000107,52.88000107,-39.85570366,46.55824573,FALSE,FALSE,TRUE,3.016071456,10.67258114,1268414,2296918.28,13,15,-2,FALSE,14.13570262,3.668378546,1,FALSE
ISSC,18.08,5,Avoid,Avoid,Clean,weekly Transition | not outperforming SPY,REGULAR,18.08,,,,18.07999992,34,17,0,0,5,7,5,Transition,17.88999939,20.12133322,15.65757157,17.44761321,18.61973407,18.69665834,17.89447905,1.574176571,-15.9069771,-7.377051743,36.76247775,7.055537766,-14.43258951,0.024462514,0.025240345,0.025244692,-19.64248019,9.842046958,-2.164500154,19.45000076,26.29999924,30.94000053,30.94000053,-7.043705838,41.56431929,FALSE,FALSE,FALSE,1.143564497,6.325024898,210694,498843.88,2,5,-3,FALSE,1.062048857,-0.632040522,1,FALSE
TRIP,13.93,5,Avoid,Avoid,Clean,weekly Transition | not outperforming SPY,REGULAR,13.93,,,,13.93000031,34,0,0,12,10,7,5,Transition,13.76000023,11.93933334,-10.21932583,12.41287592,11.68305445,12.18851951,12.6274367,-5.813126071,37.78437961,-2.245611894,7.900855692,7.055537766,-9.301149659,0.018847501,0.015406344,0.019063995,17.76080013,12.70227097,12.24819079,14.19999981,14.19999981,14.19999981,20.15999985,-1.901404984,30.90277574,FALSE,FALSE,FALSE,0.756428719,5.430213223,1052442,3860484.84,10,6,4,FALSE,1.23546565,-0.143365623,2,FALSE
ZDGE,3.13,5,Avoid,Avoid,Clean,weekly Transition | not outperforming SPY | distribution cluster,REGULAR,3.13,,,,3.130000114,33,25,0,0,0,3,5,Transition,3.069999933,3.146999995,3.531089244,3.116464263,3.108110482,3.097387173,3.087344111,0.684443459,10.21127497,-12.56982734,-21.55388203,7.055537766,-19.62536511,0.004234938,0.004248824,0.004447792,-5.366685514,4.333337148,-24.75960987,4.309999943,4.309999943,4.309999943,4.889999866,-27.37818664,35.99181595,FALSE,TRUE,FALSE,0.297142863,9.493381866,69856,149355.12,7,8,-1,FALSE,1.954403339,1.491569461,1,FALSE
ONDS,8.075,5,Avoid,Avoid,Clean,below EMA200 | weekly Transition | not outperforming SPY,REGULAR,8.075,,,,8.074999809,33,10,0,0,15,3,5,Transition,7.829999924,10.04333337,8.562884433,9.174798536,9.729530346,9.28819912,8.713356322,9.930553451,-8.23864052,-11.55531536,361.4285605,7.055537766,-18.61085312,0.010925597,0.013580945,0.01358667,-24.84260521,-9.167609703,-13.45123392,14.15999985,14.15999985,14.15999985,15.27999973,-42.97316457,47.15314169,FALSE,FALSE,TRUE,0.660714286,8.18222045,32122716,70244748.32,8,5,3,FALSE,3.128989629,4.126366088,0,FALSE
QLYS,127.58,5,Avoid,Avoid,Clean,weekly Transition | not outperforming SPY,REGULAR,127.58,,,,127.5800018,32,0,0,10,10,7,5,Transition,123.2699966,109.7543325,-9.037340446,112.6843376,105.5498231,109.3778706,112.8752197,-5.720823967,48.98984693,-8.571013351,-10.01551493,7.055537766,-15.62655112,0.172617675,0.136808237,0.170060235,44.03486535,17.57441648,14.68896465,129.6950073,129.6950073,133.3300018,155.4700012,-1.630753208,17.93915171,FALSE,FALSE,FALSE,5.301072802,4.155096979,377990,786713.8,10,6,4,FALSE,3.496394342,-0.429253907,2,FALSE
UCFI,5.511,5,Avoid,Avoid,Clean,below EMA200 | weekly Transition | not outperforming SPY,REGULAR,5.511,,,,5.510000229,32,0,0,12,5,10,5,Transition,5.510000229,5.510000229,-2.701748168,5.510000266,5.512764965,5.913143054,6.25912752,-7.204925297,0,0,-41.38297391,5.964004732,-5.964004732,0.007558403,0.007506706,0.008466581,-3.984963879,0,0,5.510000229,5.510000229,5.510000229,13.07999992,0,57.87461574,FALSE,FALSE,TRUE,0,0,0,0,0,0,0,FALSE,0,,0,FALSE
ODYS,4.1401,5,Avoid,Avoid,Clean,below EMA200 | weekly Transition,REGULAR,4.1401,,,,4.140100002,31,0,8,0,11,7,5,Transition,4.190000057,4.847166681,5.66491544,4.134748045,4.5294745,4.795035864,4.823619476,-4.54455519,-38.7559192,26.99693296,-16.69818557,7.055537766,19.94139519,0.005601618,0.006168365,0.006583566,-29.562165,-0.478361679,12.80926202,4.510000229,11.30000019,11.30000019,11.30000019,-8.201778444,63.3619475,FALSE,FALSE,FALSE,0.269728507,6.515023965,23573,869021.46,2,0,2,FALSE,-1.190932082,-0.238556454,1,FALSE
BF-B,27.64,5,Avoid,Avoid,Clean,below EMA200 | weekly Transition | not outperforming SPY,REGULAR,27.64,,,,27.63999939,30,0,0,4,11,10,5,Transition,27.95999908,27.30933323,-1.199908899,26.88567705,26.69450979,27.32027373,27.95133723,-2.966974301,1.655015987,2.789141008,5.536459817,7.055537766,-4.266396758,0.037397338,0.03630326,0.03961736,-10.92934201,1.393980769,2.332466329,28.06999969,30.71999931,31.23999977,31.92000008,-1.531885678,13.40852342,FALSE,FALSE,FALSE,0.766428675,2.772896859,772937,3606998.74,4,2,2,FALSE,-1.144491078,-0.718393541,2,FALSE
CARS,11.165,5,Avoid,Avoid,Clean,weekly Transition | not outperforming SPY,REGULAR,11.165,,,,11.16499996,30,0,0,0,15,10,5,Transition,10.75,10.52466658,-2.977599337,10.08738473,10.03203248,10.48698987,10.82319835,-3.288007946,40.26381794,-11.808846,-1.889280759,7.055537766,-18.86438377,0.015106414,0.014050262,0.015719335,3.511389743,12.8918056,17.77426689,11.25,12.53999996,12.53999996,13.97000027,-0.755555895,20.07874196,FALSE,FALSE,FALSE,0.417714187,3.741282477,354438,847158.76,4,1,3,FALSE,3.860464761,0.858177684,1,FALSE
CRCT,4.495,5,Avoid,Avoid,Clean,below EMA200 | weekly Transition | not outperforming SPY,REGULAR,4.495,,,,4.494999886,30,0,0,0,15,10,5,Transition,4.630000114,4.429666654,-6.501089947,4.384938371,4.312838383,4.518428134,4.658698631,-4.740642211,18.60158129,-8.823528558,-31.05828376,7.055537766,-15.87906632,0.006081803,0.005853835,0.006881956,-1.899821401,2.860411974,0.111361129,4.679999828,4.710000038,4.760000229,7.329999924,-3.952990375,38.67667214,TRUE,FALSE,FALSE,0.15749996,3.503892425,217417,525352.34,8,5,3,FALSE,-2.91577161,-0.332601831,2,FALSE
MYSE,2.4309,5,Avoid,Avoid,Clean,weekly Transition,REGULAR,2.4309,,,,2.430900097,29,5,8,0,11,0,5,Transition,2.470000029,2.005766662,-5.541339899,2.163563269,2.032169755,2.038818215,2.073669281,1.156284339,49.13497571,21.54500484,-8.612781261,7.055537766,14.48946708,0.003289045,0.002924628,0.00303359,-30.06693902,5.233773035,27.94211197,2.799999952,5.769999981,5.769999981,5.769999981,-13.18213792,57.87001551,TRUE,TRUE,FALSE,0.278785731,11.46841581,166765,1361833.3,2,0,2,FALSE,-1.582993169,2.782131519,1,FALSE
BF-A,28.19,5,Avoid,Avoid,Clean,below EMA200 | weekly Stage 1/3 | not outperforming SPY,REGULAR,28.19,,,,28.19000053,29,0,0,4,15,10,0,Stage 1/3,28.62000084,27.66100006,-0.149205443,27.29498596,27.17759444,27.68054424,28.25412557,-2.367171541,3.677822657,5.462031488,5.265122522,7.055537766,-1.593506278,0.038141498,0.037091625,0.03989398,-10.13310406,3.297909814,2.88321506,28.62000084,30.78000069,31.13999939,31.62999916,-1.502446864,10.87574682,TRUE,FALSE,FALSE,0.811785698,2.879693801,47755,192947.1,6,1,5,FALSE,-1.502446864,-0.45903659,1,FALSE
SMWB,6.26,5,Avoid,Avoid,Clean,weekly Transition | not outperforming SPY | distribution cluster,REGULAR,6.26,,,,6.260000229,29,0,0,12,5,7,5,Transition,5.599999905,4.414333344,-25.10462587,4.831951149,4.17852377,4.717574053,5.211041514,-13.55136177,148.4127094,-11.20567291,-19.12144168,7.055537766,-18.26121068,0.008469875,0.005187776,0.008217661,127.7000991,22.02729219,42.92237592,6.349999905,6.349999905,6.349999905,10.75,-1.41731775,41.76743973,FALSE,FALSE,FALSE,0.41578567,6.641943372,1207134,856732.68,17,10,7,FALSE,11.78572028,3.64238855,0,FALSE
DMRC,8.23,5,Avoid,Avoid,Clean,below EMA200 | distribution cluster,REGULAR,8.23,,,,8.229999542,28,10,8,0,-5,0,15,Stage 2,7.679999828,7.624666675,8.315181323,9.90225049,9.795576623,8.933193566,9.498678577,5.596407951,84.1163295,17.57142203,-37.65151772,7.055537766,10.51588427,0.011135314,0.013744718,0.011495304,15.06928106,-4.745379454,-27.23254432,17.46999931,17.46999931,17.46999931,17.46999931,-52.89067049,52.89067049,FALSE,FALSE,TRUE,0.91500003,11.11786246,65735,245674.7,9,14,-5,FALSE,7.161454768,-0.091054911,1,FALSE
CRNT,2.415,5,Avoid,Avoid,Clean,below EMA200 | weekly Transition | distribution cluster,REGULAR,2.415,,,,2.414999962,27,10,8,0,1,3,5,Transition,2.359999895,2.376000007,5.428191942,2.671291394,2.643775115,2.480918293,2.46520543,6.121837515,13.91509869,14.45498019,-2.620970029,7.055537766,7.39944242,0.003267532,0.003636388,0.003417244,-8.292156744,-9.550565811,-19.23077076,3.289999962,3.289999962,3.289999962,3.289999962,-26.59574499,26.59574499,FALSE,TRUE,TRUE,0.171428612,7.098493375,387651,689221.02,14,12,2,FALSE,2.330511407,3.648070426,0,FALSE
GDRX,2.84,5,Avoid,Avoid,Clean,below EMA200 | weekly Transition | not outperforming SPY,REGULAR,2.84,,,,2.839999914,27,0,0,0,15,7,5,Transition,2.799999952,2.487000016,-10.8175944,2.706911395,2.617757722,2.737649162,2.923111359,-5.97592952,46.39174384,2.52707342,-42.39350886,7.055537766,-4.528464346,0.003842563,0.003560462,0.004109411,14.73075268,10.50583611,7.169804225,3.11500001,3.11500001,3.11500001,5.809999943,-8.828253436,51.11876175,FALSE,FALSE,FALSE,0.127428617,4.486923262,701557,1570733.14,9,5,4,FALSE,1.428570091,0.176362468,2,FALSE
LIF,54.93,5,Avoid,Avoid,Clean,weekly Transition | not outperforming SPY,REGULAR,54.93,,,,54.93000031,27,0,0,0,15,7,5,Transition,53.08000183,51.23133354,-23.08974157,47.88473513,46.07404385,52.11801224,54.24228843,-9.834616168,42.3057059,-17.48535293,-10.18639561,7.055537766,-24.54089069,0.074321122,0.061097927,0.091955248,13.24247029,14.50906589,21.39226587,56.22000122,56.22000122,56.93000031,112.5400009,-2.294558676,51.19068788,FALSE,FALSE,FALSE,3.073143005,5.594653174,686037,783914.74,5,2,3,FALSE,3.485302205,0.752017322,1,FALSE
OST,1.695,5,Avoid,Avoid,Clean,below EMA200 | weekly Stage 1/3 | not outperforming SPY,REGULAR,1.695,,,,1.695000052,27,0,0,12,5,10,0,Stage 1/3,1.695000052,1.695000052,0,1.695000055,1.700606414,4.993218606,9.472114693,-34.75313249,0,0,-99.24833701,5.964004732,-5.964004732,0.002325135,0.002309232,0.002460504,-3.984963879,0,0,1.695000052,1.695000052,1.695000052,235,0,99.27872338,FALSE,FALSE,TRUE,0,0,0,0,0,0,0,FALSE,0,,0,FALSE
PC,9.4,5,Avoid,Avoid,Clean,below EMA200 | weekly Stage 1/3 | not outperforming SPY,REGULAR,9.4,,,,9.399999619,27,0,0,12,5,10,0,Stage 1/3,9.399999619,9.399999619,-0.543133587,9.399999618,9.399096964,9.337126837,9.497155705,-0.659274864,0,0,46.28072589,5.964004732,-5.964004732,0.012894552,0.012806357,0.013567173,-3.984963879,0,0,9.399999619,9.399999619,9.399999619,14,0,32.85714558,FALSE,FALSE,FALSE,0,0,0,0,0,0,0,FALSE,0,,0,FALSE
CRWV,95.76,5,Avoid,Avoid,Clean,below EMA200 | weekly Transition | distribution cluster,REGULAR,95.76,,,,95.79000092,26,10,8,0,0,3,5,Transition,96.58000183,94.01766663,-1.458282775,104.8945723,105.2201794,100.4197956,98.44554817,7.962936823,28.0443845,21.45302089,-39.40409931,7.055537766,14.39748313,0.129605322,0.150245094,0.145552039,-23.93871813,-13.92757649,-4.733965183,132.1499939,138.25,138.25,173.348999,-27.51418438,44.74153214,FALSE,TRUE,TRUE,8.481216431,8.85396842,14962469,29317975.38,8,9,-1,FALSE,-0.817975668,4.416210505,0,FALSE
ATHR,4.469,5,Avoid,Avoid,Clean,below EMA200 | weekly Transition | not outperforming SPY,REGULAR,4.469,,,,4.468999863,26,0,0,6,15,0,5,Transition,4.269999981,4.242033339,-14.61342876,3.471247226,3.474285622,4.286946214,4.698413535,-13.62665721,76.64031278,-26.43621394,-67.30797485,7.055537766,-33.49175171,0.006046624,0.00487482,0.00676002,31.31149654,45.09740173,43.69774963,4.468999863,4.550000191,5.730000019,14.60900021,0,69.40926963,FALSE,FALSE,FALSE,0.455007093,10.18140764,15796,11217.92,11,2,9,FALSE,4.660418797,5.152937945,1,FALSE
INSE,8,5,Avoid,Avoid,Clean,weekly Transition | not outperforming SPY | distribution cluster,REGULAR,8,,,,8,26,0,0,4,10,7,5,Transition,8.130000114,7.998666684,-2.240691323,7.904910981,7.695949178,7.868150379,7.993458236,-3.072490952,19.76048212,-14.07089539,0.628933232,7.055537766,-21.12643315,0.010824121,0.010274235,0.011796108,5.046369896,3.359176183,-3.614460046,8.529999733,8.529999733,9.199999809,9.949999809,-6.21336166,19.59798841,TRUE,TRUE,FALSE,0.358356987,4.479462334,45947,116616.94,12,8,4,FALSE,-1.599017375,-0.124846799,1,FALSE
PHUN,1.945,5,Avoid,Avoid,Clean,below EMA200 | weekly Transition | not outperforming SPY,REGULAR,1.945,,,,1.945000052,26,0,0,0,11,10,5,Transition,1.919999957,1.918333324,-7.311966477,1.951315346,1.975685258,2.08538682,2.243576606,-5.7914361,16.467072,0.257731705,-36.01973431,7.055537766,-6.797806061,0.002631615,0.002784793,0.003064151,-11.65078205,0.777207529,0.777207529,2.059999943,2.299999952,2.299999952,3.700000048,-5.582519103,47.43243169,FALSE,FALSE,TRUE,0.062785711,3.228057014,32539,139778.78,6,5,1,FALSE,1.302088329,1.566584397,0,FALSE
BIDU,111.3,5,Avoid,Avoid,Clean,below EMA200 | weekly Stage 1/3 | not outperforming SPY,REGULAR,111.3,,,,111.3000031,25,5,0,0,10,10,0,Stage 1/3,104.2200012,128.6333336,0.495053627,115.7001955,121.8583496,123.4476501,121.6358043,1.979379903,2.941176678,-9.776262564,28.73005347,7.055537766,-16.83180033,0.15059059,0.171748107,0.185292193,-15.48957033,-0.393766619,-3.861098489,139.8999939,152.3699951,152.3699951,165.3000031,-20.44316804,32.66787598,FALSE,FALSE,TRUE,4.212856838,3.785136318,2233631,2499584.62,11,6,5,FALSE,6.793323497,0.833489601,1,FALSE
FGMC,10.1,5,Avoid,Avoid,Clean,below EMA200 | not outperforming SPY,REGULAR,10.1,,,,10.10000038,25,5,0,0,5,0,15,Stage 2,10.19999981,10.15296672,0.933150773,10.44204222,10.34558422,10.18505558,10.13408985,1.311298545,0,0.798402396,2.226723325,7.055537766,-6.25713537,0.013665453,0.014040697,0.014659518,-5.345492445,-32.1692401,-3.441679306,15.13899994,15.13899994,15.13899994,15.13899994,-33.28489053,33.28489053,FALSE,TRUE,TRUE,1.188992909,11.77220658,34900,191982,2,2,0,FALSE,-0.980386565,0.497514326,1,FALSE
S,16.895,5,Avoid,Avoid,Clean,weekly Transition,REGULAR,16.895,,,,16.89500046,25,5,8,0,0,7,5,Transition,15.90999985,14.62599996,-2.569113266,15.66275873,15.56784414,15.45979062,15.78189677,0.410127304,34.3004814,13.77104393,-6.191003648,7.055537766,6.715506165,0.022859191,0.02155071,0.022384629,15.14270884,14.6200863,13.77104393,18.20000076,18.80999947,18.80999947,21.39999962,-7.170331047,21.05139832,FALSE,FALSE,FALSE,0.718428612,4.25231484,4679408,7894558.16,5,6,-1,FALSE,6.191078691,-0.0887013,2,FALSE
CDW,136.68,5,Avoid,Avoid,Clean,weekly Transition | not outperforming SPY,REGULAR,136.68,,,,136.6799927,25,0,0,0,10,10,5,Transition,133.3000031,127.9996666,-6.551851422,128.9892836,126.2266504,131.7451434,136.3916422,-5.085348439,15.66386967,-1.463495018,-22.90162815,7.055537766,-8.519032784,0.1849301,0.170187404,0.196590556,-2.664427671,10.60936555,3.396618618,141.4600067,143.6399994,144.4600067,183.9100037,-3.379056844,25.6810451,FALSE,FALSE,FALSE,5.288928986,3.869570727,557366,2158891.32,12,6,6,FALSE,2.535626066,0.220704711,1,FALSE
INHD,39.49,5,Avoid,Avoid,Clean,below EMA200 | weekly Transition,REGULAR,39.49,,,,39.49000168,25,0,12,0,5,3,5,Transition,39.49000168,22.23233342,-87.40182606,30.17439885,22.05386329,194.4068394,438.7422345,-38.55812428,93.57844322,35.23972824,-94.22660794,5.964004732,29.27572351,0.054170842,0.016828392,0.347692047,897.7984171,0,0,43.36999893,43.36999893,43.36999893,7651.200195,-8.946270115,99.4838718,FALSE,FALSE,FALSE,3.02285707,7.654740292,0,6633282,4,4,0,FALSE,0,,0,FALSE
INVE,2.635,5,Avoid,Avoid,Clean,below EMA200 | weekly Transition | not outperforming SPY,REGULAR,2.635,,,,2.63499999,24,10,0,0,6,3,5,Transition,2.619999886,3.654000004,3.944623634,3.601173065,3.843388437,3.76090632,3.734269339,6.101090106,-28.20163663,-23.17784434,-17.91277386,7.055537766,-30.2333821,0.003565195,0.0056065,0.005307999,-32.20719471,-33.12182862,-31.55844011,4.329999924,5.300000191,5.300000191,5.300000191,-39.14549568,50.28302084,FALSE,FALSE,TRUE,0.232142908,8.809977574,212367,258183.34,7,6,1,FALSE,0.572523113,-0.566041674,1,FALSE
LBTYK,11.115,5,Avoid,Avoid,Clean,below EMA200 | weekly Transition | not outperforming SPY,REGULAR,11.115,,,,11.11499977,24,5,0,4,0,10,5,Transition,10.93000031,11.44400002,1.03590389,11.17827023,11.42392541,11.46054124,11.41859301,0.324877734,-4.428205832,0.770625931,10.15856891,7.055537766,-6.284911835,0.015038763,0.015663677,0.016555131,-13.36537111,4.858484633,-7.4521269,12.22000027,12.39000034,13.11999989,13.11999989,-9.042557052,15.2820132,FALSE,FALSE,TRUE,0.352857181,3.174603583,698156,1294063.12,4,6,-2,FALSE,1.692584271,0.406504765,1,FALSE
VIV,13.24,5,Avoid,Avoid,Clean,below EMA200 | weekly Transition | distribution cluster,REGULAR,13.24,,,,13.23999977,23,5,8,0,-5,10,5,Transition,13.44999981,14.24833336,3.702176711,13.29594635,13.92880029,14.00207377,13.67917663,1.88251236,-13.18032937,12.87297773,20.36363428,7.055537766,5.817439965,0.01791392,0.019391105,0.020027886,-23.63620003,1.846152086,-0.898202759,13.60999966,17.26000023,17.26000023,17.26000023,-2.7185885,23.29084823,TRUE,TRUE,TRUE,0.313928536,2.371061491,378497,1061249.94,5,10,-5,FALSE,-1.561338596,-0.935278729,1,FALSE
ZIP,3.91,5,Avoid,Avoid,Clean,weekly Transition | not outperforming SPY,REGULAR,3.91,,,,3.910000086,23,0,0,0,15,3,5,Transition,3.940000057,3.057333314,-10.28073956,3.46421489,3.249314582,3.328809857,3.591270509,-4.673131238,127.3255826,-5.326877058,-19.38143994,7.055537766,-12.38241482,0.005290289,0.004479742,0.005037912,36.47000856,29.90033549,8.310254832,4.119999886,4.150000095,4.150000095,5.610000134,-5.097082659,30.30303043,FALSE,FALSE,FALSE,0.328000001,8.388746633,410268,807403.36,6,3,3,FALSE,-0.761420583,-1.758792284,1,FALSE
SIDU,2.865,5,Avoid,Avoid,Clean,below EMA200 | weekly Transition | distribution cluster,REGULAR,2.865,,,,2.86500001,22,10,12,0,-5,0,5,Transition,2.609999895,3.053033326,43.91144512,3.403716767,3.59383774,3.035320703,2.910504854,24.03563312,26.21145523,30.22727034,59.16667141,7.055537766,23.17173257,0.003876388,0.005158768,0.003499729,-54.28728285,-7.58064201,-24.0053044,5.150000095,6.789999962,6.789999962,6.789999962,-44.36893288,57.80559609,FALSE,FALSE,TRUE,0.388071418,13.54525014,10215705,23217970.1,10,12,-2,FALSE,9.77011972,7.7067638,0,FALSE
DASH,183.925,5,Avoid,Avoid,Clean,below EMA200 | weekly Transition | not outperforming SPY | distribution cluster,REGULAR,183.925,,,,183.9250031,22,0,0,0,10,7,5,Transition,183.0899963,182.1563324,-11.57502472,168.8888098,166.4999615,181.1453837,185.9907219,-6.638958874,25.46043342,-20.74247824,-23.24945605,7.055537766,-27.79801601,0.248853315,0.2259306,0.291280731,-2.631791483,6.883426949,22.14437562,186.8650055,191.1699982,201.9400024,285.5,-1.573329599,35.57793238,TRUE,FALSE,FALSE,9.229000637,5.017806434,1695440,4990388.8,12,8,4,FALSE,0.456063537,-0.160133627,1,FALSE
ELTK,9.12,5,Avoid,Avoid,Clean,below EMA200 | weekly Transition | not outperforming SPY | distribution cluster,REGULAR,9.12,,,,9.119999886,22,0,0,0,10,7,5,Transition,9.300000191,8.83166666,-6.282055265,9.185300197,8.94574443,9.040976363,9.178516122,-2.313261476,9.352514613,4.109585015,-14.60674508,7.055537766,-2.945952751,0.012339498,0.011959362,0.013542446,2.341983153,-3.695885656,-2.459898252,10.52000046,10.52000046,10.52000046,11.68999958,-13.30798965,21.9846004,TRUE,FALSE,TRUE,0.507142884,5.560777311,746,7142.92,11,8,3,FALSE,-1.935487113,-1.25E-06,1,FALSE
AFJK,28.12,5,Avoid,Avoid,Clean,below EMA200 | weekly Transition | not outperforming SPY | excess volatility,REGULAR,28.12,,,,28.12000084,21,10,0,0,11,-5,5,Transition,26.80999947,40.62033342,29.8700885,33.69327147,37.07360206,35.16105176,32.86726083,14.48525783,15.38777132,-41.41666492,152.1973256,7.055537766,-48.47220268,0.038046787,0.054436813,0.04657445,-44.38352592,-6.949035479,-14.81368595,46.15000153,74.87799835,85,130.3699951,-39.06825588,78.43061909,FALSE,FALSE,TRUE,6.285000392,22.35064084,606,4958.12,3,2,1,FALSE,4.886241699,8.153849382,0,FALSE
ACOG,6.83,5,Avoid,Avoid,Clean,weekly Transition,REGULAR,6.83,,,,6.829999924,21,0,4,0,5,7,5,Transition,6.5,5.949999984,-1.481910986,6.363608405,6.197952919,6.239080928,6.323943327,-1.1681177,34.44881942,9.279998779,-25.84147779,7.055537766,2.224461013,0.009241093,0.008455713,0.009041912,-2.494658486,1.035498409,14.02337537,7.03000021,7.144999981,7.550000191,11.53999996,-2.844954198,40.81455852,FALSE,FALSE,FALSE,0.399714334,5.852332916,13109,39792.18,3,5,-2,FALSE,5.076921903,2.706764297,1,FALSE
KULR,4.02,5,Avoid,Avoid,Clean,weekly Transition | distribution cluster,REGULAR,4.02,,,,4.019999981,21,0,8,0,5,3,5,Transition,3.589999914,3.247666677,-1.942431151,3.859556681,3.631505598,3.68139155,3.994273704,-5.632501464,79.4642841,12.60504359,-22.54335382,7.055537766,5.549505822,0.005439121,0.004820778,0.004994992,53.26961367,0.75187898,6.068602147,5.429999828,5.429999828,5.429999828,7.940000057,-25.96684884,49.37027768,FALSE,FALSE,FALSE,0.357499991,8.893034648,1245781,2500215.62,14,11,3,FALSE,11.97771802,8.352875954,0,FALSE
DEC,13.435,5,Avoid,Avoid,Clean,below EMA200 | weekly Transition | not outperforming SPY | distribution cluster,REGULAR,13.435,,,,13.43500042,20,5,0,0,0,10,5,Transition,12.97999954,14.62833344,2.110382194,13.58893198,14.40794854,14.63713796,14.56408202,0.671441805,-26.01871953,-6.895355956,-9.038591718,7.055537766,-13.95089372,0.018177759,0.020246425,0.020908221,-19.12108084,2.400918726,-2.996389534,15.18000031,16.88999939,18.89999962,18.89999962,-11.49538768,28.91534026,FALSE,FALSE,TRUE,0.495428698,3.687597193,713719,931458.38,2,8,-6,FALSE,3.505399795,1.703257993,0,FALSE
NXPL,6.0501,5,Avoid,Avoid,Clean,below EMA200 | weekly Transition | not outperforming SPY,REGULAR,6.0501,,,,6.05009985,20,0,0,0,15,0,5,Transition,6.150000095,5.91266667,-6.710844515,6.313930742,6.236007771,6.268598814,6.486016179,-0.719908926,28.72553394,-0.8180337,-17.12192203,7.055537766,-7.873571466,0.008185877,0.00872305,0.009349353,5.003697705,-7.490827447,-2.10194146,8.369999886,8.369999886,8.369999886,11.10000038,-27.71684669,45.49459782,TRUE,FALSE,TRUE,0.733571393,12.12494688,12269,23891.38,7,4,3,FALSE,-1.624394213,-2.260100262,1,FALSE
LTRX,5.575,5,Avoid,Avoid,Clean,below EMA200 | weekly Transition | not outperforming SPY | distribution cluster,REGULAR,5.575,,,,5.574999809,19,10,0,0,1,3,5,Transition,5.53000021,6.171333345,10.30086382,6.303538637,6.425874746,5.970404354,5.708851165,10.9659599,3.432281027,-3.043481578,93.57637457,7.055537766,-10.09901934,0.007543059,0.008954969,0.008394039,-14.49656462,-12.75430476,-16.91505548,7.960000038,8.75,8.75,8.75,-29.96231429,36.28571647,FALSE,FALSE,TRUE,0.472142867,8.468930634,621825,1271390.5,13,11,2,FALSE,0.813735945,3.240735385,1,FALSE
KBDC,13.92,5,Avoid,Avoid,Clean,below EMA200 | weekly Stage 1/3 | not outperforming SPY,REGULAR,13.92,,,,13.92000008,19,0,0,4,5,10,0,Stage 1/3,13.82999992,14.33933338,0.511694098,14.0844858,14.28920326,14.43700585,14.55220521,-0.41326502,1.903369193,-5.691057856,-11.50667208,7.055537766,-12.74659562,0.018833971,0.019732004,0.020797507,-8.798869967,1.531728939,-4.132233902,14.93999958,15.56000042,15.56000042,16.28000069,-6.827306109,14.49631763,FALSE,FALSE,TRUE,0.318857193,2.290640742,213275,271567.5,3,4,-1,FALSE,0.650760326,0.071892372,2,FALSE
TKC,5.96,5,Avoid,Avoid,Clean,below EMA200 | weekly Transition | not outperforming SPY,REGULAR,5.96,,,,5.960000038,19,0,0,4,0,10,5,Transition,6.019999981,6.188000011,1.392757763,5.985087888,6.055292678,6.12837842,6.136164411,-0.599487579,-0.500830286,2.581757261,4.378283684,7.055537766,-4.473780505,0.00806397,0.008312552,0.008824119,-12.68263612,-1.812193252,-0.334447841,6.300000191,6.849999905,7.179999828,7.179999828,-5.396827655,16.99164094,TRUE,TRUE,TRUE,0.153214387,2.570711167,3835010,1466946.2,4,6,-2,FALSE,-0.996676794,0.760778979,0,FALSE
ASTI,5.26,5,Avoid,Avoid,Clean,below EMA200 | weekly Transition | excess volatility,REGULAR,5.26,,,,5.260000229,18,0,8,0,10,-5,5,Transition,4.880000114,5.076333328,32.19618077,5.995165775,5.798765395,6.194055669,27.10277028,-33.84971954,52.02312633,15.85903685,85.21128126,7.055537766,8.803499086,0.00711686,0.007641489,0.006091683,-21.36038027,-9.466432346,-31.51041216,9.640000343,9.800000191,9.869999886,9.869999886,-45.43568422,46.70719058,FALSE,FALSE,TRUE,0.957792861,18.20898896,431677,1898653.54,11,7,4,FALSE,7.786887408,2.734381767,1,FALSE
IFBD,1.03,5,Avoid,Avoid,Clean,below EMA200 | weekly Transition,REGULAR,1.03,,,,1.029999971,18,0,8,0,5,0,5,Transition,0.980000019,0.958366664,-4.459508323,1.003026434,0.986834085,1.039244294,1.613995633,-20.30668635,2.999997139,13.18680678,-4.186053423,7.055537766,6.131269015,0.001393606,0.001331511,0.001459589,-7.314001042,1.98019615,4.145596365,2.174999952,2.174999952,2.174999952,2.174999952,-52.64367844,52.64367844,FALSE,FALSE,FALSE,0.140500013,13.64077837,22517,98732.34,5,5,0,FALSE,5.102035851,2.999997139,0,FALSE
MSI,413.99,5,Avoid,Avoid,Clean,below EMA200 | weekly Stage 4,REGULAR,413.99,,,,413.9899902,18,0,4,4,10,10,-10,Stage 4,402.8900146,416.7543355,-0.686074862,404.7326142,412.8408766,421.2073587,422.2566654,-1.520877664,-5.550742992,9.963338864,-0.308232912,7.055537766,2.907801098,0.560134727,0.563559885,0.611300381,-11.57266686,5.547759896,0.422071615,418.9700012,450,490.2399902,492.2200012,-1.188631876,15.89330194,FALSE,FALSE,FALSE,10.18249948,2.459600405,436571,1169527.42,9,6,3,FALSE,2.755088283,-0.163991408,2,FALSE
PLTK,3.925,5,Avoid,Avoid,Clean,weekly Transition | not outperforming SPY,REGULAR,3.925,,,,3.924999952,18,0,0,0,6,7,5,Transition,3.829999924,3.466333318,-2.530696465,3.553145481,3.46283014,3.561557455,3.724118872,-3.615035429,43.77289102,-3.562658802,-18.05845546,7.055537766,-10.61819657,0.005310584,0.004779817,0.005156108,4.37603819,10.25280942,24.60316932,4.110000134,4.110000134,4.110000134,5.050000191,-4.501220808,22.2772316,FALSE,FALSE,FALSE,0.238042848,6.064786021,466163,1467445.26,8,6,2,FALSE,2.480418551,-0.380713317,2,FALSE
UI,545.12,5,Avoid,Avoid,Clean,below EMA200 | weekly Transition | not outperforming SPY | distribution cluster,REGULAR,545.12,,,,545.1199951,17,10,0,0,-5,7,5,Transition,526.3300171,693.3613322,2.269554567,579.4456381,658.9741084,680.2188321,656.5255052,4.374228081,-30.10565096,-4.570835958,37.69133709,7.055537766,-11.62637372,0.737555609,0.989208041,0.993452965,-50.19744915,-5.924586481,-7.407468075,610.0499878,1099.98999,1099.98999,1099.98999,-10.6433889,50.44318585,FALSE,TRUE,TRUE,27.10780988,4.972815183,105102,131428.04,5,15,-10,FALSE,3.569999319,0.412330173,1,FALSE
WFCF,12.05,5,Avoid,Avoid,Clean,weekly Transition,REGULAR,12.05,,,,12.05000019,17,5,4,0,0,3,5,Transition,12.17000008,12.05133333,-1.447458714,11.7886339,11.99181256,12.07871782,12.04759503,0.478559319,-9.737828866,9.545456279,6.26102318,7.055537766,2.489918514,0.016303833,0.016626194,0.017737561,-6.077614382,8.168759599,2.292024311,13.39999962,22.14999962,22.14999962,22.14999962,-10.07462288,45.59819233,TRUE,FALSE,FALSE,0.902857167,7.492590482,617,21988.34,5,6,-1,FALSE,-0.986030278,3.879308573,0,FALSE
GRNQ,1.57,5,Avoid,Avoid,Clean,below EMA200 | weekly Transition | not outperforming SPY,REGULAR,1.57,,,,1.570000052,17,0,0,0,5,7,5,Transition,1.559999943,1.93196667,4.257807063,1.561852639,1.744104456,1.832882045,1.789675227,-0.301419287,-42.27941044,-8.187133484,1.948057879,7.055537766,-15.24267125,0.002124234,0.002505801,0.002611731,-48.06655314,0.641032695,7.534247358,1.820000052,2.944000006,3.180000067,3.180000067,-13.73626334,50.6289302,FALSE,FALSE,FALSE,0.095000003,6.050955407,885,26677.7,2,4,-2,FALSE,0.641032695,4.666670163,0,FALSE
GXAI,1.165,5,Avoid,Avoid,Clean,below EMA200 | weekly Stage 4,REGULAR,1.165,,,,1.164999962,16,0,4,0,15,7,-10,Stage 4,1.169999957,1.240333331,-7.32254062,1.206587919,1.230195547,1.291415308,1.348792843,-5.397688979,-2.916673703,9.905662711,-14.338239,7.055537766,2.850124946,0.001576263,0.001679207,0.001957112,-10.80642259,-6.048390896,-2.916673703,2.170000076,2.170000076,2.430000067,2.960000038,-46.3133677,60.64189369,TRUE,FALSE,TRUE,0.061699995,5.296137081,146080,2773677.6,3,0,3,FALSE,-0.427350035,0.865800062,0,FALSE
TAOP,1.46,5,Avoid,Avoid,Clean,below EMA200 | weekly Transition | not outperforming SPY,REGULAR,1.46,,,,1.460000038,16,0,0,0,11,0,5,Transition,1.590000033,1.481666676,-19.57662382,1.437025026,1.396997787,1.870374024,2.596717345,-23.55781384,1.388887509,-7.594936804,-67.69911406,7.055537766,-14.65047457,0.001975402,0.001840069,0.002634122,5.004588938,0,-3.311255141,1.720000029,1.720000029,1.889999986,5.190000057,-15.11627826,71.86897838,TRUE,FALSE,FALSE,0.163571426,11.20352203,1513,23530.26,4,2,2,FALSE,-8.176100157,-1.351348774,0,FALSE
TDS,37.71,5,Avoid,Avoid,Clean,below EMA200 | weekly Transition | not outperforming SPY | distribution cluster,REGULAR,37.71,,,,37.70999908,15,5,0,0,-5,10,5,Transition,38.45000076,42.59866689,2.192652924,39.19442939,40.78031737,41.46694922,40.91167633,0.501028909,-10.06439587,-6.194033908,7.896990733,7.055537766,-13.24957167,0.0510222,0.056645488,0.060052421,-21.43902646,-3.158704637,-6.077216311,40.38000107,49.11999893,49.11999893,49.11999893,-6.612188987,23.22882756,TRUE,FALSE,TRUE,1.075356892,2.851649213,469963,1028041.26,6,10,-4,FALSE,-1.9245817,0.774989123,0,FALSE
TIMB,21.65,5,Avoid,Avoid,Clean,below EMA200 | weekly Stage 1/3 | not outperforming SPY,REGULAR,21.65,,,,21.64999962,15,5,0,0,0,10,0,Stage 1/3,22.03000069,23.55700003,0.656601984,21.85860616,22.83740291,23.17956885,22.73801608,0.643269808,-15.16457982,6.808086481,10.68507265,7.055537766,-0.247451285,0.029292777,0.031607695,0.03377201,-22.8179871,1.120970448,-2.871248411,22.77000046,28.21999931,28.21999931,28.21999931,-4.918756332,23.28136022,TRUE,TRUE,TRUE,0.549271856,2.537052498,105406,337850.12,1,6,-5,FALSE,-1.724925358,-0.688071669,1,FALSE
EPAC,35.99,5,Avoid,Avoid,Clean,below EMA200 | weekly Stage 4 | not outperforming SPY,REGULAR,35.99,,,,35.99000168,15,0,0,0,15,10,-10,Stage 4,36.77999878,37.52366664,-4.340621673,35.48304865,35.37589306,37.11325892,37.73490962,-4.649495913,4.804896676,-10.29411108,-18.46397332,7.055537766,-17.34964884,0.048695017,0.047479627,0.055690786,-1.817973239,-0.607559822,2.681890048,37.38999939,37.38999939,43.97000122,45.54000092,-3.744310602,20.97057322,TRUE,FALSE,FALSE,1.065714155,2.961139498,247765,444423.3,6,3,3,FALSE,-2.14789866,-0.758300609,1,FALSE
JDZG,50,5,Avoid,Avoid,Clean,below EMA200 | weekly Stage 4 | not outperforming SPY,REGULAR,50,,,,50,15,0,0,0,15,10,-10,Stage 4,50,154.0033333,-46.90913269,47.5011758,47.51844753,178.20976,299.1991004,-36.46221521,161.7800995,-78.94736842,-92,5.964004732,-84.91137315,0.068588047,0.043491695,0.342471179,272.1513138,0,0,67,67,1015,1015,-25.37313433,95.07389163,FALSE,FALSE,FALSE,0,0,0,76635.6,6,1,5,FALSE,0,,0,FALSE
NSSC,37.045,5,Avoid,Avoid,Clean,below EMA200 | weekly Stage 4 | not outperforming SPY,REGULAR,37.045,,,,37.04499817,15,0,0,0,15,10,-10,Stage 4,37.29000092,40.97133357,-2.329831366,37.10254467,38.38014033,39.65587341,39.37522136,-1.011592681,-3.302018165,-11.67143686,24.2287007,7.055537766,-18.72697462,0.050122444,0.053404742,0.060054477,-21.30473597,-1.213338216,-0.470185508,38.43000031,47.20000076,47.29999924,48.11999893,-3.603960773,23.01538032,TRUE,TRUE,TRUE,1.292857579,3.489965293,89058,448433.16,6,2,4,FALSE,-0.657019953,-0.309477069,1,FALSE
TAP-A,48,5,Avoid,Avoid,Clean,below EMA200 | weekly Stage 4 | not outperforming SPY,REGULAR,48,,,,48,15,0,0,10,5,10,-10,Stage 4,48,48.04366659,-2.030342922,45.73676484,45.77547655,47.76443763,48.67216686,-4.493946573,1.116492028,-5.604716931,-7.692307692,5.964004732,-11.56872166,0.065844525,0.061564832,0.070072679,-3.764422791,5.494505495,6.147719381,48,48,55.91999817,55.91999817,0,14.16308732,FALSE,FALSE,FALSE,0.733571189,1.52827331,0,74,3,4,-1,FALSE,0,2.127659574,1,FALSE
WSO-B,350,5,Avoid,Avoid,Clean,below EMA200 | weekly Stage 1/3 | not outperforming SPY,REGULAR,350,,,,350,15,0,0,0,5,10,0,Stage 1/3,350,380.7896637,0.943900094,360.4394971,377.6867762,388.4923824,393.6565415,-0.714615169,-4.97651216,-0.641574321,-22.22222222,5.964004732,-6.605579053,0.480116332,0.535529793,0.5536491,-8.763163827,0,0,403.8299866,453.3699951,453.3699951,453.3699951,-13.32986365,22.8003609,FALSE,FALSE,TRUE,0,0,0,8,1,2,-1,FALSE,0,,0,FALSE
APP,496.5101,5,Avoid,Avoid,Clean,weekly Stage 4 | not outperforming SPY | distribution cluster,REGULAR,496.5101,,,,496.5101013,14,17,0,0,0,7,-10,Stage 4,477.0799866,509.798998,-6.727706004,495.0869625,494.2676354,494.387419,487.3816602,1.576982029,30.24923542,-31.75118882,42.90116099,7.055537766,-38.80672659,0.671785687,0.675929257,0.784421967,1.131783707,5.777729782,-0.052315498,622,622,622,745.6099854,-20.17522487,33.40887179,FALSE,FALSE,FALSE,32.69393049,6.584746293,2676840,4911872.8,8,9,-1,FALSE,4.072716377,-0.217161045,2,FALSE
GILT,13.0397,5,Avoid,Avoid,Clean,below EMA200 | weekly Transition | not outperforming SPY | distribution cluster,REGULAR,13.0397,,,,13.03969955,13,10,0,0,-5,3,5,Transition,11.81000042,15.71599998,6.638318685,13.78797161,15.24357456,15.12254616,14.45896202,6.667814728,-15.27160972,2.8367448,88.16305739,7.055537766,-4.218792966,0.017642911,0.021981436,0.021719278,-33.62292385,3.736673596,-13.06866964,16.90999985,20.93000031,20.93000031,20.93000031,-22.88764239,37.69852191,FALSE,FALSE,TRUE,0.960714,7.367608399,568819,931930.38,9,13,-4,FALSE,10.41235471,5.584608516,0,FALSE
FRSH,10.07,5,Avoid,Avoid,Clean,below EMA200 | weekly Transition | not outperforming SPY | distribution cluster,REGULAR,10.07,,,,10.06999969,13,0,0,0,1,7,5,Transition,9.850000381,9.612499952,-7.73476253,9.37083441,9.141612737,9.729537381,10.20711555,-6.511157845,27.95425465,-18.13008505,-32.05128271,7.055537766,-25.18562282,0.013624862,0.01232527,0.014799801,13.53943335,12.76595018,6.617258022,10.68999958,10.68999958,10.68999958,15.47000027,-5.799812066,34.9062733,FALSE,FALSE,FALSE,0.452214241,4.490707594,20358106,15276712.12,13,11,2,FALSE,2.233495481,0.049678238,1,FALSE
TEM,58.45,5,Avoid,Avoid,Clean,weekly Transition | not outperforming SPY | distribution cluster,REGULAR,58.45,,,,58.45700073,13,0,0,6,-5,7,5,Transition,56.13999939,55.1273332,-16.33344839,51.31376022,50.64169627,55.5101072,57.02438768,-7.053206003,37.15861614,-9.030502974,-14.46151029,7.055537766,-16.08604074,0.079093207,0.068673134,0.09245868,1.978205809,22.16719456,22.24383334,58.59999847,58.59999847,62,104.3199997,-0.244023456,43.96376447,FALSE,FALSE,FALSE,3.715356554,6.355708483,4867879,6606877.58,12,13,-1,FALSE,4.127184482,2.904932303,1,FALSE
AMBA,65.2707,5,Avoid,Avoid,Clean,below EMA200 | weekly Stage 4 | not outperforming SPY | distribution cluster,REGULAR,65.2707,,,,65.27069855,12,10,0,0,5,7,-10,Stage 4,62.13000107,66.18666738,-5.369660848,68.25675473,69.15673998,68.30993717,68.22159726,3.489509645,29.32573206,-9.0303853,-5.814291958,7.055537766,-16.08592307,0.088312244,0.097594367,0.103724242,8.103919842,-7.69240646,-3.702124929,81.52999878,96.36000061,96.36000061,96.69000244,-19.94272105,32.49488375,FALSE,TRUE,TRUE,4.331786564,6.636648084,647358,1311793.16,15,10,5,FALSE,5.055041727,4.70115237,0,FALSE
SOGP,11.27,5,Avoid,Avoid,Clean,below EMA200 | weekly Stage 4 | not outperforming SPY,REGULAR,11.27,,,,11.27000046,12,10,0,0,5,7,-10,Stage 4,11.27999973,13.82313337,-4.364650986,11.81620833,13.00720254,13.30998957,12.77462909,3.131243087,-32.47453507,-13.83791649,151.0022502,7.055537766,-20.89345425,0.015248481,0.018549082,0.021104613,-37.10024198,5.821604333,0.714931907,13.47000027,18.17000008,23.5,37,-16.3325892,69.5405393,FALSE,FALSE,TRUE,0.681849888,6.050131861,6763,25703.26,2,2,0,FALSE,-0.088646059,3.299730663,0,FALSE
GDS,28.81,5,Avoid,Avoid,Clean,below EMA200 | weekly Transition | not outperforming SPY | distribution cluster,REGULAR,28.81,,,,28.80999947,12,5,0,0,-5,7,5,Transition,29.25,39.76966693,2.419070844,32.85004851,36.32469233,38.10668438,37.41295578,0.091109624,-28.68812283,-17.2126434,-2.963964474,7.055537766,-24.26818116,0.038980366,0.052026498,0.056112048,-36.34870489,-9.145379067,-11.51720439,38.06999969,46.84000015,48.61000061,48.61000061,-24.32361519,40.73236144,FALSE,TRUE,TRUE,1.785357067,6.197004858,1080020,2414266.4,9,10,-1,FALSE,-1.50427533,-0.483596868,2,FALSE
AUID,1.11,5,Avoid,Avoid,Clean,below EMA200 | weekly Stage 4,REGULAR,1.11,,,,1.110000014,12,0,4,0,15,3,-10,Stage 4,1.100000024,1.289266658,-23.2396606,1.134920174,1.192642039,1.611892951,1.948979349,-20.26767405,-9.016394404,7.766994674,-79.85481001,7.055537766,0.711456908,0.001501847,0.001620718,0.002373598,-7.562647369,4.716988134,-3.478257625,1.379999995,1.450000048,1.942999959,6.139999866,-19.56521608,81.92182348,FALSE,FALSE,TRUE,0.085492866,7.702059935,39520,139954.4,5,2,3,FALSE,0.909090022,-0.448430062,1,FALSE
AUUD,1.28,5,Avoid,Avoid,Clean,below EMA200 | weekly Stage 4 | not outperforming SPY,REGULAR,1.28,,,,1.279999971,12,0,0,0,15,7,-10,Stage 4,1.269999981,5.017989624,-39.6482059,1.386235026,2.11046966,7.187499829,14.12965735,-36.33852681,-78.44386287,-84.12307734,-96.33880259,7.055537766,-91.1786151,0.001731859,0.002434155,0.010672372,-74.03469172,-7.246378564,-3.030309051,1.799999952,10.10000038,11.55038834,56.5116272,-28.88888859,97.73497945,FALSE,FALSE,TRUE,0.087357121,6.824775219,133726,6261204.52,5,2,3,FALSE,0.787400836,4.149715231,0,FALSE
DOCS,20.32,5,Avoid,Avoid,Clean,below EMA200 | weekly Stage 4 | not outperforming SPY,REGULAR,20.32,,,,20.31999969,12,0,0,0,15,7,-10,Stage 4,20.87999916,28.99933332,-31.61502298,20.64751219,21.97244409,30.67332809,34.23356262,-19.06920536,-14.22541479,-53.58611178,-66.36318532,7.055537766,-60.64164955,0.027493267,0.030021713,0.057618925,-20.4497929,1.245640278,1.397199434,22.64999962,26.69000053,36.41999817,76.51000214,-10.28697555,73.44138135,TRUE,FALSE,TRUE,0.817428316,4.022777208,2170947,4293360.94,11,4,7,FALSE,-2.681989887,-1.502663493,1,FALSE
KLTR,1.285,5,Avoid,Avoid,Clean,below EMA200 | weekly Stage 4 | not outperforming SPY,REGULAR,1.285,,,,1.284999967,12,0,0,0,15,7,-10,Stage 4,1.289999962,1.429666662,-3.007688932,1.380078204,1.391345963,1.442220039,1.480937674,-2.906687206,2.79999733,-24.41176879,-34.43877849,7.055537766,-31.46730656,0.001738624,0.00191941,0.002127946,7.957802343,-3.383464274,-8.214286535,1.600000024,1.600000024,1.600000024,2.062000036,-19.68750328,37.68186498,FALSE,TRUE,TRUE,0.067071421,5.219565957,154232,467992.64,6,1,5,FALSE,-0.387596541,-3.018873934,1,FALSE
OPXS,12.89,5,Avoid,Avoid,Clean,weekly Stage 4 | not outperforming SPY,REGULAR,12.89,,,,12.89000034,12,0,0,0,15,7,-10,Stage 4,12.80000019,12.97316666,-7.334523672,12.43562806,12.11741732,12.41896989,12.30452328,-3.373653277,-3.082705575,-7.66475424,17.71690016,7.055537766,-14.72029201,0.017440366,0.015681952,0.019431084,6.410491469,-1.301685075,1.376328656,13.84000015,13.84000015,15.58600044,17.76000023,-6.864160396,27.42117017,FALSE,FALSE,FALSE,0.812135833,6.300510559,30982,42347.64,10,5,5,FALSE,0.703126182,0.860724669,1,FALSE
PD,9.38,5,Avoid,Avoid,Clean,below EMA200 | weekly Transition | not outperforming SPY,REGULAR,9.38,,,,9.380000114,12,0,0,0,0,7,5,Transition,9.090000153,8.850000032,-21.43110769,8.681225925,8.181646024,9.335769486,10.20153946,-12.50207103,56.07320727,-28.06748357,-37.04697749,7.055537766,-35.12302134,0.012691282,0.010629382,0.015662978,38.92301016,13.83495601,4.687500832,10.69999981,10.69999981,10.69999981,18,-12.33644597,47.88888825,FALSE,FALSE,FALSE,0.463857242,4.945173096,649440,2207274.8,6,6,0,FALSE,3.190318559,-0.15966304,1,FALSE
RPD,7.895,5,Avoid,Avoid,Clean,below EMA200 | weekly Stage 4 | not outperforming SPY,REGULAR,7.895,,,,7.889999866,12,0,0,0,15,7,-10,Stage 4,7.610000134,9.051666721,-26.85521851,7.170743904,7.083469341,9.726900048,11.58837258,-20.72439253,49.71536803,-48.53229024,-65.9031976,7.055537766,-55.58782801,0.010675289,0.009315172,0.016750993,29.81669391,24.44794443,10.50420188,8.960000038,8.960000038,11.36499977,25.85000038,-11.94196615,69.47775725,FALSE,FALSE,FALSE,0.475642885,6.028427041,1026597,2086021.94,11,4,7,FALSE,3.679365678,0.126900405,0,FALSE
SPSC,57.86,5,Avoid,Avoid,Clean,below EMA200 | weekly Stage 4 | not outperforming SPY,REGULAR,57.86,,,,57.86000061,12,0,0,0,15,7,-10,Stage 4,58.86999893,67.23066686,-16.42204185,55.54511928,56.1664082,68.98966336,76.70291504,-15.40373131,6.184618881,-37.04711315,-56.8434419,7.055537766,-44.10265091,0.078285457,0.075125333,0.110767497,-2.865123808,5.468465123,4.742937821,61.56000137,61.56000137,84.45999908,143.5500031,-6.010397467,59.69348702,FALSE,FALSE,FALSE,2.889286041,4.993581076,505605,665626.1,8,5,3,FALSE,-1.715641821,-0.584192694,1,FALSE
SRAD,14.82,5,Avoid,Avoid,Clean,below EMA200 | weekly Stage 4 | not outperforming SPY,REGULAR,14.82,,,,14.81999969,12,0,0,0,15,7,-10,Stage 4,14.85000038,17.41266664,-17.32400611,14.80126181,14.88626558,17.48375955,18.36056552,-12.95047366,-13.58600569,-35.87191993,-45.39425192,7.055537766,-42.9274577,0.020051684,0.019168299,0.028989644,-21.92306478,1.646088974,-7.317073753,17.42499924,18.62000084,20.36000061,32.22000122,-14.94978282,54.00372708,FALSE,FALSE,FALSE,0.772571496,5.213033141,569256,3955287.12,9,5,4,FALSE,-0.202024821,1.229503738,0,FALSE
TRAK,9.2799,5,Avoid,Avoid,Clean,below EMA200 | weekly Stage 4 | not outperforming SPY,REGULAR,9.2799,,,,9.279899597,12,0,0,0,15,7,-10,Stage 4,9.18999958,9.930999947,-14.95247123,9.407065392,9.41370817,10.59576509,11.42696428,-9.769758924,29.78880382,-30.74701596,-53.17911332,7.055537766,-37.80255373,0.012555845,0.012902705,0.016668953,12.22845558,3.570307563,-1.382574414,10.67000008,10.68000031,10.75,20.39999962,-13.02812061,54.51029524,FALSE,FALSE,TRUE,0.443564142,4.779837733,59736,129422.72,7,2,5,FALSE,0.978237442,1.92092327,1,FALSE
ZS,137.275,5,Avoid,Avoid,Clean,below EMA200 | weekly Stage 4 | not outperforming SPY,REGULAR,137.275,,,,137.2749939,12,0,0,0,15,7,-10,Stage 4,132.2599945,169.2156659,-23.76264758,132.4254898,140.0286707,172.4787368,184.1555421,-13.35484984,3.090259929,-40.21124118,-56.26095548,7.055537766,-47.26677895,0.185735146,0.192007481,0.302425326,-2.983015234,10.65210108,5.987484071,157.6999969,191.25,191.25,336.9899902,-12.95180941,59.26437049,FALSE,FALSE,FALSE,6.912441799,5.035470483,2059273,4925123.46,10,5,5,FALSE,3.791773475,-0.636969267,1,FALSE
IBM,276.475,5,Avoid,Avoid,Clean,weekly Transition | not outperforming SPY | distribution cluster,REGULAR,276.475,,,,276.4750061,11,0,0,4,-5,7,5,Transition,271.6300049,268.0260005,-4.98710262,266.9800063,260.503894,262.4920716,262.8496006,-1.744410243,16.98189489,-9.221497137,-5.29407288,7.055537766,-16.2770349,0.374074871,0.344532306,0.397240925,4.571061198,9.616606441,1.55561858,332.4599915,332.4599915,332.4599915,332.4599915,-16.83961583,16.83961583,FALSE,FALSE,FALSE,11.13858032,4.028783824,3596143,9627068.86,11,14,-3,FALSE,1.783676742,1.295157775,1,FALSE
MKC-V,52.3896,5,Avoid,Avoid,Clean,below EMA200 | weekly Stage 4 | not outperforming SPY,REGULAR,52.3896,,,,52.38959885,11,0,0,0,11,10,-10,Stage 4,50.88000107,58.00466677,-9.229661697,48.40814633,49.50935222,56.16956526,58.56080149,-10.13822782,-1.095719012,-23.36220249,-32.53110391,7.055537766,-30.41774025,0.070883921,0.066046381,0.087583565,-6.825760786,13.52025377,8.242969411,52.38959885,55.24000168,72.13999939,77.48999786,0,32.39179211,FALSE,FALSE,FALSE,1.532113484,2.924461186,1576,5671.52,5,4,1,FALSE,2.966976703,0.749228551,1,FALSE
PHI,18.29,5,Avoid,Avoid,Clean,below EMA200 | weekly Stage 4 | not outperforming SPY,REGULAR,18.29,,,,18.29000092,11,0,0,0,11,10,-10,Stage 4,18.06999969,21.03900013,-1.657811691,18.06693622,18.92243532,20.37590646,20.70974146,-5.365165052,-13.76708296,-15.63652833,-14.1717439,7.055537766,-22.6920661,0.024746648,0.025958546,0.030086728,-16.64074601,3.274996392,4.275940484,18.54000092,21.29000092,24.51000023,24.51000023,-1.348435748,25.37739394,FALSE,FALSE,FALSE,0.454285758,2.483792975,73796,157351.92,4,3,1,FALSE,1.217494324,0.219183099,1,FALSE
LEDS,1.645,5,Avoid,Avoid,Clean,below EMA200 | weekly Stage 4 | not outperforming SPY | distribution cluster,REGULAR,1.645,,,,1.644999981,10,10,0,0,10,0,-10,Stage 4,1.549999952,1.709000003,-7.969844505,1.830639481,1.831443254,1.810778909,1.8299168,2.621180622,34.83606085,-8.61110975,-36.73076764,7.055537766,-15.66664752,0.00222571,0.002573348,0.002751341,25.94286518,-10.10929277,-13.42105255,2.339999914,2.680000067,2.680000067,3.369999886,-29.70085294,51.18694253,FALSE,FALSE,TRUE,0.179999999,10.94224928,4734,44594.68,11,8,3,FALSE,6.129034292,4.113920016,0,FALSE
LOGI,98.44,5,Avoid,Avoid,Clean,below EMA200 | weekly Stage 4 | not outperforming SPY | distribution cluster,REGULAR,98.44,,,,98.39499664,10,10,0,0,0,10,-10,Stage 4,97.37000275,99.69399974,-1.808332576,106.3241556,105.4346752,101.7864707,100.8647638,3.82286881,9.279204401,-6.263698677,10.88009805,7.055537766,-13.31923644,0.133129921,0.144293614,0.149919141,-5.682617429,-7.895726896,-11.20386354,129.6600037,129.6600037,129.6600037,129.6600037,-24.11306967,24.11306967,TRUE,FALSE,TRUE,3.122142792,3.173070683,532555,1113589.1,6,8,-2,FALSE,1.052679334,0.259830095,1,FALSE
RUM,6.245,5,Avoid,Avoid,Clean,below EMA200 | weekly Transition | not outperforming SPY | distribution cluster,REGULAR,6.245,,,,6.244999886,10,10,0,0,-5,0,5,Transition,6.320000172,6.446166643,3.719495296,7.129755598,7.189955586,6.883313004,6.9368531,5.915287555,32.59023004,-10.14388407,-33.06538117,7.055537766,-17.19942184,0.008449579,0.010236023,0.009589949,-7.218594716,-8.161768965,-12.77932935,10.53999996,10.53999996,10.53999996,10.98999977,-40.74952649,43.17561405,FALSE,FALSE,TRUE,0.67985722,10.88642486,1540869,3793007.38,13,14,-1,FALSE,-1.186713355,2.037483018,0,FALSE
SLNH,1.425,5,Avoid,Avoid,Clean,below EMA200 | weekly Transition | not outperforming SPY | distribution cluster,REGULAR,1.425,,,,1.424999952,10,10,0,0,-5,0,5,Transition,1.429999948,1.296999997,-19.83930742,1.547528057,1.496877218,1.413748165,1.454996746,6.351897624,129.8387002,-7.467533272,154.4642761,7.055537766,-14.52307104,0.001928047,0.002151999,0.002348309,19.719741,-14.67065935,-3.716220679,1.889999986,2.359999895,2.359999895,5.139999866,-24.60317656,72.2762648,FALSE,FALSE,TRUE,0.202850027,14.23509007,7761319,25786716.38,14,19,-5,FALSE,-0.349650029,2.517983236,0,FALSE
RCI,34.295,5,Avoid,Avoid,Clean,below EMA200 | weekly Stage 4 | not outperforming SPY,REGULAR,34.295,,,,34.29499817,9,5,0,4,0,10,-10,Stage 4,34.84000015,37.02133344,-0.688520213,36.60504105,36.81269458,36.63106346,36.34220227,0.672125132,-10.89894343,-7.98229743,16.92805407,7.055537766,-15.0378352,0.046401652,0.04985643,0.053811233,-2.374262865,-5.393108499,-11.06069256,39.65000153,39.65000153,41.13999939,41.13999939,-13.5056826,16.63831143,FALSE,TRUE,TRUE,0.950356892,2.771123904,657765,1176691.3,4,6,-2,FALSE,-1.564299602,-0.334210052,1,FALSE
ALLT,8.585,5,Avoid,Avoid,Clean,weekly Stage 4 | not outperforming SPY | distribution cluster,REGULAR,8.585,,,,8.585000038,9,0,0,6,6,7,-10,Stage 4,7.809999943,8.264666669,-7.756984645,7.528628931,7.529284239,7.948354577,7.97364122,-3.542251345,37.36000061,-8.18182152,7.178524255,7.055537766,-15.23735929,0.011615635,0.010227309,0.012637459,14.46947085,22.46789954,16.48575538,8.75,8.75,10.78999996,11.92000008,-1.88571385,27.97818806,FALSE,FALSE,FALSE,0.399999925,4.659288565,518327,456762.54,9,8,1,FALSE,9.92317671,4.695124852,0,FALSE
KE,24.685,5,Avoid,Avoid,Clean,below EMA200 | weekly Stage 4 | not outperforming SPY,REGULAR,24.685,,,,24.68499947,8,5,0,0,6,7,-10,Stage 4,24.5,26.40266673,-3.526646004,25.19276365,25.43797887,25.76867339,25.54708618,0.311302241,2.046295663,-14.8205664,27.70304999,7.055537766,-21.87610417,0.033399178,0.035066044,0.039593136,-11.36586248,-4.948016486,-4.543701147,26.84000015,28.28000069,31.89999962,33.18999863,-8.029063615,25.62518684,FALSE,FALSE,TRUE,1.181071281,4.78457082,81230,175352.6,8,7,1,FALSE,0.755099861,2.002020487,1,FALSE
BMBL,3.225,5,Avoid,Avoid,Clean,below EMA200 | weekly Stage 4 | not outperforming SPY,REGULAR,3.225,,,,3.224999905,8,0,0,0,11,7,-10,Stage 4,3.039999962,3.375333317,-13.36784095,2.983592423,3.185274574,3.691630381,3.99263684,-9.937299739,0.155275651,-9.916201861,-50.4608327,7.055537766,-16.97173963,0.004363474,0.004618005,0.005749497,-28.96345963,15.59139601,18.56617172,3.279999971,4.59499979,4.59499979,8.640000343,-1.676831318,62.6736137,FALSE,FALSE,FALSE,0.205714243,6.378736399,2620464,3707727.28,5,4,1,FALSE,6.08552451,2.380946254,1,FALSE
ECX,1.2,5,Avoid,Avoid,Clean,below EMA200 | weekly Stage 4 | not outperforming SPY,REGULAR,1.2,,,,1.200000048,8,0,0,0,15,3,-10,Stage 4,1.169999957,1.418333314,-19.15257486,1.167097934,1.176055239,1.380196956,1.458717622,-12.17221972,24.35233993,-28.5714235,-38.46153752,7.055537766,-35.62696127,0.001623618,0.001557686,0.002362938,-4.266565124,17.6470657,-3.999996185,1.450000048,1.450000048,2.105000019,2.700000048,-17.24137874,55.55555457,FALSE,FALSE,FALSE,0.110571436,9.214285927,441268,1967003.36,9,5,4,FALSE,2.564110402,-0.826445467,1,FALSE
EMPD,3.72,5,Avoid,Avoid,Clean,below EMA200 | weekly Stage 4 | not outperforming SPY,REGULAR,3.72,,,,3.720000029,8,0,0,0,11,7,-10,Stage 4,3.599999905,4.392666618,-14.17220321,3.810646171,4.169189286,163.3836657,1802.207732,-39.28933021,-6.297229174,-10.36144715,-44.64285499,7.055537766,-17.41698492,0.005033216,0.006062454,0.007408794,-29.92844254,-3.626939645,3.0470952,4.440000057,5.449999809,5.449999809,44.09000015,-16.21621665,91.5627126,FALSE,FALSE,TRUE,0.242357101,6.514975777,129963,226937.26,3,1,2,FALSE,3.333336865,3.910617539,0,FALSE
FTCI,4.815,5,Avoid,Avoid,Clean,below EMA200 | weekly Stage 4 | not outperforming SPY,REGULAR,4.815,,,,4.815000057,8,0,0,0,15,3,-10,Stage 4,4.789999962,7.054833221,-14.70398639,4.846031883,4.9484586,5.993747109,6.168695146,-12.57316114,19.18317086,-59.29839317,7.000001272,7.055537766,-66.35393093,0.006514768,0.006519321,0.010755473,2.034641106,-8.110681917,11.45833023,5.980000019,5.980000019,10.5,12.75,-19.48160465,62.23529367,FALSE,FALSE,TRUE,0.440171344,9.141668509,45587,151631.74,8,1,7,FALSE,0.521922663,0.521922663,1,FALSE
U,28.37,5,Avoid,Avoid,Clean,below EMA200 | weekly Stage 4 | not outperforming SPY,REGULAR,28.37,,,,28.37000084,8,0,0,0,11,7,-10,Stage 4,28.22999954,29.63699996,-10.88314074,27.73123049,27.15132875,28.65371911,29.16562599,-3.620395705,45.86118111,-37.56601739,21.2393218,7.055537766,-44.62155516,0.038385041,0.037243302,0.04751775,3.869056626,4.532061449,4.148315263,32.57500076,32.57500076,32.57500076,52.15000153,-12.90867176,45.59923296,FALSE,FALSE,FALSE,1.536642756,5.416435355,2788103,9801736.06,4,2,2,FALSE,0.495930922,0.141196314,1,FALSE
YMM,7.95,5,Avoid,Avoid,Clean,below EMA200 | weekly Stage 4 | not outperforming SPY,REGULAR,7.95,,,,7.949999809,8,0,0,0,11,7,-10,Stage 4,7.71999979,9.305999994,-12.19650303,8.134799707,8.451857872,9.36212704,9.675315211,-7.255706044,-1.486987486,-28.37838256,-32.28279417,7.055537766,-35.43392032,0.01075647,0.011632738,0.014946399,-14.33162095,0.760455561,-5.805684781,9.590000153,9.590000153,10.11999989,14.06999969,-17.10115034,43.49680184,FALSE,FALSE,TRUE,0.324499948,4.081760446,4557143,9057950.86,7,5,2,FALSE,2.979274939,-0.250940796,2,FALSE
EVLV,5.68,5,Avoid,Avoid,Clean,below EMA200 | weekly Stage 4 | not outperforming SPY,REGULAR,5.68,,,,5.679999828,7,5,0,0,5,7,-10,Stage 4,5.440000057,6.144333347,-5.345588442,5.814837568,6.042891323,6.181773205,6.146832353,0.971556828,-1.21739429,-14.71471534,-7.941657081,7.055537766,-21.7702531,0.007685126,0.008575359,0.009500063,-16.52716524,2.52707342,-6.732353267,6.940000057,7.400000095,7.400000095,8.909999847,-18.15562274,36.25140375,FALSE,FALSE,TRUE,0.293928487,5.174797462,1499747,2888122.94,5,5,0,FALSE,4.411760452,1.067614662,1,FALSE
KC,8.825,5,Avoid,Avoid,Clean,below EMA200 | weekly Stage 1/3 | not outperforming SPY | distribution cluster,REGULAR,8.825,,,,8.824999809,7,5,0,0,-5,7,0,Stage 1/3,8.579999924,12.96199996,0.38205368,10.67456527,12.41135397,13.19819813,13.11076744,0.684638348,-35.06254812,-17.29147379,-31.90586587,7.055537766,-24.34701156,0.011940358,0.01858253,0.019285682,-51.37509126,-9.764825662,-17.75395913,14.10499954,18.52000046,18.52000046,18.52000046,-37.43353353,52.3488143,FALSE,FALSE,TRUE,0.541071347,6.13112021,662150,1450601,6,10,-4,FALSE,2.855476547,-1.009536208,1,FALSE
BBAI,3.6099,5,Avoid,Avoid,Clean,below EMA200 | weekly Stage 4 | not outperforming SPY | distribution cluster,REGULAR,3.6099,,,,3.609899998,7,0,0,0,10,7,-10,Stage 4,3.480000019,4.580999978,-15.42769283,3.922440486,4.062798242,4.494882613,4.598727709,-6.415537686,14.96496424,-40.13433048,-37.76034691,7.055537766,-47.18986825,0.004884249,0.005595118,0.007532414,-8.611139161,-5.746734475,-10.20149217,5.460000038,5.460000038,5.460000038,9.390000343,-33.88461589,61.55591197,FALSE,FALSE,TRUE,0.236428635,6.54945111,17433525,41950684.5,14,8,6,FALSE,3.732757986,1.544301826,1,FALSE
EVGO,1.8642,5,Avoid,Avoid,Clean,below EMA200 | weekly Stage 4 | not outperforming SPY,REGULAR,1.8642,,,,1.864199996,7,0,0,0,10,7,-10,Stage 4,1.75999999,2.461833342,-20.09628948,1.944426688,2.033968871,2.470122496,2.652656266,-13.27921454,8.383718895,-41.5611297,-52.68527998,7.055537766,-48.61666747,0.002522291,0.002770802,0.004240987,-16.9112479,-3.907219536,-6.7900002,2.549999952,2.549999952,3.319999933,5.179999828,-26.89411644,64.0115819,FALSE,FALSE,TRUE,0.108571419,5.824022043,1405950,4102665,9,6,3,FALSE,5.920454892,3.279781173,1,FALSE
EVTC,27.9,5,Avoid,Avoid,Clean,below EMA200 | weekly Stage 4 | not outperforming SPY | distribution cluster,REGULAR,27.9,,,,27.89999962,7,0,0,0,10,7,-10,Stage 4,27.37000084,27.7436669,-5.036225576,25.83384701,26.03114139,27.85229044,28.62218697,-5.762931733,2.2727233,-5.005111266,-22.86424929,7.055537766,-12.06064903,0.037749122,0.035569451,0.041614352,-12.92883666,10.71428085,6.164379336,28.48999977,31.55999947,31.55999947,37.77999878,-2.070902623,26.15140148,FALSE,FALSE,FALSE,1.362142699,4.882231963,358015,660950.3,13,8,5,FALSE,1.936422225,0.522430056,1,FALSE
GDDY,85.255,5,Avoid,Avoid,Clean,below EMA200 | weekly Stage 4 | not outperforming SPY | distribution cluster,REGULAR,85.255,,,,85.25499725,7,0,0,0,10,7,-10,Stage 4,84.55000305,94.9546669,-14.08579818,81.32505237,83.92911506,97.82793339,105.1149597,-11.26415759,6.608723211,-32.94927548,-51.88498444,7.055537766,-40.00481324,0.115351302,0.115650884,0.15457365,-3.943282989,13.68849137,11.8245011,94.09999847,94.33000183,98.80500031,181.4900055,-9.39957637,53.02496299,FALSE,FALSE,FALSE,4.07907268,4.784555523,764274,2719697.48,13,8,5,FALSE,0.83381925,-1.439309534,1,FALSE
IDN,4.36,5,Avoid,Avoid,Clean,below EMA200 | weekly Stage 1/3 | not outperforming SPY | distribution cluster,REGULAR,4.36,,,,4.360000134,7,0,0,0,0,7,0,Stage 1/3,4.349999905,5.804333337,0.519540274,4.336812644,5.026979755,5.500242534,5.418579683,-0.454035386,-14.84374549,-34.13896965,-19.85293957,7.055537766,-41.19450742,0.005899146,0.007670709,0.008249535,-49.88868451,5.569007571,6.60146628,4.53000021,9.079999924,9.079999924,9.079999924,-3.752760892,51.98237698,FALSE,FALSE,FALSE,0.20974992,4.810777835,112074,539529.48,5,8,-3,FALSE,0.229890324,0.412242682,2,FALSE
TLS,4.565,5,Avoid,Avoid,Clean,below EMA200 | weekly Stage 4 | not outperforming SPY,REGULAR,4.565,,,,4.565000057,7,0,0,0,10,7,-10,Stage 4,4.5,4.68816665,-12.75935875,4.459620688,4.469315239,4.646868817,4.650475601,-2.487185225,7.665101501,-11.53100403,53.1879204,7.055537766,-18.58654179,0.006176514,0.006070132,0.007665047,-2.391604898,6.41025869,-0.10941169,5.429999828,5.429999828,5.429999828,8.359999657,-15.9300147,45.39473392,FALSE,FALSE,FALSE,0.277721541,6.083713862,377613,826022.26,13,6,7,FALSE,1.444445716,0.329667381,1,FALSE
XNET,5.27,5,Avoid,Avoid,Clean,below EMA200 | weekly Stage 4 | not outperforming SPY,REGULAR,5.27,,,,5.269999981,7,0,0,0,10,7,-10,Stage 4,5.360000134,6.201999998,-12.20686051,5.219722445,5.534582588,6.023846907,6.014096453,-3.824644063,-5.555554606,-28.6874144,23.41920385,7.055537766,-35.74295216,0.00713039,0.007793145,0.009944264,-22.55249104,3.740158663,0.764817623,6.079999924,6.81400013,7.559999943,11.02999973,-13.32236765,52.22121388,TRUE,FALSE,FALSE,0.348285675,6.608836363,141241,348082.82,12,7,5,FALSE,-1.679107283,2.529185172,0,FALSE
ATHM,18.9806,5,Avoid,Avoid,Clean,below EMA200 | weekly Stage 4 | not outperforming SPY | distribution cluster,REGULAR,18.9806,,,,18.98060036,6,0,0,0,6,10,-10,Stage 4,18.55999947,19.82533328,-11.98520212,18.20036871,18.18425629,20.10287594,21.01087605,-8.394471349,12.1784886,-19.26584359,-26.51722643,7.055537766,-26.32138135,0.02568104,0.02459262,0.031757586,-3.639802541,2.931669237,8.028461507,19.14999962,19.64999962,22.09000015,29.92000008,-0.884591461,36.56216474,FALSE,FALSE,FALSE,0.756071363,3.98339014,454030,705448.6,10,9,1,FALSE,2.26616866,0.267300851,2,FALSE
AGMH,1.1,5,Avoid,Avoid,Clean,below EMA200 | weekly Stage 4 | not outperforming SPY,REGULAR,1.1,,,,1.100000024,5,0,0,0,15,0,-10,Stage 4,1.059999943,1.453733323,-46.03276766,1.138674149,1.141939532,2.334334613,4.085257523,-32.22317643,20.87912002,-48.35680917,-54.54545499,7.055537766,-55.41234693,0.001488317,0.001461273,0.003537125,9.925501392,-4.347822031,-7.563027651,1.429999948,1.450000048,1.639999986,18.10000038,-23.07691859,93.92265193,TRUE,FALSE,TRUE,0.139357145,12.66883112,8591,196293.82,14,4,10,FALSE,3.773592757,4.265410287,0,FALSE
GMHS,0.9431,5,Avoid,Avoid,Clean,below EMA200 | weekly Transition | not outperforming SPY,REGULAR,0.9431,,,,0.943099976,5,0,0,0,0,0,5,Transition,1.00999999,0.989099999,-7.844963688,0.941925765,0.957121225,1.117246084,1.347923342,-15.86782952,-9.317306714,-5.690002441,-41.0562524,7.055537766,-12.74554021,0.001276029,0.00130437,0.00155446,-8.545640071,3.637356968,8.153669527,1.49000001,1.49000001,1.49000001,2.660000086,-36.70470003,64.54511484,TRUE,TRUE,FALSE,0.096621424,10.24508816,12178,1289319.56,4,6,-2,FALSE,-6.623763912,2.969754759,0,FALSE
PN,3.7398,5,Avoid,Avoid,Clean,below EMA200 | weekly Stage 4 | not outperforming SPY,REGULAR,3.7398,,,,3.739799976,5,0,0,0,15,0,-10,Stage 4,3.720000029,9.074833306,-27.91267287,3.762714054,4.560269286,10.6019279,14.78261033,-32.36169796,-81.30100012,-74.48976797,-92.78030882,7.055537766,-81.54530574,0.005060006,0.00527015,0.015504695,13.43142332,6.547008163,-10.31654897,7.980000019,11.86999989,20.39999962,87.40000153,-53.13533875,95.72105273,FALSE,FALSE,TRUE,0.430635674,11.51493867,5474,2036039.48,6,2,4,FALSE,0.532256656,-0.798430294,2,FALSE
ROP,334.45,5,Avoid,Avoid,Clean,below EMA200 | weekly Stage 4 | not outperforming SPY,REGULAR,334.45,,,,334.4500122,5,0,0,0,5,10,-10,Stage 4,338.3099976,368.9006673,-10.94547117,332.6555631,337.7924031,375.442117,394.4143614,-8.675388307,-2.894721802,-25.87215354,-40.83776801,7.055537766,-32.92769131,0.452515932,0.460134843,0.582269459,-12.26033152,2.879207596,-0.155234502,347.0799866,384,384,575.7700195,-3.638923261,41.91256911,FALSE,TRUE,FALSE,9.30392892,2.781859345,333640,1204620.8,4,5,-1,FALSE,-1.140961065,0.112250239,1,FALSE
SPMC,10,5,Avoid,Avoid,Clean,below EMA200 | weekly Stage 4 | not outperforming SPY,REGULAR,10,,,,10,5,0,0,0,5,10,-10,Stage 4,9.829999924,11.46316668,-14.256685,10.42048925,10.60775484,11.89052869,12.65549635,-9.333163538,11.98207904,-25.34528064,-42.19652924,7.055537766,-32.40081841,0.013530151,0.014453051,0.018834969,-2.12818669,1.317123768,-11.11111111,12.10000038,12.10000038,13.64999962,18.60000038,-17.35537451,46.23656024,FALSE,FALSE,TRUE,0.376071385,3.76071385,8630,29512.6,2,4,-2,FALSE,1.729400586,0,1,FALSE
SSNC,62.71,5,Avoid,Avoid,Clean,below EMA200 | weekly Stage 4 | not outperforming SPY,REGULAR,62.71,,,,62.70999908,5,0,0,0,5,10,-10,Stage 4,63.65999985,74.59500008,-7.203220963,66.07296461,67.68857386,72.92835758,74.41641417,-5.703911225,-4.142462795,-29.55515452,-22.83745333,7.055537766,-36.61069228,0.084847579,0.092124366,0.112862841,-16.50189745,-3.715642977,-7.343382385,70.47000122,72.88999939,79.30000305,91.06999969,-11.0117809,31.14088142,FALSE,TRUE,TRUE,1.784285137,2.845296066,713038,2450420.76,3,4,-1,FALSE,-1.492304061,-0.673159497,1,FALSE
ARQQ,27.88,5,Avoid,Avoid,Clean,weekly Transition | distribution cluster,REGULAR,27.88,,,,27.87999916,4,0,4,0,-5,0,5,Transition,24.26000023,18.67300011,-27.37820531,21.11541428,18.05918138,19.72395284,20.76340214,-10.53890833,136.6723242,10.24119475,-31.31313364,7.055537766,3.185656981,0.037722061,0.022559364,0.035473833,67.83804451,30.15872578,104.9999881,29.88999939,29.88999939,29.88999939,62,-6.724657979,55.03225942,FALSE,TRUE,FALSE,3.864035538,13.8595253,748816,916274.32,14,20,-6,FALSE,14.92167724,10.1540883,0,FALSE
CYN,1.3199,5,Avoid,Avoid,Clean,below EMA200 | weekly Stage 4 | not outperforming SPY,REGULAR,1.3199,,,,1.319900036,4,0,0,0,11,3,-10,Stage 4,1.200000048,1.930666677,-35.43640596,1.277772254,1.432003286,9.722508161,42.0424083,-38.52494423,-14.29220334,-58.3627759,-90.29485295,7.055537766,-65.41831366,0.001785845,0.001980302,0.004060951,-24.05722488,11.85594021,6.44355046,1.519999981,1.789999962,2.947999954,24.68000031,-13.16447024,94.65194482,FALSE,FALSE,FALSE,0.098857147,7.489745031,214167,278255.34,3,1,2,FALSE,9.991665284,1.554205876,1,FALSE
ICG,0.6601,5,Avoid,Avoid,Clean,below EMA200 | weekly Stage 4 | not outperforming SPY,REGULAR,0.6601,,,,0.660099983,4,0,0,0,11,3,-10,Stage 4,0.675000012,1.383766663,-9.671873977,0.776632831,0.957365304,1.334665105,1.535843364,-18.66205354,-46.7661308,-66.14871964,-59.12693627,7.055537766,-73.2042574,0.000893125,0.001405416,0.002079909,-53.05840912,-8.319450419,-8.319450419,1.019999981,1.840000033,2.150000095,3.25,-35.28431416,79.68923129,TRUE,FALSE,TRUE,0.060064277,9.099269657,21910,487708.2,2,1,1,FALSE,-2.207411621,-0.4824355,1,FALSE
ERII,8.84,5,Avoid,Avoid,Clean,below EMA200 | weekly Stage 4 | not outperforming SPY | distribution cluster,REGULAR,8.84,,,,8.840000153,3,0,0,0,6,7,-10,Stage 4,8.819999695,11.64300003,-15.38312495,8.725696949,9.244241841,11.18896573,11.79261251,-12.75508218,-10.43566104,-36.12716723,-28.76712118,7.055537766,-43.182705,0.011960654,0.01261032,0.018638508,-19.69079061,-0.674151332,6.122451783,9.909999847,11.72000027,16.29999924,18.31999969,-10.79717166,51.74672325,TRUE,FALSE,FALSE,0.483571495,5.47026569,384132,1221844.64,9,8,1,FALSE,0.226762568,0.454545011,2,FALSE
GIGM,1.46,5,Avoid,Avoid,Clean,below EMA200 | weekly Stage 4 | not outperforming SPY,REGULAR,1.46,,,,1.460000038,3,0,0,0,6,7,-10,Stage 4,1.419999957,1.485333335,-3.758098871,1.422990619,1.436279315,1.476858721,1.486637675,-2.268920485,-2.013420886,-2.666664124,0.689654492,7.055537766,-9.722201889,0.001975402,0.001952338,0.002217757,-1.697825399,0,5.035975048,1.480000019,1.580000043,1.590000033,1.889999986,-1.351350045,22.75132015,FALSE,FALSE,FALSE,0.060000028,4.109590847,2532,6448.64,7,6,1,FALSE,2.816907202,2.816907202,0,FALSE
HTCR,3.19,5,Avoid,Avoid,Clean,below EMA200 | weekly Stage 4 | not outperforming SPY,REGULAR,3.19,,,,3.190000057,3,0,0,0,10,3,-10,Stage 4,3.299999952,4.741166711,-44.47849185,3.218068428,3.409075149,5.677744194,6.921775956,-25.93304123,-29.4247772,-53.3625733,-69.90566092,7.055537766,-60.41811107,0.004316118,0.004331727,0.011533603,-13.71944381,4.248369832,-3.915658995,3.891000032,3.891000032,6.599999905,33.40000153,-18.01593342,90.44910206,TRUE,FALSE,TRUE,0.318642872,9.988804577,18096,93181.92,10,6,4,FALSE,-3.333330203,0.933396841,1,FALSE
MCHX,1.59,5,Avoid,Avoid,Clean,below EMA200 | weekly Stage 4 | not outperforming SPY,REGULAR,1.59,,,,1.590000033,3,0,0,0,6,7,-10,Stage 4,1.580000043,1.600999987,-2.437538436,1.541081145,1.571468886,1.619072171,1.641305675,-1.338757571,3.246757972,-4.216863533,-26.38889027,7.055537766,-11.2724013,0.002151294,0.002203098,0.002388498,-1.982011943,8.163265472,2.580650471,1.720000029,1.889999986,1.889999986,2.269999981,-7.558139132,29.95594508,FALSE,FALSE,FALSE,0.09967855,6.269091092,4906,22690.12,7,6,1,FALSE,0.632910772,2.580647315,0,FALSE
MSAI,5.22,5,Avoid,Avoid,Clean,below EMA200 | weekly Stage 4 | not outperforming SPY,REGULAR,5.22,,,,5.21999979,3,0,0,0,10,3,-10,Stage 4,5,10.33716667,-46.68815561,5.494468988,6.293600258,12.43557952,16.53726682,-29.78829813,-40.68182185,-69.4379402,-78.74592873,7.055537766,-76.49347797,0.007062739,0.007840983,0.024768256,-16.57169948,-7.773852811,-4.744529708,7.940000057,7.940000057,15.39999962,96,-34.25693007,94.56250022,FALSE,TRUE,TRUE,0.454457147,8.706075959,16315,348426.3,9,6,3,FALSE,4.399995804,6.894927088,0,FALSE
PONY,6.945,5,Avoid,Avoid,Clean,below EMA200 | weekly Stage 4 | not outperforming SPY | distribution cluster,REGULAR,6.945,,,,6.945000172,3,0,0,0,6,7,-10,Stage 4,6.869999886,11.96033322,-19.03375795,8.056122358,9.069316772,11.38556027,11.97578244,-13.60103225,-24.01531826,-55.70790793,-52.36625372,7.055537766,-62.7634457,0.00939669,0.012548243,0.020017437,-39.89716149,-11.64122069,-14.78526998,11.27999973,11.93999958,15.27000046,24.92000008,-38.43084808,72.13081802,FALSE,FALSE,TRUE,0.448928629,6.464054968,2234925,4508664.5,10,8,2,FALSE,1.091707239,0,0,FALSE
PSN,50.71,5,Avoid,Avoid,Clean,below EMA200 | weekly Stage 4 | not outperforming SPY,REGULAR,50.71,,,,50.70999908,3,0,0,0,6,7,-10,Stage 4,50.93999863,59.72333361,-14.52587791,52.96111006,54.41319136,60.39112044,62.77240181,-8.656342841,-3.427917148,-19.30299338,-28.82807146,7.055537766,-26.35853114,0.068611397,0.072795248,0.096933522,-14.063066,4.234321673,-10.56437672,62.10499954,62.10499954,70.60500336,89.5,-18.34795997,43.34078315,FALSE,FALSE,TRUE,2.499135971,4.92829031,344284,1297461.68,8,6,2,FALSE,-0.451510696,0,1,FALSE
VERI,1.32,5,Avoid,Avoid,Clean,below EMA200 | weekly Stage 4 | not outperforming SPY,REGULAR,1.32,,,,1.320000052,3,0,0,0,10,3,-10,Stage 4,1.360000014,2.994666684,-27.7871555,1.553252374,1.871744468,2.662678957,2.835401844,-18.14597744,-28.26086802,-74.2690054,-10.20407981,7.055537766,-81.32454317,0.00178598,0.002600834,0.005366004,-40.60896753,-5.035966472,-13.72548515,2.194999933,2.529999971,3.650000095,9.420000076,-39.86332152,85.9872607,TRUE,FALSE,TRUE,0.108500004,8.219696932,1452596,2840841.92,10,6,4,FALSE,-2.941173635,1.930509359,0,FALSE
WIT,2.23,5,Avoid,Avoid,Clean,below EMA200 | weekly Stage 4 | not outperforming SPY | distribution cluster,REGULAR,2.23,,,,2.230000019,3,0,0,0,6,7,-10,Stage 4,2.269999981,2.371666658,-6.95697726,2.222701353,2.180474987,2.331868463,2.412216188,-7.238552934,7.211543311,-23.3676992,-27.83171259,7.055537766,-30.42323697,0.003017224,0.002868448,0.003571709,-1.987727497,-0.446428144,1.363635034,2.529999971,2.529999971,2.579999924,3.130000114,-11.85770576,28.75399561,FALSE,FALSE,FALSE,0.139642835,6.262010469,4485494,12159597.88,9,8,1,FALSE,-1.762112872,-0.446428144,1,FALSE
WK,49.16,5,Avoid,Avoid,Clean,below EMA200 | weekly Stage 4 | not outperforming SPY | distribution cluster,REGULAR,49.16,,,,49.15999985,3,0,0,0,6,7,-10,Stage 4,49.04999924,64.74866714,-16.52262861,48.50328943,51.08496056,61.41667983,64.71084933,-12.84208242,-14.99222153,-43.81714303,-25.2887575,7.055537766,-50.8726808,0.066514224,0.068560461,0.103611906,-18.82002523,6.916051189,0.47005833,53.61999893,59.02500153,72.98000336,97.09500122,-8.317790327,49.36917531,FALSE,FALSE,FALSE,2.270500456,4.618593293,276618,1201914.36,10,8,2,FALSE,0.224262206,-0.243504332,1,FALSE
CCLD,2.135,5,Avoid,Avoid,Clean,below EMA200 | weekly Stage 4 | not outperforming SPY,REGULAR,2.135,,,,2.13499999,2,0,0,0,5,7,-10,Stage 4,2.150000095,2.759666665,-8.483944263,2.243915601,2.439178096,2.697753877,2.725649347,-6.208563894,-38.82521534,-30.90614726,-6.359648366,7.055537766,-37.96168502,0.002888687,0.003395624,0.004249858,-33.54503933,0.707552156,-7.173911534,2.539999962,3.279999971,3.809999943,4.010000229,-15.944881,46.75810801,FALSE,FALSE,TRUE,0.105185696,4.926730516,52667,487961.34,2,4,-2,FALSE,-0.697679267,-0.928073373,2,FALSE
EGAN,6.5099,5,Avoid,Avoid,Clean,below EMA200 | weekly Stage 4 | not outperforming SPY | distribution cluster,REGULAR,6.5099,,,,6.509900093,2,0,0,0,5,7,-10,Stage 4,6.480000019,8.735333284,-15.89588935,7.002005243,7.360723885,8.252176173,8.318656801,-7.7328856,-15.56549856,-38.93151795,2.036049785,7.055537766,-45.98705572,0.008807993,0.009907411,0.014028137,-22.26142673,-11.0669407,-12.2654983,7.860000134,8.270000458,10.61999989,15.94999981,-17.17684501,59.18557887,FALSE,FALSE,TRUE,0.387064287,5.945779215,62346,288552.92,17,11,6,FALSE,0.461420894,-0.460242644,2,FALSE
EVCM,9.79,5,Avoid,Avoid,Clean,below EMA200 | weekly Stage 1/3 | not outperforming SPY | distribution cluster,REGULAR,9.79,,,,9.789999962,2,0,0,0,-5,7,0,Stage 1/3,9.31000042,11.08299999,0.450150988,9.367694722,10.03188206,10.66032504,10.71840894,-2.915931204,-13.82042027,-18.07531282,-6.046066313,7.055537766,-25.13085059,0.013246018,0.014129406,0.015840599,-22.41902217,12.39953983,7.228913901,11.56999969,12.5,12.73999977,14.40999985,-15.38461348,32.06106825,FALSE,FALSE,FALSE,0.525714261,5.369910758,54890,127995.8,7,11,-4,FALSE,5.15574136,0.616653879,1,FALSE
IPM,1.74,5,Avoid,Avoid,Clean,below EMA200 | weekly Stage 4 | not outperforming SPY,REGULAR,1.74,,,,1.74000001,2,0,0,0,5,7,-10,Stage 4,1.690000057,1.773333343,-1.953556619,1.77901282,1.807326433,1.82065781,1.848945208,-0.468999375,14.47368627,-1.136362559,-9.374997478,7.055537766,-8.191900325,0.002354246,0.002499372,0.002661944,-5.606831907,2.352938867,-5.945946643,2.069999933,2.069999933,2.190000057,2.880000114,-15.94202581,39.5833354,FALSE,FALSE,TRUE,0.094999986,5.459769282,7724,33226.48,3,3,0,FALSE,2.95857696,1.162789569,0,FALSE
MBLY,8.195,5,Avoid,Avoid,Clean,below EMA200 | weekly Stage 4 | not outperforming SPY,REGULAR,8.195,,,,8.194999695,2,0,0,0,5,7,-10,Stage 4,7.809999943,9.203999949,-12.24256245,8.815312059,9.01646302,9.821146331,10.48064124,-7.218754499,21.7681972,-19.41986595,-55.55857127,7.055537766,-26.47540371,0.011087959,0.012531121,0.015204714,-0.511807746,-1.73861457,-12.25910534,11.26000023,11.26000023,11.26000023,20.18000031,-27.22025286,59.39048776,FALSE,FALSE,TRUE,0.471428565,5.752636756,2069741,6390604.82,5,5,0,FALSE,4.929574326,1.86450736,1,FALSE
NOW,100.385,5,Avoid,Avoid,Clean,below EMA200 | weekly Stage 4 | not outperforming SPY | distribution cluster,REGULAR,100.385,,,,100.4100037,2,0,0,0,5,7,-10,Stage 4,98.33999634,115.7111328,-18.03082271,100.5590321,102.3212876,118.8321416,126.9578419,-11.9608632,1.00593498,-34.19620809,-50.36284582,7.055537766,-41.25174586,0.135856256,0.135730002,0.195517953,-1.15626887,7.956135207,-1.703375269,139.1999969,139.1999969,139.1999969,211.4779968,-27.8663751,52.51988142,FALSE,FALSE,TRUE,5.694286346,5.671034896,15805751,30316071.02,13,10,3,FALSE,2.104949564,-1.194794143,1,FALSE
PRGS,33.09,5,Avoid,Avoid,Clean,below EMA200 | weekly Stage 4 | not outperforming SPY,REGULAR,33.09,,,,33.09000015,2,0,0,0,5,7,-10,Stage 4,33.15000153,35.38933366,-10.97321622,30.78866605,30.76492156,35.01237347,37.21884248,-11.15469212,19.58800167,-22.74107229,-48.09411741,7.055537766,-29.79661006,0.044771271,0.040643659,0.054631098,5.346107922,19.63123765,5.14776255,35.38000107,35.38000107,44.52999878,65.5,-6.472585773,49.4809158,FALSE,FALSE,FALSE,1.689999853,5.107282699,317854,759945.08,4,4,0,FALSE,-0.180999609,-0.839073384,2,FALSE
REKR,0.6493,5,Avoid,Avoid,Clean,below EMA200 | weekly Stage 4 | not outperforming SPY,REGULAR,0.6493,,,,0.649299979,2,0,0,0,5,7,-10,Stage 4,0.615999997,1.036066665,-31.22081828,0.69425238,0.766675871,1.009730107,1.088648269,-16.00096901,-15.45573261,-58.90506572,-48.05600166,7.055537766,-65.96060349,0.000878513,0.001061571,0.001947155,-33.718581,-1.471927252,-6.440925957,0.899999976,1.049999952,1.080000043,3.420000076,-27.85555595,81.01462091,FALSE,FALSE,TRUE,0.041371435,6.371698175,793783,3351621.66,3,5,-2,FALSE,5.405841352,1.707387325,1,FALSE
TUYA,1.8164,5,Avoid,Avoid,Clean,below EMA200 | weekly Stage 4 | not outperforming SPY,REGULAR,1.8164,,,,1.816400051,2,0,0,0,5,7,-10,Stage 4,1.799999952,2.235333335,-2.670537055,1.927136103,2.075993399,2.222991416,2.248469164,-3.748635331,-22.04291371,-17.80995386,-22.37606334,7.055537766,-24.86549162,0.002457617,0.002918815,0.003299771,-30.1857772,-1.282607708,-9.631837824,2.224999905,2.539999962,2.609999895,2.880000114,-18.36403915,36.93055629,FALSE,FALSE,TRUE,0.101500009,5.587976543,232958,1101471.16,3,5,-2,FALSE,0.911116624,0.353597157,1,FALSE
VEEV,173.21,5,Avoid,Avoid,Clean,below EMA200 | weekly Stage 4 | not outperforming SPY,REGULAR,173.21,,,,173.2100067,2,0,0,0,5,7,-10,Stage 4,171.3600006,187.107666,-17.18016844,164.0680319,166.8981567,190.4140852,199.4395552,-10.21537471,0.359238884,-22.37956018,-38.40107927,7.055537766,-29.43509795,0.234355762,0.223735467,0.312982361,-1.939259618,13.09088703,8.568392881,191.9700012,191.9700012,205.4799957,310.5,-9.772357341,44.21577884,FALSE,FALSE,FALSE,7.011427743,4.047934572,1662408,3384262.16,4,5,-1,FALSE,1.079602064,-0.909608873,2,FALSE
WIMI,1.51,5,Avoid,Avoid,Clean,below EMA200 | weekly Stage 4 | not outperforming SPY,REGULAR,1.51,,,,1.50999999,2,0,0,0,5,7,-10,Stage 4,1.480000019,2.028666687,-25.29765497,1.576804794,1.664036871,2.216449707,2.584903053,-19.11812506,-5.625002002,-45.48736459,-50.16501635,7.055537766,-52.54290236,0.002043053,0.002254222,0.003768636,-26.48572424,-2.58064278,-6.79012432,1.820000052,2.440000057,2.440000057,5.650000095,-17.03296995,73.2743369,TRUE,FALSE,TRUE,0.092207117,6.106431611,26562,640125.24,3,4,-1,FALSE,2.027025068,-0.657894118,1,FALSE
WIX,46.3,5,Avoid,Avoid,Clean,below EMA200 | weekly Stage 4 | not outperforming SPY,REGULAR,46.3,,,,46.29999924,2,0,0,0,5,7,-10,Stage 4,44.09999847,76.81299973,-24.50167748,47.21014546,56.80830911,80.30018087,89.95104694,-18.85429142,-46.8671109,-56.08460675,-70.92804167,7.055537766,-63.14014452,0.0626446,0.081219394,0.139987216,-36.01861654,10.60678108,0.849486802,62.97000122,82.48000336,94.83000183,190.9299927,-26.47292625,75.75027444,FALSE,FALSE,TRUE,2.684213911,5.797438348,633191,1974681.82,3,4,-1,FALSE,4.988664034,1.903813883,0,FALSE
YEXT,4.535,5,Avoid,Avoid,Clean,below EMA200 | weekly Stage 4 | not outperforming SPY,REGULAR,4.535,,,,4.534999847,2,0,0,0,5,7,-10,Stage 4,4.440000057,5.444333347,-21.58152476,4.06160144,4.098874671,5.198282469,5.582167001,-16.09142802,14.52019706,-44.69512253,-46.64706062,7.055537766,-51.75066029,0.006135923,0.005334071,0.009232857,18.93182426,15.1015173,11.69950521,4.630000114,4.630000114,5.760000229,9.199999809,-2.05184157,50.70652238,FALSE,FALSE,FALSE,0.220500009,4.862183392,1381175,1486045.5,4,4,0,FALSE,2.139634887,-0.874316143,2,FALSE
RYET,1.04,5,Avoid,Avoid,Clean,below EMA200 | weekly Stage 4 | not outperforming SPY,REGULAR,1.04,,,,1.039999962,1,0,0,0,11,0,-10,Stage 4,1.00999999,1.066899997,-3.972278416,1.0356013,1.029562082,1.317463884,1.592546805,-18.51637875,2.970294225,-18.75000116,-84.12213845,7.055537766,-25.80553893,0.001407136,0.001416722,0.001624882,-13.39203426,-7.964604757,9.01467149,2.029999971,2.029999971,2.029999971,21,-48.76847406,95.04761923,TRUE,FALSE,FALSE,0.134914296,12.97252894,15408,1244136.16,3,2,1,FALSE,2.970294225,3.999996185,1,FALSE
TWAV,1.2999,5,Avoid,Avoid,Clean,below EMA200 | weekly Stage 4 | not outperforming SPY,REGULAR,1.2999,,,,1.299900055,1,0,0,0,11,0,-10,Stage 4,1.299999952,1.579333325,-16.49629917,1.466055879,1.526828073,1.780276814,2.045283309,-12.99330044,-16.13547775,-34.67838951,-59.37812389,7.055537766,-41.73392728,0.001758784,0.002165857,0.00274675,-23.82292257,-3.711108743,-20.25153014,2.579999924,2.579999924,2.579999924,5.5,-49.61627545,76.36545355,FALSE,TRUE,TRUE,0.152857133,11.75914508,99228,1488986.56,3,2,1,FALSE,-0.007684414,-0.007684414,1,FALSE
CMTL,2.09,5,Avoid,Avoid,Clean,below EMA200 | weekly Transition | not outperforming SPY | distribution cluster | excess volatility,REGULAR,2.09,,,,2.089999914,0,5,0,0,-5,-5,5,Transition,2.069999933,4.415333327,8.307440598,3.196194879,3.757981855,3.934032382,3.848918549,0.264179295,-32.58064586,-52.92793047,-12.9166737,7.055537766,-59.98346823,0.002827802,0.005305436,0.005731564,-50.39612123,-13.63636991,-56.72877956,6.199999809,6.199999809,6.210000038,6.210000038,-66.29032293,66.34460706,TRUE,FALSE,TRUE,0.452857154,21.66780729,399442,589656.84,9,11,-2,FALSE,0.966182685,2.702694153,0,FALSE
ABTC,0.7233,5,Avoid,Avoid,Clean,below EMA200 | weekly Stage 4 | not outperforming SPY | distribution cluster,REGULAR,0.7233,,,,0.723399997,0,0,0,0,0,3,-10,Stage 4,0.717999995,1.260199998,-53.12802151,0.84404241,0.975406293,1.740025525,2.312459148,-26.71314252,-15.88372271,-61.52127667,-82.83748587,7.055537766,-68.57681444,0.000978771,0.001414629,0.003750044,-39.22437674,-10.91132789,-15.5892646,1.110000014,1.440000057,1.440000057,14.52000046,-34.82882996,95.01790652,TRUE,FALSE,TRUE,0.060100006,8.307990942,3985150,14382585,3,9,-6,FALSE,0.752089421,2.784878307,1,FALSE
AIOT,3.715,5,Avoid,Avoid,Clean,below EMA200 | weekly Stage 4 | not outperforming SPY | distribution cluster,REGULAR,3.715,,,,3.714999914,0,0,0,0,-5,3,-10,Stage 4,3.74000001,4.07500004,-10.16974015,3.83071699,3.693421485,3.960588743,4.116857291,-7.258031916,27.66322353,-32.08409403,-15.18265258,7.055537766,-39.13963179,0.005026451,0.004872129,0.006327326,6.230712308,-4.987216557,-11.9668223,4.5,4.5,5.170000076,5.880000114,-17.44444635,36.81973058,FALSE,TRUE,TRUE,0.266071354,7.162082363,819943,1717340.86,5,10,-5,FALSE,-0.668451746,0.541271483,1,FALSE
AISP,2.355,5,Avoid,Avoid,Clean,below EMA200 | weekly Stage 4 | not outperforming SPY | distribution cluster,REGULAR,2.355,,,,2.355000019,0,0,0,0,5,0,-10,Stage 4,2.299999952,2.769333331,-18.65269828,2.708268916,2.668344457,2.966149035,3.158620943,-9.623825624,11.08491256,-20.70707083,-58.97212347,7.055537766,-27.76260859,0.003186351,0.003562358,0.004863812,-11.63103689,-17.65733897,-21.76079646,3.315000057,3.315000057,3.315000057,7.199999809,-28.95927667,67.29166554,TRUE,FALSE,TRUE,0.242499999,10.29723977,336345,683284.9,16,13,3,FALSE,2.3913073,-1.464438673,1,FALSE
ALKT,16.55,5,Avoid,Avoid,Clean,below EMA200 | weekly Stage 4 | not outperforming SPY | distribution cluster,REGULAR,16.55,,,,16.54999924,0,0,0,0,-5,7,-10,Stage 4,16.42000008,18.17749996,-9.719635903,15.87736944,16.33208194,18.32430108,19.37784547,-9.066944009,8.524585161,-28.07475414,-45.03487578,7.055537766,-35.13029191,0.0223924,0.022415861,0.028339462,-9.702006546,13.43385239,8.95325671,19.25,19.25,19.25,30.87999916,-14.02597799,46.40544143,FALSE,FALSE,FALSE,0.711071559,4.296505088,978756,1801907.12,7,10,-3,FALSE,0.791712303,-0.36123643,2,FALSE
AMST,1.15,5,Avoid,Avoid,Clean,below EMA200 | weekly Stage 4 | not outperforming SPY,REGULAR,1.15,,,,1.149999976,0,0,0,0,0,7,-10,Stage 4,1.090000033,1.74113332,-24.89179719,1.231806816,1.344259944,1.749341087,1.903884276,-17.79659501,-37.83783993,-47.00461126,-56.60377605,7.055537766,-54.06014902,0.001555967,0.001723433,0.003103443,-37.96817959,-0.862068168,-8.730159932,1.549999952,2.670000076,2.670000076,4.78000021,-25.80645087,75.94142415,FALSE,FALSE,TRUE,0.075999992,6.608695114,26749,4142384.98,5,6,-1,FALSE,5.504581738,5.504581738,0,FALSE
ARBE,0.7305,5,Avoid,Avoid,Clean,below EMA200 | weekly Stage 4 | not outperforming SPY | distribution cluster,REGULAR,0.7305,,,,0.730499983,0,0,0,0,-5,0,-10,Stage 4,0.657000005,0.992233336,-23.20175464,0.822278495,0.878601326,1.034902324,1.117330246,-11.12095128,25.51545727,-31.08490356,-62.15025893,7.055537766,-38.14044133,0.000988378,0.001226199,0.001779352,-14.69803955,2.025134346,-16.79954836,1.330000043,1.399999976,1.399999976,2.880000114,-45.07519103,74.63541827,FALSE,FALSE,TRUE,0.075964293,10.39894526,1625721,2754426.42,9,10,-1,FALSE,11.18721111,2.598310409,0,FALSE
ASST,11.79,5,Avoid,Avoid,Clean,below EMA200 | weekly Stage 4 | not outperforming SPY | distribution cluster,REGULAR,11.79,,,,11.77999973,0,0,0,0,-5,0,-10,Stage 4,11.34000015,14.16566656,-24.21940499,14.19040599,14.66798564,20.36733764,24.25963047,-18.82819428,19.5332347,-31.67053428,-85.23809614,7.055537766,-38.72607205,0.015938518,0.021363139,0.032255926,-20.00414512,-20.45915328,-22.24422423,17.56999969,19.75,19.75,252,-32.95389905,95.32539693,FALSE,FALSE,TRUE,1.293785708,10.982901,2431878,4624625.56,11,12,-1,FALSE,3.880066794,3.557309836,1,FALSE
ATGL,12,5,Avoid,Avoid,Clean,below EMA200 | weekly Stage 4 | not outperforming SPY | distribution cluster,REGULAR,12,,,,12,0,0,0,0,0,0,-10,Stage 4,11.47000027,17.68083337,-10.86402714,12.61633328,13.97250446,16.93791046,17.69119865,-12.05433797,-24.00734772,-45.45454545,-42.33541419,7.055537766,-52.51008322,0.016236182,0.019187071,0.027840389,-18.62657968,6.666666667,2.564104236,16.29999924,27,27,50,-26.38036465,76,FALSE,TRUE,TRUE,1.325071403,11.04226169,1635,3930.7,7,8,-1,FALSE,4.620747346,4.620747346,1,FALSE
AVNW,20.76,5,Avoid,Avoid,Clean,below EMA200 | weekly Stage 4 | not outperforming SPY | distribution cluster,REGULAR,20.76,,,,20.76000023,0,0,0,0,0,7,-10,Stage 4,20.46999931,21.60600023,-5.293610306,19.69960566,19.71485795,21.08851514,21.38334687,-6.504201748,-9.46358503,-2.945297703,-13.283209,7.055537766,-10.00083547,0.028088595,0.026078666,0.032036176,-13.10122419,2.772274479,7.176041969,21.98999977,23.70000076,27.02000046,27.02000046,-5.593449545,23.16802414,TRUE,TRUE,FALSE,1.200007166,5.780381276,45865,211527.3,5,8,-3,FALSE,1.416711897,0.874637055,1,FALSE
AWRE,1.35,5,Avoid,Avoid,Clean,below EMA200 | weekly Stage 4 | not outperforming SPY,REGULAR,1.35,,,,1.350000024,0,0,0,0,6,3,-10,Stage 4,1.299999952,1.584666665,-17.73663282,1.39576114,1.387159112,1.572273247,1.642296867,-10.08646449,8.000001907,-33.49753483,-27.80748554,7.055537766,-40.5530726,0.00182657,0.001837411,0.002656764,2.530511419,-8.163265472,-6.896553142,1.669999957,1.669999957,2,2.950000048,-19.16167314,54.23728807,FALSE,FALSE,TRUE,0.106428572,7.883597795,9919,53268.38,8,6,2,FALSE,3.846159489,1.503757916,1,FALSE
BEEM,1.225,5,Avoid,Avoid,Clean,below EMA200 | weekly Stage 4 | not outperforming SPY | distribution cluster,REGULAR,1.225,,,,1.225000024,0,0,0,0,0,3,-10,Stage 4,1.220000029,1.571500003,-17.16594934,1.315161332,1.438073796,1.668552502,1.800151033,-9.456893151,-10.58394018,-27.51479394,-29.19075085,7.055537766,-34.57033171,0.001657444,0.002102133,0.002725395,-22.98266035,-11.87050097,6.521743412,1.639999986,2.029999971,2.029999971,4.039999962,-25.30487594,69.67821695,FALSE,FALSE,TRUE,0.119642879,9.766765466,213492,1867077.84,8,9,-1,FALSE,0.409835665,1.659749395,1,FALSE
BGMS,0.7477,5,Avoid,Avoid,Clean,below EMA200 | weekly Stage 4 | not outperforming SPY,REGULAR,0.7477,,,,0.747699976,0,0,0,0,5,0,-10,Stage 4,0.600000024,1.11066667,-36.03378787,0.811303754,0.920769254,4.668394791,14.19168787,-37.7259228,-25.2300024,-47.34507052,-85.7580957,7.055537766,-54.40060829,0.001011649,0.001296613,0.002516499,-32.3967698,9.955877662,-4.141025206,2.799999952,2.799999952,2.799999952,19.87000084,-73.29642897,96.23704104,FALSE,FALSE,TRUE,0.107714291,14.40608461,273289,2853745.78,2,3,-1,FALSE,24.61665771,22.55368155,0,FALSE
BHST,2.8,5,Avoid,Avoid,Clean,below EMA200 | weekly Stage 4 | not outperforming SPY | distribution cluster,REGULAR,2.8,,,,2.799999952,0,0,0,0,-5,3,-10,Stage 4,2.769999981,4.447666685,-28.23566155,3.189355191,3.607623483,4.682153289,5.043535325,-15.11181669,-35.18518886,-50.04460405,-58.82353127,7.055537766,-57.10014182,0.003788442,0.005082713,0.00853749,-37.74711092,-8.19672144,-12.50000279,3.894999981,4.610000134,5.039999962,12.80000019,-28.11296621,78.1250007,TRUE,FALSE,TRUE,0.242285728,8.653061878,1970,28727.4,2,10,-8,FALSE,1.083031466,-0.709219199,1,FALSE
BILI,16.915,5,Avoid,Avoid,Clean,below EMA200 | weekly Stage 4 | not outperforming SPY | distribution cluster,REGULAR,16.915,,,,16.91500092,0,0,0,0,-5,10,-10,Stage 4,16.46999931,24.43433342,-10.3261403,17.40176309,19.34451937,22.74897167,23.11125366,-9.928045952,-24.24988368,-31.71174565,-18.75599825,7.055537766,-38.76728341,0.022886252,0.026593985,0.037067941,-36.40250591,0.924825087,-5.291151526,19.19000053,25.625,32.24000168,36.40000153,-11.85513056,53.53021921,FALSE,FALSE,TRUE,0.676500116,3.999409279,1056311,3217450.22,10,13,-3,FALSE,2.701892051,-0.499994615,2,FALSE
BLKB,28.785,5,Avoid,Avoid,Clean,below EMA200 | weekly Stage 4 | not outperforming SPY | distribution cluster,REGULAR,28.785,,,,28.78499985,0,0,0,0,-5,7,-10,Stage 4,29.22999954,44.57066676,-18.23746305,28.46667166,31.84283622,42.33228657,45.99061003,-17.03590027,-23.6472168,-54.56912947,-55.19844382,7.055537766,-61.62466723,0.038946541,0.043631772,0.072639229,-29.03861354,8.458925601,3.172043874,32.93000031,40.15000153,53.25,74.87999725,-12.58730768,61.55849238,FALSE,FALSE,FALSE,1.566428321,5.441821536,265776,816351.52,8,13,-5,FALSE,-1.522407464,-1.252143314,1,FALSE
BMR,1.52,5,Avoid,Avoid,Clean,below EMA200 | weekly Stage 4 | not outperforming SPY,REGULAR,1.52,,,,1.519999981,0,0,0,0,6,3,-10,Stage 4,1.529999971,1.803333322,-11.96094361,1.623815744,1.714735212,1.91562485,2.039974227,-7.419619336,7.042255413,-23.61809178,-51.59235891,7.055537766,-30.67362954,0.002056583,0.00246326,0.002973591,-19.83211071,-5.000002608,-5.590064135,2,2.200000048,2.200000048,3.849999905,-24.00000095,60.51948004,TRUE,FALSE,TRUE,0.11690712,7.691257975,12818,106994.36,8,6,2,FALSE,-0.65359416,0.662251028,0,FALSE
BNZI,3.0454,5,Avoid,Avoid,Clean,below EMA200 | weekly Stage 4 | not outperforming SPY | distribution cluster,REGULAR,3.0454,,,,3.045399904,0,0,0,0,-5,0,-10,Stage 4,2.970000029,16.26666673,-45.03390368,3.420605491,6.188145839,54.58901342,262.0140404,-38.90066288,-85.76915907,-85.49809569,-97.40596264,7.055537766,-92.55363346,0.004120472,0.007118839,0.036582328,-76.68410889,-4.532920074,9.546760273,4,15.11999989,28,138,-23.86500239,97.79318848,FALSE,FALSE,TRUE,0.391714266,12.86249027,110641,399796.52,14,14,0,FALSE,2.538716327,0.78432669,1,FALSE
BOSC,4.505,5,Avoid,Avoid,Clean,below EMA200 | weekly Stage 4 | not outperforming SPY | distribution cluster,REGULAR,4.505,,,,4.505000114,0,0,0,0,0,10,-10,Stage 4,4.510000229,4.622000043,-3.386287043,4.387399286,4.464931569,4.607133204,4.593179465,-1.814036236,-10.43737721,-3.118279096,-6.535270664,7.055537766,-10.17381686,0.006095333,0.006102362,0.006894161,-6.618962233,4.041574915,4.767439875,4.579999924,4.909999847,5.349999905,6.71999979,-1.637550448,32.96130573,TRUE,FALSE,FALSE,0.134285722,2.980815073,5561,57317.22,6,8,-2,FALSE,-0.110867277,1.235961967,0,FALSE
BRAG,1.71,5,Avoid,Avoid,Clean,below EMA200 | weekly Stage 4 | not outperforming SPY | distribution cluster,REGULAR,1.71,,,,1.710000038,0,0,0,0,0,7,-10,Stage 4,1.75,1.929333337,-11.0263943,1.71286926,1.77540359,2.052898333,2.240148476,-10.9795412,-7.065217004,-19.71831238,-59.47867007,7.055537766,-26.77385015,0.002313656,0.002499058,0.003067251,-14.55790568,0.588234717,4.907978107,1.799999952,2.299999952,2.299999952,4.777999878,-4.999995364,64.21096522,TRUE,FALSE,TRUE,0.091357146,5.342523038,8126,46402.52,6,9,-3,FALSE,-2.285712106,-1.156068249,1,FALSE
BRZE,21.11,5,Avoid,Avoid,Clean,below EMA200 | weekly Stage 4 | not outperforming SPY,REGULAR,21.11,,,,21.11000061,0,0,0,0,0,7,-10,Stage 4,21.02000046,23.60133336,-7.429415732,21.24095935,21.87255961,23.57713026,24.64430031,-5.887041101,-8.217388651,-41.08289274,-21.05459689,7.055537766,-48.13843051,0.028562151,0.030436111,0.036423856,-12.37027964,9.890690351,-2.539239339,28.71999931,28.71999931,28.71999931,37.32699966,-26.4972106,43.44576098,FALSE,FALSE,TRUE,1.179143088,5.585708452,625200,2881564,4,7,-3,FALSE,0.42816437,-0.915276658,2,FALSE
CABO,58.61,5,Avoid,Avoid,Clean,below EMA200 | weekly Stage 4 | not outperforming SPY | distribution cluster,REGULAR,58.61,,,,58.61000061,0,0,0,0,-5,3,-10,Stage 4,52.86999893,88.6093338,-24.46222632,48.16352282,59.09947788,90.2044713,105.6316549,-22.33383933,-38.44133896,-50.5317362,-54.59756583,7.055537766,-57.58727397,0.079300218,0.084104704,0.155192129,-48.19200337,43.1957004,24.70212896,58.61000061,119.5199966,119.5199966,180.7400055,0,67.57220381,FALSE,FALSE,FALSE,4.766428811,8.132449687,212603,236070.06,12,21,-9,FALSE,10.85682201,8.386499831,0,FALSE
CACI,453.405,5,Avoid,Avoid,Clean,below EMA200 | weekly Stage 4 | not outperforming SPY | distribution cluster,REGULAR,453.405,,,,453.269989,0,0,0,0,-5,7,-10,Stage 4,453.9200134,557.4346639,-3.480979041,484.5113932,506.7254273,533.0107453,531.057417,-3.593625727,-19.58592745,-16.74105704,-2.600082994,7.055537766,-23.79659481,0.61328116,0.683231484,0.805675963,-18.82383285,0.789377342,-12.73200468,545.289978,559.1300049,638.0700073,683.5,-16.87542275,33.68398112,FALSE,FALSE,TRUE,20.71071952,4.569179522,64426,314594.52,8,12,-4,FALSE,-0.143202413,-0.276031512,1,FALSE
CAN,0.2971,5,Avoid,Avoid,Clean,below EMA200 | weekly Stage 4 | not outperforming SPY,REGULAR,0.2971,,,,0.297100008,0,0,0,0,0,3,-10,Stage 4,0.300000012,0.554266664,-32.31019779,0.345943985,0.404855123,0.567929063,0.636508772,-18.08272749,-27.71289589,-61.76319129,-51.13486561,7.055537766,-68.81872905,0.000401981,0.000588841,0.001075525,-46.47934746,-15.35612585,-7.15624557,0.409000009,0.588999987,0.633000016,2.220000029,-27.35941301,86.61711695,TRUE,FALSE,TRUE,0.029578575,9.955763822,3501460,10336175.2,5,7,-2,FALSE,-0.966668091,3.339135198,1,FALSE
CARG,33.94,5,Avoid,Avoid,Clean,weekly Stage 4 | not outperforming SPY | distribution cluster,REGULAR,33.94,,,,33.93999863,0,0,0,4,-5,7,-10,Stage 4,33.02999878,33.22550004,-3.917003888,30.34258441,31.04635408,32.61984596,32.82353224,-2.608891174,-3.056268912,-12.72820993,3.507159741,7.055537766,-19.78374769,0.045921332,0.043441411,0.049362957,-11.0158478,12.83244253,24.91718267,34.31000137,38.65999985,38.65999985,39.41999817,-1.07841076,13.90157229,FALSE,FALSE,FALSE,1.358071463,4.00138927,658320,1422718.4,9,10,-1,FALSE,2.755070787,-0.083608359,1,FALSE
CDLX,4.88,5,Avoid,Avoid,Clean,below EMA200 | weekly Stage 4 | not outperforming SPY,REGULAR,4.88,,,,4.880000114,0,0,0,0,0,3,-10,Stage 4,4.710000038,8.906000042,-30.11796075,5.496574768,6.614143363,9.656585558,11.56801046,-21.41017973,-47.63948204,-59.99999844,-72.66106437,7.055537766,-67.0555362,0.006602714,0.00945908,0.017071932,-51.33550473,-6.513404012,-9.796668169,6.929999828,10.47999954,12.39999962,32.79999924,-29.58152619,85.12195052,TRUE,FALSE,TRUE,0.429071358,8.79244566,38922,88962.84,3,6,-3,FALSE,3.609343416,-0.60897519,1,FALSE
CERT,6.2908,5,Avoid,Avoid,Clean,below EMA200 | weekly Stage 4 | not outperforming SPY,REGULAR,6.2908,,,,6.290800095,0,0,0,0,0,7,-10,Stage 4,5.840000153,6.953666655,-19.79623232,5.578835082,5.690629851,7.003425455,7.606285035,-14.70107252,9.405219037,-29.39618179,-44.91418518,7.055537766,-36.45171956,0.008511548,0.007642866,0.01189386,-3.048497547,17.80524185,20.97692933,6.309899807,6.480000019,7.960000038,13.88000011,-0.302694384,54.67723312,FALSE,FALSE,FALSE,0.382992813,6.088141521,1598458,4002989.16,6,7,-1,FALSE,7.719176888,3.382088006,1,FALSE
CGTL,0.3908,5,Avoid,Avoid,Clean,below EMA200 | weekly Stage 1/3 | not outperforming SPY | excess volatility,REGULAR,0.3908,,,,0.390799999,0,0,0,0,0,-5,0,Stage 1/3,0.402999997,1.520933344,0.717391819,0.439322098,0.683125863,1.1846087,1.339922014,-25.00386406,-62.78095076,-61.68627387,-66.74042425,7.055537766,-68.74181163,0.000528758,0.000954446,0.001816174,-68.82281268,15.9643872,-3.26733029,0.949999988,1.700000048,6.198999882,6.400000095,-58.86315746,93.8937501,TRUE,FALSE,TRUE,0.105121434,26.89903632,218070,8526341.4,5,6,-1,FALSE,-3.027294786,-1.338049739,1,FALSE
CHTR,150.165,5,Avoid,Avoid,Clean,below EMA200 | weekly Stage 4 | not outperforming SPY | distribution cluster,REGULAR,150.165,,,,150.3000031,0,0,0,0,-5,7,-10,Stage 4,133.6399994,193.273334,-13.38614402,138.1032921,154.6642954,195.0039946,210.5499041,-15.26997482,-31.41370655,-27.89983776,-61.85376023,7.055537766,-34.95537552,0.20335818,0.21208619,0.303124317,-39.53117146,19.72279907,3.07227781,168.1100006,254.1100006,254.1100006,422.2900085,-10.59425227,64.40834497,FALSE,FALSE,FALSE,8.26500048,5.499002203,8850488,3785299.76,8,16,-8,FALSE,12.46633024,-0.595234071,2,FALSE
CINT,3.36,5,Avoid,Avoid,Clean,below EMA200 | weekly Stage 4 | not outperforming SPY | distribution cluster,REGULAR,3.36,,,,3.359999895,0,0,0,0,-5,7,-10,Stage 4,3.349999905,4.482666667,-5.40236326,3.676936755,3.924789075,4.415870372,4.576970285,-9.304930151,-30.29046109,-23.63636768,-42.66211914,7.055537766,-30.69190544,0.004546131,0.005293207,0.006643966,-31.98639791,-3.17003264,-16.83168498,4.320000172,4.920000076,5.800000191,6.099999905,-22.22222774,44.91803365,FALSE,TRUE,TRUE,0.182228548,5.423468865,96033,160376.66,11,15,-4,FALSE,0.298507187,0.900900062,0,FALSE
CLVT,2.13,5,Avoid,Avoid,Clean,below EMA200 | weekly Stage 4 | not outperforming SPY,REGULAR,2.13,,,,2.130000114,0,0,0,0,0,7,-10,Stage 4,2.130000114,2.639666677,-12.86311621,2.189964013,2.355130333,2.728630669,2.935361254,-10.092905,-9.745753851,-37.53665511,-51.59090754,7.055537766,-44.59219287,0.002881922,0.003349058,0.004287936,-25.92931906,11.51833255,-3.619905988,2.75,3.049999952,3.049999952,4.769999981,-22.54545038,55.34590937,FALSE,FALSE,TRUE,0.132500018,6.220657806,3611199,6062043.98,5,6,-1,FALSE,0,2.158277001,1,FALSE
CMCM,3.05,5,Avoid,Avoid,Clean,below EMA200 | weekly Stage 4 | not outperforming SPY | distribution cluster,REGULAR,3.05,,,,3.049999952,0,0,0,0,-5,0,-10,Stage 4,3.00999999,5.724833337,-14.40994725,3.710859908,4.440264583,5.426624918,5.546743916,-10.9911591,-48.30508639,-52.04402691,-30.36529971,7.055537766,-59.09956468,0.004126696,0.006277514,0.009246259,-48.29397243,-12.1037485,-17.67881201,4.681000233,5.949999809,8.300000191,9.43999958,-34.84298653,67.69067704,FALSE,FALSE,TRUE,0.31428567,10.30444836,760,23709.2,1,10,-9,FALSE,1.328902391,2.348991033,0,FALSE
CNXC,25.2,5,Avoid,Avoid,Clean,below EMA200 | weekly Stage 4 | not outperforming SPY,REGULAR,25.2,,,,25.20000076,0,0,0,0,0,7,-10,Stage 4,25,32.38650017,-13.90576133,25.41129143,26.42329418,31.88116747,34.37201188,-14.00485161,-4.617711241,-39.55384602,-54.28985983,7.055537766,-46.60938379,0.034095983,0.035073043,0.051792079,-19.17639868,5.307147687,-3.816793782,30.23999977,30.84000015,40.02999878,62.13999939,-16.66666351,59.4464097,FALSE,FALSE,TRUE,1.685500554,6.688494058,956239,1704686.78,5,7,-2,FALSE,0.800003052,4.520946184,1,FALSE
COUR,5.685,5,Avoid,Avoid,Clean,below EMA200 | weekly Stage 4 | not outperforming SPY | distribution cluster,REGULAR,5.685,,,,5.684999943,0,0,0,0,1,7,-10,Stage 4,5.739999771,6.176333332,-16.74604547,5.531384263,5.625623903,6.444878957,6.8135622,-10.28298845,3.176038233,-23.99732716,-34.12514638,7.055537766,-31.05286493,0.007691891,0.007683209,0.010541403,-16.06388503,7.062146969,6.460670044,6.260000229,6.675000191,6.894999981,13.56000042,-9.185307749,58.07522296,TRUE,FALSE,FALSE,0.273928642,4.818445823,3026692,7426931.84,12,11,1,FALSE,-0.958185201,-0.52493804,1,FALSE
CRM,158.85,5,Avoid,Avoid,Clean,below EMA200 | weekly Stage 4 | not outperforming SPY | distribution cluster,REGULAR,158.85,,,,158.8500061,0,0,0,0,-5,7,-10,Stage 4,158.3699951,201.4970011,-10.04209961,164.3127635,173.9456018,197.6241693,207.0801531,-9.212408871,-11.41040195,-40.11535842,-41.32746848,7.055537766,-47.17089619,0.214926464,0.239277797,0.310568135,-16.78330427,5.815355229,-4.243771965,211.3399963,211.3399963,211.3399963,276.7999878,-24.83675175,42.61198948,FALSE,FALSE,TRUE,6.452850342,4.062228577,5461100,15421826,9,11,-2,FALSE,0.303094652,-0.765260577,2,FALSE
CXAI,0.195,5,Avoid,Avoid,Clean,below EMA200 | weekly Stage 4 | not outperforming SPY | excess volatility,REGULAR,0.195,,,,0.194999993,0,0,0,0,6,-5,-10,Stage 4,0.187999994,0.240600001,-39.64882987,0.204508991,0.200535642,0.310659173,0.402824142,-25.66219552,0.515457266,-43.96551768,-78.50055218,7.055537766,-51.02105545,0.000263838,0.000252209,0.000540428,2.846953939,-17.02127943,-2.010054315,0.335000008,0.335000008,0.335000008,1.149999976,-41.79104836,83.04347853,FALSE,FALSE,TRUE,0.029278572,15.01465292,2509311,27512822.22,8,6,2,FALSE,3.723404002,0.102663491,1,FALSE
CYCU,0.632,5,Avoid,Avoid,Clean,below EMA200 | weekly Stage 4 | not outperforming SPY,REGULAR,0.632,,,,0.632000029,0,0,0,0,5,0,-10,Stage 4,0.649999976,1.69703631,-50.17152997,0.711733769,0.894784429,3.263246275,6.135131696,-35.89265704,-39.80951831,-78.05555542,-93.95891073,7.055537766,-85.11109318,0.000855106,0.001169908,0.004352144,-46.90324047,-5.530642577,-0.784928578,0.920000017,1.74000001,2.180000067,15.88408566,-31.30434591,96.02117463,FALSE,FALSE,TRUE,0.081735709,12.93286473,385373,1450829.46,1,2,-1,FALSE,-2.769222728,-4.747548057,1,FALSE
DAVA,2.865,5,Avoid,Avoid,Clean,below EMA200 | weekly Stage 4 | not outperforming SPY | distribution cluster,REGULAR,2.865,,,,2.86500001,0,0,0,0,-5,7,-10,Stage 4,2.839999914,4.901666681,-24.609075,2.912789495,3.432864575,5.483806135,6.882566489,-24.48707196,-33.98617722,-56.12557554,-80.81044909,7.055537766,-63.1811133,0.003876388,0.004824724,0.008656989,-42.85910814,6.505574297,-1.206899472,3.579999924,5.070000172,5.75,16.04999924,-19.97206507,82.1495318,FALSE,FALSE,TRUE,0.161071454,5.622040253,139048,411640.96,6,13,-7,FALSE,0.880285075,-0.865055172,2,FALSE
DGNX,1.545,5,Avoid,Avoid,Clean,below EMA200 | weekly Stage 4 | not outperforming SPY | distribution cluster,REGULAR,1.545,,,,1.544999957,0,0,0,0,-5,0,-10,Stage 4,0.883000016,13.59690006,-75.21599796,1.082836551,2.414790397,19.75740601,26.44431097,-37.94949437,-58.28833805,-97.3544522,-96.63911265,7.055537766,-104.40999,0.002090408,0.00223047,0.068772987,-67.0243733,65.77253089,71.66666645,1.75,5.303999901,9.520000458,318.8399963,-11.71428817,99.51543095,FALSE,FALSE,FALSE,0.159000001,10.29126247,19153688,1270743.04,9,12,-3,FALSE,74.97167936,62.61445632,0,FALSE
DH,0.7169,5,Avoid,Avoid,Clean,below EMA200 | weekly Stage 4 | not outperforming SPY | distribution cluster,REGULAR,0.7169,,,,0.716899991,0,0,0,0,-5,3,-10,Stage 4,0.660000026,1.488300002,-32.44416855,0.786395896,0.909202559,1.529008953,1.826720524,-25.21029939,-31.72380728,-72.63740373,-81.08443276,7.055537766,-79.69294149,0.000969977,0.00121351,0.002910736,-35.18154783,-4.540612074,-14.65476031,1.00999999,1.13499999,2.170000076,4.699999809,-29.0198022,84.74680808,FALSE,FALSE,TRUE,0.060985706,8.506863781,326221,382484.42,9,12,-3,FALSE,8.621206447,0.575191491,1,FALSE
DJT,7.22,5,Avoid,Avoid,Clean,below EMA200 | weekly Stage 4 | not outperforming SPY | distribution cluster,REGULAR,7.22,,,,7.21999979,0,0,0,0,1,7,-10,Stage 4,7.420000076,10.5308334,-15.52129821,7.993187624,8.581302695,10.77349059,12.00275692,-15.65841525,-14.75797447,-49.54577513,-59.48372663,7.055537766,-56.6013129,0.009768769,0.011787656,0.01713078,-30.41265001,-11.08374517,-7.435902389,9.550000191,10.55000019,12.52000046,20.92000008,-24.39790947,65.48757283,TRUE,FALSE,TRUE,0.476642881,6.601702146,2326466,4563565.32,14,12,2,FALSE,-2.695421618,0.557102546,1,FALSE
DOYU,4.54,5,Avoid,Avoid,Clean,below EMA200 | weekly Stage 4 | not outperforming SPY | distribution cluster,REGULAR,4.54,,,,4.539999962,0,0,0,0,0,10,-10,Stage 4,4.590000153,5.527833335,-11.5570254,4.720119424,4.851083279,5.526795696,5.888205541,-10.46095677,-2.575104925,-35.3276357,-29.17316584,7.055537766,-42.38317346,0.006142689,0.006584393,0.008711988,-10.30012596,-2.365594221,-8.467743409,5.300000191,5.300000191,6.295000076,9.340000153,-14.33962644,51.39186416,TRUE,TRUE,TRUE,0.178428684,3.930147257,13018,26172.36,5,9,-4,FALSE,-1.089328738,-0.873361627,1,FALSE
DTSS,0.77,5,Avoid,Avoid,Clean,below EMA200 | weekly Stage 4 | not outperforming SPY | excess volatility,REGULAR,0.77,,,,0.769999981,0,0,0,0,15,-5,-10,Stage 4,0.751999974,0.938166658,-23.67871601,0.816091477,0.862963664,1.063919776,1.200823983,-15.15003585,-19.79166686,-8.224077094,-61.30653381,7.055537766,-15.27961486,0.001041822,0.001198367,0.001749822,-35.30933237,1.315788235,-22.45720005,1.200000048,1.279999971,1.279999971,2.5,-35.83333747,69.20000076,TRUE,FALSE,TRUE,0.147271425,19.1261595,31475,366429.5,7,3,4,FALSE,2.393617991,8.450704817,0,FALSE
DTST,3.32,5,Avoid,Avoid,Clean,below EMA200 | weekly Stage 4 | not outperforming SPY | distribution cluster,REGULAR,3.32,,,,3.319999933,0,0,0,0,0,3,-10,Stage 4,3.349999905,4.165000017,-3.988012408,3.470280624,3.685603709,3.99968306,4.057705606,-4.847297185,-18.02469687,-33.99602794,-2.639300596,7.055537766,-41.0515657,0.00449201,0.005146398,0.006116965,-20.20598196,0,6.070281529,3.900000095,4.599999905,4.949999809,5.440000057,-14.87179867,38.9705901,TRUE,TRUE,TRUE,0.296428561,8.9285713,6665,36723.3,8,8,0,FALSE,-0.89552156,-2.064901755,0,FALSE
DVLT,0.3347,5,Avoid,Avoid,Clean,below EMA200 | weekly Stage 4 | not outperforming SPY | distribution cluster,REGULAR,0.3347,,,,0.334699988,0,0,0,0,0,3,-10,Stage 4,0.330000013,0.727333342,-40.18640322,0.398979915,0.492544113,0.827949039,2.844313525,-34.85288106,-41.28070306,-58.16250208,-54.15068772,7.055537766,-65.21803984,0.000452854,0.000704901,0.001482744,-62.17266155,-14.17948701,-7.027784704,0.579999983,0.860000014,0.99000001,4.099999905,-42.29310379,91.83658546,FALSE,TRUE,TRUE,0.029099999,8.694353075,9363995,43482267.9,7,9,-2,FALSE,1.424234868,3.847347746,1,FALSE
DXC,8.95,5,Avoid,Avoid,Clean,below EMA200 | weekly Stage 4 | not outperforming SPY | distribution cluster,REGULAR,8.95,,,,8.949999809,0,0,0,0,-5,7,-10,Stage 4,8.819999695,12.35066671,-8.857894887,8.925084255,9.794800933,11.71043721,12.35417534,-11.98845818,-24.21676976,-40.72847958,-41.11842157,7.055537766,-47.78401735,0.012109485,0.013544687,0.018398088,-33.04380295,8.091788622,-2.399130482,10.56999969,13.53999996,15.31999969,16.45000076,-15.32639482,45.59270885,FALSE,FALSE,FALSE,0.517142943,5.778133564,2501378,5693347.56,11,15,-4,FALSE,1.473924251,0.111859389,1,FALSE
EBON,2.35,5,Avoid,Avoid,Clean,below EMA200 | weekly Stage 4 | not outperforming SPY | distribution cluster | excess volatility,REGULAR,2.35,,,,2.349999905,0,0,0,0,1,-5,-10,Stage 4,1.840000033,2.582566663,-20.74937111,2.205933936,2.232735319,2.682720797,2.938066523,-13.19776332,35.83814328,-25.39683068,-28.11257674,7.055537766,-32.45236845,0.003179585,0.003087417,0.004540613,5.734026584,-1.052635594,17.49999523,2.799999952,2.859999895,3.019999981,5.900000095,-16.07143055,60.16949379,FALSE,FALSE,FALSE,0.364714299,15.51975803,15716,11860.32,11,10,1,FALSE,27.7173838,11.90476245,0,FALSE
FDS,229.985,5,Avoid,Avoid,Clean,below EMA200 | weekly Stage 4 | not outperforming SPY | distribution cluster,REGULAR,229.985,,,,229.9850006,0,0,0,0,-5,7,-10,Stage 4,231.7400055,240.8010005,-6.103140194,230.0995486,230.3994036,249.6106851,265.1244805,-7.710846663,15.96077169,-20.71943069,-47.37546593,7.055537766,-27.77496846,0.311173189,0.31385573,0.367241175,-5.828007037,5.198520605,-4.633854239,272.3999939,272.3999939,272.3999939,453.4100037,-15.57084957,49.2765932,FALSE,FALSE,TRUE,11.59786006,5.042876724,502646,899118.92,6,10,-4,FALSE,-0.757316321,0.255016011,1,FALSE
FOXX,3.175,5,Avoid,Avoid,Clean,below EMA200 | weekly Stage 1/3 | not outperforming SPY | distribution cluster | excess volatility,REGULAR,3.175,,,,3.174999952,0,0,0,0,-5,-5,0,Stage 1/3,3.265000105,4.482800015,0.73783388,3.419784177,3.916163231,4.422483204,4.59917025,-6.939184685,-25.46948869,-23.86091381,-40.36438725,7.055537766,-30.91645157,0.004295823,0.005717744,0.006391624,-47.85109072,7.26351052,0.793646228,7.900000095,7.900000095,7.900000095,8.880000114,-59.81012767,64.24549649,TRUE,FALSE,TRUE,0.506921428,15.96602946,7746,1956014.92,3,11,-8,FALSE,-2.756513008,-2.905199669,1,FALSE
FRSX,1.74,5,Avoid,Avoid,Clean,below EMA200 | weekly Stage 4 | not outperforming SPY,REGULAR,1.74,,,,1.74000001,0,0,0,0,0,0,-10,Stage 4,1.674999952,2.850833313,-35.69258808,1.756583056,1.956899287,3.381480293,4.389608574,-26.87224326,-27.50000248,-61.33333312,-83.26118391,7.055537766,-68.38887089,0.002354246,0.002625158,0.005800409,-33.92478233,0.578034124,10.82802238,2.950000048,2.950000048,3.089999914,12.39000034,-41.01694978,85.95641678,TRUE,FALSE,TRUE,0.177928567,10.22577965,123553,1242477.06,3,6,-3,FALSE,3.880600542,4.819279791,2,FALSE
GDEV,12.14,5,Avoid,Avoid,Clean,below EMA200 | weekly Stage 4 | not outperforming SPY | distribution cluster,REGULAR,12.14,,,,12.14000034,0,0,0,0,-5,7,-10,Stage 4,12,15.48823325,-17.05546344,13.01700784,14.11073493,15.74772209,16.29107416,-6.146796684,-19.06666438,-28.88107463,-27.90973733,7.055537766,-35.9366124,0.016425604,0.020308026,0.026017829,-27.60559651,-0.654663846,-4.40944468,14.80000019,18.80999947,18.80999947,42.20000076,-17.97297171,71.23222719,FALSE,FALSE,TRUE,0.696357182,5.736055703,416,3170.32,8,12,-4,FALSE,1.166669528,-3.650790926,0,FALSE
GDYN,5.43,5,Avoid,Avoid,Clean,below EMA200 | weekly Stage 4 | not outperforming SPY | distribution cluster,REGULAR,5.43,,,,5.429999828,0,0,0,0,-5,3,-10,Stage 4,5.46999979,7.150999975,-8.44180797,5.984438092,6.267751427,7.158125543,7.723655303,-10.57267149,-1.630437553,-41.42395296,-54.13851555,7.055537766,-48.47949073,0.007346872,0.008590098,0.01082238,-14.08323309,-0.912412237,-14.08228353,8.020000458,8.020000458,8.020000458,12.85999966,-32.29427034,57.77604997,FALSE,FALSE,TRUE,0.415714298,7.655880499,1534888,2261717.76,12,12,0,FALSE,-0.731260757,-0.640445074,2,FALSE
GLOB,30.3399,5,Avoid,Avoid,Clean,below EMA200 | weekly Stage 4 | not outperforming SPY | distribution cluster,REGULAR,30.3399,,,,30.33989906,0,0,0,0,-5,3,-10,Stage 4,30.03000069,50.73266652,-12.84644284,33.87807888,38.23184044,50.49214789,57.82720881,-18.08308409,-31.85108097,-55.40873214,-66.8488853,7.055537766,-62.4642699,0.041050343,0.052777754,0.077532391,-41.61082211,1.234233428,-19.07202533,44.63999939,52.18999863,61.68999863,95.26000214,-32.03427536,68.1504321,FALSE,FALSE,TRUE,2.292499951,7.556056618,1010288,1924407.76,10,14,-4,FALSE,1.031962602,-0.197699198,1,FALSE
GTM,2.885,5,Avoid,Avoid,Clean,below EMA200 | weekly Stage 4 | not outperforming SPY | distribution cluster,REGULAR,2.885,,,,2.880000114,0,0,0,0,-5,7,-10,Stage 4,2.890000105,6.508499948,-24.42522112,3.019338928,3.939902561,6.115104635,6.807913324,-20.78778437,-49.6503458,-71.54150052,-70.96774101,7.055537766,-78.59703829,0.003896684,0.005813317,0.011328039,-55.6864344,8.67924569,2.491109363,3.880000114,6.868000031,7.679999828,12.51000023,-25.77319512,76.97841677,FALSE,FALSE,TRUE,0.197214314,6.847718961,5908072,12273487.44,5,12,-7,FALSE,-0.346020419,-1.873929452,1,FALSE
GTN-A,8,5,Avoid,Avoid,Clean,below EMA200 | weekly Stage 4 | not outperforming SPY,REGULAR,8,,,,8,0,0,0,0,0,0,-10,Stage 4,6.909999847,10.72266665,-1.276701044,7.9773005,8.966607242,9.998433814,10.00612882,-5.554242128,-36.05116024,-22.10321671,-15.78947368,7.055537766,-29.15875448,0.010824121,0.012684095,0.015066849,-34.18671934,5.54089816,-4.761900437,9.300000191,12.23999977,15.32999992,15.32999992,-13.97849639,47.81474208,FALSE,FALSE,FALSE,0.834999902,10.43749877,3337,4318.74,4,7,-3,FALSE,15.77424279,7.962213225,0,FALSE
HOLO,1.585,5,Avoid,Avoid,Clean,below EMA200 | weekly Stage 4 | not outperforming SPY,REGULAR,1.585,,,,1.585000038,0,0,0,0,6,3,-10,Stage 4,1.50999999,2.234000011,-26.1894269,1.704239294,1.825285467,10.85453374,60.19983375,-38.62661104,-17.01570336,-47.1666654,-68.23647072,7.055537766,-54.22220316,0.002144529,0.002457995,0.004194379,-33.4190174,-7.309941357,-9.428569249,2.26699996,2.390000105,2.549999952,9.989999771,-30.08380829,84.13413339,FALSE,FALSE,TRUE,0.114792832,7.242449813,221333,654372.66,7,6,1,FALSE,4.966890606,2.922082949,1,FALSE
HUYA,2.32,5,Avoid,Avoid,Clean,below EMA200 | weekly Stage 4 | not outperforming SPY | distribution cluster,REGULAR,2.32,,,,2.319999933,0,0,0,0,-5,10,-10,Stage 4,2.269999981,3.192666658,-2.533835368,2.407097139,2.683185626,3.05685733,3.133477784,-8.196222101,-22.92359001,-21.35593574,-37.63441088,7.055537766,-28.4114735,0.003138995,0.003747036,0.004603819,-31.17165165,3.111108144,-6.072878285,2.74000001,3.345000029,4.929999828,4.929999828,-15.32846988,52.94117619,FALSE,FALSE,TRUE,0.076192839,3.284174181,269411,1073190.22,3,11,-8,FALSE,2.20264109,0.432900031,0,FALSE
IDAI,1.55,5,Avoid,Avoid,Clean,below EMA200 | weekly Stage 4 | not outperforming SPY | distribution cluster,REGULAR,1.55,,,,1.549999952,0,0,0,0,-5,0,-10,Stage 4,1.480000019,2.836899996,-16.75844336,1.77729573,2.089208942,2.5949816,2.663559757,-11.70429379,-33.18965531,-56.94444463,-40.15444001,7.055537766,-63.99998239,0.002097173,0.002945274,0.004528263,-44.04933175,-4.320990879,-18.84816862,2.50999999,2.75,3.589999914,5.28000021,-38.24701362,70.64394146,TRUE,FALSE,TRUE,0.16917858,10.9147474,121530,74532.6,9,14,-5,FALSE,4.729725158,4.026841772,1,FALSE
IMSR,7.07,5,Avoid,Avoid,Clean,below EMA200 | weekly Stage 4 | not outperforming SPY | distribution cluster,REGULAR,7.07,,,,7.070000172,0,0,0,0,-5,3,-10,Stage 4,6.730000019,7.750333325,-26.36845821,7.479792771,7.517639687,8.377241616,8.811397316,-8.158772484,17.63726959,0.426139346,-36.87499739,7.055537766,-6.62939842,0.009565817,0.01033786,0.014503905,-5.332144266,-10.16518076,-2.212999267,10.14000034,10.14000034,10.14000034,31.5,-30.27613479,77.55555501,FALSE,FALSE,TRUE,0.674357074,9.538289353,828944,3213660.88,13,13,0,FALSE,5.052008196,1.289400463,1,FALSE
INFY,10.7237,5,Avoid,Avoid,Clean,below EMA200 | weekly Stage 4 | not outperforming SPY | distribution cluster,REGULAR,10.7237,,,,10.72369957,0,0,0,0,0,7,-10,Stage 4,10.77999973,14.73799985,-9.606853381,11.45732352,12.23990949,14.11621234,14.76161187,-10.19276632,-16.41699428,-42.56186649,-42.34570242,7.055537766,-49.61740426,0.014509328,0.016711084,0.022299835,-29.20295852,-0.429906092,-8.656731016,13.56000042,14.71000004,17.20999908,30,-20.91667229,64.25433477,FALSE,FALSE,TRUE,0.441071238,4.113051051,8010701,19227454.02,8,9,-1,FALSE,-0.522264978,-0.151770966,2,FALSE
INLX,5.96,5,Avoid,Avoid,Clean,below EMA200 | weekly Stage 4 | not outperforming SPY | distribution cluster,REGULAR,5.96,,,,5.960000038,0,0,0,0,-5,3,-10,Stage 4,5.960000038,7.334666681,-14.44124762,6.102689945,6.498453333,7.622944629,8.090291923,-11.18979877,-17.79310292,-27.22832303,-48.17391271,7.055537766,-34.2838608,0.00806397,0.008972811,0.012094557,-21.74045393,1.533222391,10.37036913,7.099999905,7.789999962,8.510000229,14.56999969,-16.05633636,59.09402771,TRUE,FALSE,TRUE,0.502749954,8.435401858,183,3457.66,4,11,-7,FALSE,0,6.40E-07,0,FALSE
INTA,24.9,5,Avoid,Avoid,Clean,below EMA200 | weekly Stage 4 | not outperforming SPY | distribution cluster,REGULAR,24.9,,,,24.89999962,0,0,0,0,-5,7,-10,Stage 4,25.01000023,29.05733331,-16.33362084,23.07695162,23.30932739,28.5519478,31.11932672,-14.86989306,0.891407255,-47.34616381,-51.25293906,7.055537766,-54.40170157,0.033690077,0.030907923,0.047202673,2.421916465,15.38461402,4.184100485,26.68000031,26.68000031,29.69000053,52.04000092,-6.671666665,52.1521922,FALSE,FALSE,FALSE,1.452357565,5.832761393,299517,1030390.34,6,13,-7,FALSE,-0.439826507,-0.915238957,2,FALSE
INTZ,0.6857,5,Avoid,Avoid,Clean,below EMA200 | weekly Stage 4 | not outperforming SPY | distribution cluster,REGULAR,0.6857,,,,0.685699999,0,0,0,0,0,3,-10,Stage 4,0.660000026,0.991666665,-23.344499,0.732189923,0.786660214,1.015155552,1.135108413,-17.34083009,-22.07954511,-45.57936472,-70.94491399,7.055537766,-52.63490249,0.000927762,0.001052202,0.001753165,-28.46441967,-3.422532387,-8.573333422,0.899999976,1,1.320000052,2.640000105,-23.81110917,74.02651621,TRUE,FALSE,TRUE,0.066407144,9.684576948,16355,127949.1,8,8,0,FALSE,3.893935164,-0.810064486,2,FALSE
IOT,32.558,5,Avoid,Avoid,Clean,below EMA200 | weekly Stage 4 | not outperforming SPY | distribution cluster,REGULAR,32.558,,,,32.55799866,0,0,0,0,-5,7,-10,Stage 4,31.13999939,32.27366638,-6.213917989,32.00090055,31.68450162,32.61674383,33.46219612,-3.635132397,9.438650949,-10.94639651,-18.03122443,7.055537766,-18.00193428,0.044051465,0.042660087,0.049152553,4.317080058,4.553626511,-3.273919178,38.77000046,38.77000046,38.77000046,47.47000122,-16.02270242,31.41352892,FALSE,FALSE,FALSE,1.912714413,5.874791118,2698956,6129363.12,5,10,-5,FALSE,4.553626511,-0.662098729,2,FALSE
IPDN,0.6572,5,Avoid,Avoid,Clean,below EMA200 | weekly Stage 4 | not outperforming SPY,REGULAR,0.6572,,,,0.657199979,0,0,0,0,0,3,-10,Stage 4,0.660000026,1.126333332,-39.48782252,0.645197105,0.746548577,1.2589777,1.571491298,-26.61970946,-44.30508406,-57.32467564,-57.87179468,7.055537766,-64.38021341,0.000889202,0.000959921,0.002452408,-29.89695191,9.533325452,1.107692759,0.730000019,1.029999971,2.170000076,12.39000034,-9.972607992,94.69572267,TRUE,FALSE,FALSE,0.059392844,9.03725591,32579,80677.58,5,7,-2,FALSE,-0.424249589,0.305246373,2,FALSE
JBDI,0.6362,5,Avoid,Avoid,Clean,below EMA200 | weekly Stage 4 | not outperforming SPY | excess volatility,REGULAR,0.6362,,,,0.636200011,0,0,0,0,5,-5,-10,Stage 4,0.550000012,0.677119667,-29.31327706,0.580886012,0.588862271,0.746555857,0.883785063,-18.69257685,-0.593746094,-28.62111583,-38.23300695,7.055537766,-35.67665359,0.000860788,0.000776649,0.001343788,0.797838779,6.476984578,-7.649874232,0.757399976,0.757399976,1.190000057,3,-16.00210843,78.79333297,FALSE,TRUE,FALSE,0.097171434,15.27372409,49971,222665.8,3,4,-1,FALSE,15.67272672,15.67272672,1,FALSE
JG,4.5,5,Avoid,Avoid,Clean,below EMA200 | weekly Stage 4 | not outperforming SPY | distribution cluster,REGULAR,4.5,,,,4.5,0,0,0,0,-5,0,-10,Stage 4,4.400000095,6.740000041,-7.599506069,4.901325301,5.657738938,6.693916037,6.958858675,-9.734273282,-35.71428571,-29.79719022,-62.59351538,7.055537766,-36.85272798,0.006088568,0.00808647,0.010276321,-40.41695228,9.756100114,-11.93737999,5.960000038,7.5,8.5,12.52000046,-24.49664478,64.0575093,FALSE,FALSE,TRUE,0.49285703,10.95237845,3669,4539.38,6,15,-9,FALSE,2.272725056,11.11110588,0,FALSE
JKHY,136.005,5,Avoid,Avoid,Clean,below EMA200 | weekly Stage 4 | not outperforming SPY | distribution cluster,REGULAR,136.005,,,,136.0050049,0,0,0,0,-5,10,-10,Stage 4,135,160.5230014,-3.815087792,131.0569984,138.2463143,152.8104731,156.2289805,-7.065430615,-11.28758264,-26.55523801,-23.42060799,7.055537766,-33.61077577,0.184016831,0.189674318,0.231924564,-16.23921498,10.19689426,6.063331057,141.6000061,157.3099976,183.7899933,193.3899994,-3.951271878,29.67319649,FALSE,FALSE,FALSE,4.484643119,3.297410358,639505,1558416.1,10,13,-3,FALSE,0.744448061,0.19522571,1,FALSE
KSCP,2.03,5,Avoid,Avoid,Clean,below EMA200 | weekly Stage 4 | not outperforming SPY | distribution cluster,REGULAR,2.03,,,,2.029999971,0,0,0,0,-5,3,-10,Stage 4,2,3.531666692,-20.63670341,2.173813427,2.625311556,3.624545301,4.172648627,-19.53394316,-57.79625789,-47.54521883,-59.80198228,7.055537766,-54.60075659,0.002746621,0.003650577,0.006025174,-46.1677695,6.842105098,2.010048325,2.940000057,3.74000001,5.960000038,10.14000034,-30.95238327,79.98027709,FALSE,FALSE,TRUE,0.164928538,8.124558659,214255,521077.1,6,14,-8,FALSE,1.499998569,3.040450983,1,FALSE
LAES,3.255,5,Avoid,Avoid,Clean,below EMA200 | weekly Stage 4 | not outperforming SPY | distribution cluster,REGULAR,3.255,,,,3.255000114,0,0,0,0,-5,3,-10,Stage 4,3.119999886,3.553333314,-17.61978351,3.199416874,3.178955006,3.44576058,3.492699575,-6.240110777,32.85714494,-21.75480207,-27.98672283,7.055537766,-28.81033984,0.004404064,0.004234537,0.005803807,12.36929983,5.000006922,5.000006922,3.839999914,3.900000095,4.349999905,8.710000038,-15.23437013,62.62916073,FALSE,FALSE,FALSE,0.27328573,8.395874652,15895317,16624916.34,16,16,0,FALSE,4.326930572,3.827755162,1,FALSE
LBRDA,35.25,5,Avoid,Avoid,Clean,below EMA200 | weekly Stage 4 | not outperforming SPY | distribution cluster,REGULAR,35.25,,,,35.25,0,0,0,0,-5,7,-10,Stage 4,31.30999947,44.95366669,-12.9159326,32.28683143,36.09437293,45.02110286,48.15459209,-14.56932902,-30.82809923,-27.0488406,-59.41762119,7.055537766,-34.10437836,0.047693784,0.049494837,0.070169578,-39.08842384,20.06130541,3.311843797,39.38999939,59.25,59.25,94.65792084,-10.51028041,62.76064413,FALSE,FALSE,FALSE,1.857713972,5.270110558,291919,222532.38,8,12,-4,FALSE,12.58384095,-0.02835599,2,FALSE
LBRDK,35.15,5,Avoid,Avoid,Clean,below EMA200 | weekly Stage 4 | not outperforming SPY | distribution cluster,REGULAR,35.15,,,,35.15000153,0,0,0,0,-5,7,-10,Stage 4,31.32999992,45.04433314,-13.00768032,32.32453667,36.14575419,45.13529666,48.30455572,-14.63157714,-31.13244339,-27.45097839,-59.80275944,7.055537766,-34.50651615,0.047558484,0.049559366,0.070373444,-39.37157641,19.55782987,2.807847142,39.59999847,59.22499847,59.22499847,94.99531555,-11.23736646,62.99817383,FALSE,FALSE,FALSE,1.95500006,5.561877596,2135500,2279822,8,14,-6,FALSE,12.19279161,-0.706214659,2,FALSE
LSH,0.4828,5,Avoid,Avoid,Clean,below EMA200 | weekly Stage 4 | not outperforming SPY | excess volatility,REGULAR,0.4828,,,,0.482800007,0,0,0,0,11,-5,-10,Stage 4,0.481000006,0.721333335,-21.54019046,0.525315634,0.590627221,0.74700396,0.835400337,-16.25102848,-34.13369444,-49.17894601,-47.06140278,7.055537766,-56.23448377,0.000653236,0.000809777,0.001248708,-49.1288183,2.723405977,-13.00900889,0.779999971,1.00999999,1.110000014,1.679999948,-38.10256095,71.26190346,FALSE,FALSE,TRUE,0.09483572,19.64285802,43969,103783.38,5,4,1,FALSE,0.374220508,3.118327378,0,FALSE
LZ,6.155,5,Avoid,Avoid,Clean,below EMA200 | weekly Stage 4 | not outperforming SPY | distribution cluster,REGULAR,6.155,,,,6.15500021,0,0,0,0,0,7,-10,Stage 4,6.070000172,7.274666691,-14.99571594,5.914244153,6.120801546,7.100409886,7.439524844,-10.18091217,12.31752169,-38.572855,-28.84392507,7.055537766,-45.62839277,0.008327809,0.008408015,0.011806607,-7.834546536,12.31752169,4.145522313,6.735000134,6.929999828,8.090000153,12.39999962,-8.611728466,50.36290001,FALSE,FALSE,FALSE,0.285357135,4.636183996,878368,2729655.36,5,8,-3,FALSE,1.400330078,-0.162201981,1,FALSE
LZMH,1.32,5,Avoid,Avoid,Clean,below EMA200 | weekly Stage 4 | not outperforming SPY,REGULAR,1.32,,,,1.320000052,0,0,0,0,5,0,-10,Stage 4,1.230000019,18.31666665,-53.26586166,1.536488749,5.003032746,26.93010055,38.94007642,-38.32688961,-95.74193531,-95.41666636,-99.57419353,7.055537766,-102.4722041,0.00178598,0.00232022,0.047148934,-94.25160199,0,-5.714280362,1.99000001,31.39999962,36.56000137,370,-33.66833939,99.64324323,TRUE,TRUE,TRUE,0.168214279,12.74350545,24783,798757.76,5,5,0,FALSE,7.317075771,6.451616315,1,FALSE
META,564.57,5,Avoid,Avoid,Clean,below EMA200 | weekly Stage 4 | not outperforming SPY,REGULAR,564.57,,,,564.5700073,0,0,0,0,0,10,-10,Stage 4,550.25,628.4146627,-3.573951275,577.3064787,598.2460231,627.4085599,632.8015771,-2.655209538,7.389872705,-15.42655716,-22.24517808,7.055537766,-22.48209493,0.76387177,0.831577804,0.942129907,-20.81518611,0.12769917,-0.425054363,642.4000244,691.5200195,691.5200195,796.25,-12.11550656,29.09638841,FALSE,FALSE,TRUE,18.82713972,3.334775045,7677642,16779204.84,7,7,0,FALSE,2.602454761,-0.543467742,2,FALSE
MFI,9.75,5,Avoid,Avoid,Clean,below EMA200 | weekly Stage 4 | not outperforming SPY,REGULAR,9.75,,,,9.75,0,0,0,0,6,0,-10,Stage 4,9.510000229,12.82883337,-32.23253243,9.020821468,9.744264373,13.51268132,14.91496027,-18.85224768,-4.317954843,-49.35064935,-78.15860185,7.055537766,-56.40618712,0.013191898,0.013219067,0.026216291,-14.21476743,2.094238799,37.32394551,10.77000046,15.40999985,17.15699959,60.72999954,-9.470755937,83.94533168,TRUE,FALSE,FALSE,1.079071488,11.06739987,969,11453.38,7,6,1,FALSE,2.523656839,2.523656839,0,FALSE
MNDR,3.38,5,Avoid,Avoid,Clean,below EMA200 | weekly Stage 4 | not outperforming SPY,REGULAR,3.38,,,,3.380000114,0,0,0,0,5,0,-10,Stage 4,3.060599089,5.687688994,-44.93517717,3.865618645,4.607327513,11.08946841,23.72694962,-34.13584457,-35.69252852,-50.14748196,-89.94944987,7.055537766,-57.20301973,0.004573191,0.006655531,0.013832676,-35.29288441,-3.538781848,-16.05818774,4.720199108,10.43999863,10.43999863,45,-28.39284875,92.48888863,FALSE,FALSE,TRUE,0.456135665,13.49513755,143387,507804.88,1,2,-1,FALSE,10.43589887,-0.088672263,1,FALSE
MOMO,5.725,5,Avoid,Avoid,Clean,below EMA200 | weekly Stage 4 | not outperforming SPY,REGULAR,5.725,,,,5.724999905,0,0,0,0,0,10,-10,Stage 4,5.599999905,6.269333315,-5.515924418,5.659355593,5.85577795,6.278198105,6.416081475,-4.849827522,-0.261321726,-12.3277225,-34.57142966,7.055537766,-19.38326027,0.007746012,0.008103273,0.009474586,-13.0389396,3.713766747,0.792254888,6.5,6.53000021,6.800000191,9.220000267,-11.92307839,37.90672734,FALSE,FALSE,FALSE,0.165428673,2.889583848,474884,728609.68,5,7,-2,FALSE,2.232142895,-0.087262032,1,FALSE
MRLN,4.92,5,Avoid,Avoid,Clean,below EMA200 | weekly Stage 4 | not outperforming SPY | distribution cluster,REGULAR,4.92,,,,4.920000076,0,0,0,0,-5,0,-10,Stage 4,4.960000038,9.594000069,-9.273735525,6.454858754,7.635012394,9.109533379,9.381668922,-9.25783429,-50.25278154,-54.61254606,-52.41779494,7.055537766,-61.66808383,0.006656835,0.011156612,0.014454165,-70.97057579,-21.90476306,-27.75330224,10.25,17,17,17,-51.99999926,71.05882308,FALSE,TRUE,TRUE,0.616857052,12.53774476,1542768,2726511.36,10,19,-9,FALSE,-0.806450838,2.393345516,0,FALSE
MSFT,369.4101,5,Avoid,Avoid,Clean,below EMA200 | weekly Stage 4 | not outperforming SPY | distribution cluster,REGULAR,369.4101,,,,369.4100037,0,0,0,0,-5,10,-10,Stage 4,372.9700012,421.701,-7.061365093,387.8816702,400.6998793,422.4629484,429.2041846,-3.121032552,3.542903001,-24.30432934,-25.73927136,7.055537766,-31.3598671,0.49981733,0.557935802,0.649573491,-16.55122876,0.563512644,-5.458869608,466.3200073,466.3200073,466.3200073,555.4500122,-20.78186699,33.49356458,FALSE,FALSE,TRUE,12.99642726,3.51815791,28244106,40451876.12,7,12,-5,FALSE,-0.954499704,-1.050004835,1,FALSE
MSTR,92.85,5,Avoid,Avoid,Clean,below EMA200 | weekly Stage 4 | not outperforming SPY | distribution cluster,REGULAR,92.85,,,,92.79499817,0,0,0,0,-5,0,-10,Stage 4,82.30999756,147.6920008,-20.34774901,115.2421187,134.2377849,167.6122798,183.3897826,-11.8262544,-26.37070613,-41.53172816,-75.98721727,7.055537766,-48.58726592,0.125553038,0.203604976,0.269516577,-40.85165854,-15.22474059,-25.14721525,153.8699951,197,197,457.2200012,-39.69259692,79.70451907,FALSE,FALSE,TRUE,9.672143664,10.4231304,25524353,20897199.06,9,14,-5,FALSE,12.73842901,6.650587041,0,FALSE
MVIS,0.3052,5,Avoid,Avoid,Clean,below EMA200 | weekly Stage 4 | not outperforming SPY | distribution cluster,REGULAR,0.3052,,,,0.305999994,0,0,0,0,-5,0,-10,Stage 4,0.280000001,0.688000003,-23.12849124,0.386583588,0.49389162,0.691565548,0.762994498,-17.26834075,-47.24137878,-66.37362797,-72.1818193,7.055537766,-73.42916574,0.000414023,0.000730757,0.001210296,-55.30721296,-15.00000497,-15.00000497,0.620000005,0.800000012,0.920000017,1.730000019,-50.64516259,82.31213925,FALSE,TRUE,TRUE,0.037857137,12.37161348,28784022,8803464.44,9,12,-3,FALSE,9.285711777,8.188592398,1,FALSE
NABL,3.745,5,Avoid,Avoid,Clean,below EMA200 | weekly Stage 4 | not outperforming SPY | distribution cluster,REGULAR,3.745,,,,3.744999886,0,0,0,0,-5,7,-10,Stage 4,3.539999962,5.24000001,-19.35980289,3.424688547,3.875543674,5.118561315,5.607137315,-16.12909566,-18.58695732,-48.90859585,-52.10997694,7.055537766,-55.96413361,0.005067042,0.005525551,0.008747285,-30.42387173,24.83332952,16.66666172,4.284999847,5.625,5.914999962,9.039999962,-12.60209991,58.57300994,FALSE,FALSE,FALSE,0.220357129,5.884035655,1874565,1875813.3,9,16,-7,FALSE,5.790958359,-0.663132506,1,FALSE
NCDL,12.875,5,Avoid,Avoid,Clean,below EMA200 | weekly Stage 4 | not outperforming SPY,REGULAR,12.875,,,,12.875,0,0,0,0,0,10,-10,Stage 4,12.73999977,13.47266665,-2.402626928,12.6516776,13.00968049,13.61313571,13.89072321,-3.119674791,1.218551334,-5.884505024,-22.39300855,7.055537766,-12.94004279,0.01742007,0.018116232,0.019936104,-14.16456432,6.581126501,0.82223601,13.47000027,15,15,17.27000046,-4.417225354,25.44875704,FALSE,FALSE,FALSE,0.396135739,3.076782438,52407,209948.14,2,6,-4,FALSE,1.059656447,0.507412789,0,FALSE
NCNO,15.57,5,Avoid,Avoid,Clean,below EMA200 | weekly Stage 4 | not outperforming SPY | distribution cluster,REGULAR,15.57,,,,15.56999969,0,0,0,0,0,7,-10,Stage 4,15.63000011,18.74966656,-14.45669543,15.23644066,15.88621995,18.72374202,20.01908905,-11.48329562,11.13489965,-40.06928418,-43.11290019,7.055537766,-47.12482195,0.021066445,0.022021828,0.030465591,-19.1385068,6.716926196,1.631853818,17.36000061,19.06999969,19.17000008,33.91999817,-10.31106482,54.09787578,FALSE,FALSE,FALSE,0.868571486,5.578493917,1613531,3725372.62,8,9,-1,FALSE,-0.383879841,0.386843746,1,FALSE
NEXM,2.2897,5,Avoid,Avoid,Clean,below EMA200 | weekly Stage 4 | not outperforming SPY,REGULAR,2.2897,,,,2.289700031,0,0,0,0,6,3,-10,Stage 4,2.289999962,3.165599998,-16.84645578,2.435919573,2.607556313,3.273164067,3.671852748,-15.75542125,-2.565952162,-40.83462277,-68.59122026,7.055537766,-47.89016053,0.003097999,0.003573748,0.005301352,-10.54560867,1.314161104,-8.044175803,3.059999943,3.359999895,4.159999847,10.35000038,-25.17320019,77.8772952,TRUE,FALSE,TRUE,0.181499941,7.926799953,10237,37374.74,8,6,2,FALSE,-0.013097405,0.425441229,1,FALSE
NGEN,1.945,5,Avoid,Avoid,Clean,below EMA200 | weekly Stage 4 | not outperforming SPY | distribution cluster,REGULAR,1.945,,,,1.945000052,0,0,0,0,-5,3,-10,Stage 4,1.870000005,3.863100032,-1.526892515,2.121472766,2.681029412,3.296424078,3.298200595,-9.446628408,-46.85792331,-63.092978,-28.30814559,7.055537766,-70.14851576,0.002631615,0.003941896,0.00520287,-55.61301329,-9.112151537,1.302088329,2.345000029,4.349999905,4.670000076,6.300000191,-17.05756807,69.12698423,FALSE,FALSE,TRUE,0.172642861,8.876239406,455470,879675.4,8,13,-5,FALSE,4.010697727,0.257731705,1,FALSE
NICE,91.69,5,Avoid,Avoid,Clean,below EMA200 | weekly Stage 4 | not outperforming SPY | distribution cluster,REGULAR,91.69,,,,91.69000244,0,0,0,0,-5,7,-10,Stage 4,91.98999786,105.9003337,-9.765823864,89.6060844,94.61547875,107.7395414,113.4642478,-9.927032087,-15.37609254,-18.98745168,-44.66171701,7.055537766,-26.04298944,0.124057962,0.129495396,0.165083649,-17.13013566,9.063878642,3.359264331,101.75,126.5,135.5500031,175,-9.886975488,47.60571289,FALSE,FALSE,FALSE,3.800714765,4.145179043,213434,759946.68,9,10,-1,FALSE,-0.326117436,-0.531566351,2,FALSE
NNDM,1.42,5,Avoid,Avoid,Clean,below EMA200 | weekly Stage 4 | not outperforming SPY | distribution cluster,REGULAR,1.42,,,,1.419999957,0,0,0,0,-5,3,-10,Stage 4,1.379999995,1.713666666,-0.704973462,1.452893717,1.567721737,1.670572952,1.692240562,-3.447429026,-15.97633675,-16.95906869,-6.57894902,7.055537766,-24.01460646,0.001921281,0.002207401,0.002468741,-25.10631528,2.158271345,-4.697990067,1.799999952,1.955000043,2.319999933,2.319999933,-21.11111141,38.79310354,FALSE,FALSE,TRUE,0.114285673,8.048287103,900927,4365446.54,8,10,-2,FALSE,2.89854797,2.52707342,1,FALSE
NRDS,9.18,5,Avoid,Avoid,Clean,below EMA200 | weekly Stage 4 | not outperforming SPY | distribution cluster,REGULAR,9.18,,,,9.180000305,0,0,0,0,-5,10,-10,Stage 4,9.079999924,10.87283338,-9.31244409,8.578548435,9.00120684,10.23491767,10.53442297,-8.757904716,-8.199996948,-34.47537362,-16.16437931,7.055537766,-41.53091139,0.012420679,0.012399315,0.01635399,-19.30469025,10.86957248,8.00000359,9.18999958,11.27000046,11.63000011,16.23999977,-0.108806046,43.47290373,FALSE,FALSE,FALSE,0.330357007,3.598660083,317034,924308.68,7,11,-4,FALSE,1.101325796,0.990100672,1,FALSE
NVNI,0.9666,5,Avoid,Avoid,Clean,below EMA200 | weekly Stage 4 | not outperforming SPY,REGULAR,0.9666,,,,0.966600001,0,0,0,0,5,0,-10,Stage 4,0.952000022,1.74673334,-38.87553962,0.994773704,1.118997741,2.068462083,2.83852039,-28.23950968,-16.67241132,-68.09900957,-67.56375857,7.055537766,-75.15454734,0.001307824,0.001550421,0.003957991,-29.95052657,2.069690982,19.33333309,1.264999986,1.470000029,1.850000024,16.39999962,-23.58893187,94.10609742,FALSE,FALSE,TRUE,0.109164289,11.29363635,18543,619586.86,0,2,-2,FALSE,1.533611196,2.818847596,0,FALSE
ONFO,0.273,5,Avoid,Avoid,Clean,below EMA200 | weekly Stage 4 | not outperforming SPY | excess volatility,REGULAR,0.273,,,,0.273000002,0,0,0,0,5,-5,-10,Stage 4,0.26699999,0.702199998,-12.17742959,0.394716782,0.591939646,0.745612725,0.786416011,-4.457292759,-60.20408075,-56.10932297,-71.26315733,7.055537766,-63.16486074,0.000369373,0.001076494,0.001180357,-82.7217103,0.738008882,-22.88135586,0.661000013,2.477999926,2.477999926,2.477999926,-58.69894154,88.98305044,FALSE,FALSE,TRUE,0.055707148,20.40554863,31999,614293.98,0,1,-1,FALSE,2.247195652,-7.457622358,1,FALSE
OPTU,1.595,5,Avoid,Avoid,Clean,below EMA200 | weekly Transition | not outperforming SPY | distribution cluster,REGULAR,1.595,,,,1.595000029,0,0,0,0,-5,0,5,Transition,1.659999967,1.454766663,-18.78861188,1.307438574,1.245302145,1.485999109,1.600778952,-13.93373339,13.92857541,-6.176471537,-24.76414553,7.055537766,-13.2320093,0.002158059,0.001651963,0.002458461,-1.031125142,27.60000229,23.64341673,1.779999971,1.779999971,1.899999976,2.980000019,-10.39325538,46.47650945,FALSE,FALSE,FALSE,0.165214275,10.35826155,5478437,10608212.74,16,21,-5,FALSE,-3.915658995,0.71987775,1,FALSE
OSIS,213.695,5,Avoid,Avoid,Clean,below EMA200 | weekly Stage 4 | not outperforming SPY | distribution cluster,REGULAR,213.695,,,,213.6950073,0,0,0,0,0,7,-10,Stage 4,218.2899933,260.0016668,-3.334684181,219.0701904,232.3638092,248.8991908,247.4521028,-3.702438421,-21.53085673,-20.75978451,-4.817151774,7.055537766,-27.81532228,0.289132581,0.322293074,0.376716769,-32.61831795,-2.538076859,-5.247635135,233.4400024,311.7200012,311.7200012,311.7200012,-8.458274036,31.44648836,TRUE,TRUE,TRUE,9.490354265,4.441074401,81895,317537.9,7,9,-2,FALSE,-2.104991572,-0.375287961,2,FALSE
OTEX,21.985,5,Avoid,Avoid,Clean,below EMA200 | weekly Stage 4 | not outperforming SPY | distribution cluster,REGULAR,21.985,,,,21.98500061,0,0,0,0,-5,10,-10,Stage 4,22.09000015,25.66000017,-15.13146935,21.98397277,22.67846793,25.38497884,26.3381827,-8.156695901,2.065922358,-34.05818683,-23.84828552,7.055537766,-41.1137246,0.029746039,0.03103955,0.041996121,-10.11367184,9.870066761,-1.102109478,25.64999962,25.64999962,26.78000069,39.90000153,-14.28849537,44.89974995,FALSE,FALSE,FALSE,0.858213833,3.90363343,526620,2640176.4,12,13,-1,FALSE,-0.475326127,-0.339976688,1,FALSE
OTIS,72.695,5,Avoid,Avoid,Clean,below EMA200 | weekly Stage 4 | not outperforming SPY | distribution cluster,REGULAR,72.695,,,,72.69499969,0,0,0,0,0,10,-10,Stage 4,73.19000244,81.95033264,-6.540787703,72.2688584,74.04535138,80.45731752,82.4912923,-6.733591673,-4.285710842,-17.29806777,-25.4563144,7.055537766,-24.35360553,0.098357436,0.100288768,0.122639127,-14.47084706,0.296628488,2.749116176,75.29000092,82.63999939,94.56500244,101.4199982,-3.446674444,28.32281502,TRUE,TRUE,FALSE,1.590357644,2.187712567,687222,3920672.44,3,8,-5,FALSE,-0.676325632,-0.089338152,2,FALSE
PAGS,8.95,5,Avoid,Avoid,Clean,below EMA200 | weekly Stage 4 | not outperforming SPY | distribution cluster,REGULAR,8.95,,,,8.949999809,0,0,0,0,-5,10,-10,Stage 4,9.069999695,9.952000014,-0.652203491,8.94245125,9.305912527,9.687691512,9.677164516,-2.179410773,-7.253884321,-8.205130161,-4.482391477,7.055537766,-15.26066793,0.012109485,0.0128479,0.014380182,-26.62572383,1.589096288,-0.111609697,9.520000458,11.81999969,11.81999969,12.31999969,-5.987401482,27.35389585,FALSE,FALSE,FALSE,0.294357164,3.288906926,1239365,3515993.3,2,10,-8,FALSE,-1.323041782,-0.831022852,1,FALSE
PATH,10.8099,5,Avoid,Avoid,Clean,below EMA200 | weekly Stage 4 | not outperforming SPY | distribution cluster,REGULAR,10.8099,,,,10.81000042,0,0,0,0,1,7,-10,Stage 4,10.52999973,12.44266672,-9.195289617,10.62008797,10.83308648,11.79351186,12.09074958,-6.836724118,1.122552329,-37.004659,-15.34847273,7.055537766,-44.06019677,0.014626094,0.014575175,0.018856168,-3.274785514,6.397643523,2.464457101,13.19999981,13.19999981,13.34000015,19.84000015,-18.10605624,45.51411121,FALSE,FALSE,FALSE,0.544285774,5.035020843,29223664,40053333.28,12,11,1,FALSE,2.659075914,0.278299512,1,FALSE
PDCC,10.1,5,Avoid,Avoid,Clean,below EMA200 | weekly Stage 4 | not outperforming SPY | distribution cluster,REGULAR,10.1,,,,10.10000038,0,0,0,0,0,10,-10,Stage 4,10.19999981,11.89706659,-14.28770454,10.0180834,10.34404098,12.0013552,12.76037275,-11.13322082,-1.941745685,-26.91750648,-43.79520998,7.055537766,-33.97304425,0.013665453,0.014072009,0.019248802,-10.80463513,0.238191419,8.021390047,10.48999977,11.84000015,13.75,18.39999962,-3.717820764,45.10869244,TRUE,FALSE,FALSE,0.366856984,3.632247226,1410,11764.2,6,8,-2,FALSE,-0.980386565,2.020205873,0,FALSE
PDD,76.1,5,Avoid,Avoid,Clean,below EMA200 | weekly Stage 4 | not outperforming SPY | distribution cluster,REGULAR,76.1,,,,76.09999847,0,0,0,0,-5,10,-10,Stage 4,76.55000305,100.6426674,-11.3824406,81.09803393,88.23172775,99.63150202,102.6050601,-7.669938509,-23.75513442,-32.91608177,-28.0378265,7.055537766,-39.97161954,0.10296445,0.12356072,0.158817065,-30.33841076,-2.573296787,-6.694457146,90.08999634,108.2300034,108.2300034,139.4100037,-15.52891379,45.41281366,FALSE,FALSE,TRUE,2.361785344,3.103528766,3620796,9315765.92,7,10,-3,FALSE,-0.587857034,0.065740198,1,FALSE
PDYN,5.765,5,Avoid,Avoid,Clean,below EMA200 | weekly Stage 4 | distribution cluster,REGULAR,5.765,,,,5.764999866,0,0,8,0,-5,0,-10,Stage 4,5.820000172,6.380666685,-5.002481115,6.507743479,6.653409769,6.716711056,6.717615524,-0.438521522,-0.259521501,19.11156373,-39.12355117,7.055537766,12.05602597,0.007800132,0.009056362,0.009881493,-17.45037093,-14.84490572,-10.06240244,9,9.069999695,10,13,-35.94444593,55.65384718,FALSE,FALSE,TRUE,0.653428555,11.33440711,1162244,2014358.88,8,11,-3,FALSE,-0.945022398,1.051708038,0,FALSE
PERI,9.43,5,Avoid,Avoid,Clean,below EMA200 | weekly Stage 4 | not outperforming SPY | distribution cluster,REGULAR,9.43,,,,9.430000305,0,0,0,4,-5,10,-10,Stage 4,9.210000038,9.380666701,-0.614493825,8.77493652,9.086941963,9.370365481,9.459084726,-0.810940029,-3.97148067,-4.651163015,-8.089667692,7.055537766,-11.70670078,0.012758933,0.012897575,0.013700898,-14.49443629,9.396756733,11.99525202,9.489999771,11.27000046,11.27000046,11.43999958,-0.632238856,17.56992438,FALSE,FALSE,FALSE,0.331428562,3.514618782,491542,493212.84,8,12,-4,FALSE,2.388710816,-0.317121912,1,FALSE
PINS,21.655,5,Avoid,Avoid,Clean,below EMA200 | weekly Stage 4 | not outperforming SPY | distribution cluster,REGULAR,21.655,,,,21.65500069,0,0,0,0,0,7,-10,Stage 4,20.81999969,21.20066662,-13.26369196,20.53452263,20.36034618,22.29561058,23.52895899,-7.854871426,21.9313086,-17.12590363,-38.3575291,7.055537766,-24.18144139,0.029299544,0.027784846,0.035119373,2.178510573,11.05128557,7.149934031,22.36499977,24.70999908,24.70999908,39.93000031,-3.174599114,45.76759198,FALSE,FALSE,FALSE,1.090357372,5.035129703,5606505,19641236.1,7,8,-1,FALSE,4.010571585,0.744358414,1,FALSE
PLTR,116.535,5,Avoid,Avoid,Clean,below EMA200 | weekly Stage 4 | not outperforming SPY | distribution cluster,REGULAR,116.535,,,,116.5350037,0,0,0,0,0,7,-10,Stage 4,112.9300003,150.0570012,-8.2966149,125.9062789,133.8992513,144.5018849,144.2504761,-4.021163597,-18.54116759,-39.98300213,-19.21316904,7.055537766,-47.0385399,0.157673625,0.185023559,0.230591479,-22.50400976,-2.481168484,-8.949913581,163.6999969,163.6999969,163.6999969,207.5200043,-28.81184738,43.84396624,FALSE,FALSE,TRUE,6.268929618,5.379439156,30112144,42686642.88,6,9,-3,FALSE,3.192245946,0.189160435,1,FALSE
PTC,114.6,5,Avoid,Avoid,Clean,below EMA200 | weekly Stage 4 | not outperforming SPY | distribution cluster,REGULAR,114.6,,,,114.5999985,0,0,0,0,-5,7,-10,Stage 4,115.7200012,150.2460004,-11.43505542,122.3401669,132.0953926,149.5839803,154.8432948,-8.275500187,-16.72117,-35.05978485,-32.4053303,7.055537766,-42.11532261,0.155055534,0.183078828,0.237636539,-21.31607857,-0.347827414,0.80928762,146.9499969,153.9799957,168.5500031,219.6900024,-22.01428999,47.83558778,FALSE,FALSE,TRUE,5.464999608,4.768760629,580324,1754394.48,8,12,-4,FALSE,-0.967855803,-0.959295324,1,FALSE
RAIN,1.99,5,Avoid,Avoid,Clean,below EMA200 | weekly Stage 4 | not outperforming SPY | distribution cluster,REGULAR,1.99,,,,1.99000001,0,0,0,0,-5,0,-10,Stage 4,1.929999948,3.085500006,-25.73709348,2.072702145,2.184227283,2.905950859,3.186275248,-18.45729304,-27.63636329,-72.3303666,-36.78526022,7.055537766,-79.38590437,0.0026925,0.002828298,0.005469974,-17.13949088,6.989247002,-2.450978101,2.619999886,2.782000065,3.789999962,8.520000458,-24.04579785,76.64319363,TRUE,TRUE,TRUE,0.277857116,13.96266909,9698,33915.96,6,13,-7,FALSE,3.108811587,1.530610755,1,FALSE
RBLX,54.64,5,Avoid,Avoid,Clean,below EMA200 | weekly Stage 4 | not outperforming SPY | distribution cluster,REGULAR,54.64,,,,54.63999939,0,0,0,0,-5,7,-10,Stage 4,47.56000137,62.04500008,-26.9526005,47.27728694,49.06711174,63.35378072,67.74127467,-16.20207665,4.454211346,-33.26819587,-47.96190534,7.055537766,-40.32373363,0.073928747,0.065309424,0.115742189,-14.17464658,15.5912817,26.16023472,55.35160065,64.41999817,76.58000183,150.5899963,-1.28560195,63.71604973,FALSE,FALSE,FALSE,3.577614103,6.547610071,11028088,12513081.76,10,11,-1,FALSE,14.88645461,0.57058264,1,FALSE
REED,1.23,5,Avoid,Avoid,Clean,below EMA200 | weekly Stage 4 | not outperforming SPY | distribution cluster | excess volatility,REGULAR,1.23,,,,1.230000019,0,0,0,0,0,-5,-10,Stage 4,1.25,2.672333328,-38.12133362,1.514771619,2.09024064,3.199421965,3.669605347,-20.70492007,-67.11229904,-54.94505456,-80.47619076,7.055537766,-62.00059233,0.001664209,0.003179415,0.005703067,-72.45970135,-4.651158493,-27.64705973,2.180000067,4.349999905,5.96999979,12,-43.5779825,89.74999984,TRUE,FALSE,TRUE,0.233571427,18.98954663,12424,30662.48,6,9,-3,FALSE,-1.599998474,3.797474976,0,FALSE
SANG,3.75,5,Avoid,Avoid,Clean,below EMA200 | weekly Stage 4 | not outperforming SPY,REGULAR,3.75,,,,3.75,0,0,0,0,0,7,-10,Stage 4,3.730000019,4.37166667,-8.885646767,3.698685022,3.837281703,4.316386129,4.485039058,-8.48906059,-6.015037819,-25.44731921,-37.18592744,7.055537766,-32.50285698,0.005073807,0.005282526,0.006684816,-13.79934527,0.536192515,3.878119362,3.869999886,4.440000057,5.099999905,6.489999771,-3.100772328,42.21879611,FALSE,FALSE,FALSE,0.156428558,4.171428226,797,6105.94,6,7,-1,FALSE,0.536192515,1.351351351,0,FALSE
SEGG,0.885,5,Avoid,Avoid,Clean,below EMA200 | weekly Stage 4 | not outperforming SPY | excess volatility,REGULAR,0.885,,,,0.88499999,0,0,0,0,15,-5,-10,Stage 4,0.911000013,1.132966667,-36.00022618,1.18021072,1.261683478,1.944671561,2.603672495,-23.91039371,40.47619003,-6.150586107,-92.37068999,7.055537766,-13.20612387,0.001197418,0.001812602,0.002733922,45.10890524,-2.425580447,-26.85950723,2.049999952,2.579999924,2.579999924,13.80000019,-56.82926775,93.58695668,FALSE,FALSE,TRUE,0.226035718,25.54075942,248205,3339410.1,7,4,3,FALSE,-2.854009057,-3.804350608,1,FALSE
SHOP,115.9,5,Avoid,Avoid,Clean,below EMA200 | weekly Stage 4 | not outperforming SPY | distribution cluster,REGULAR,115.9,,,,115.9000015,0,0,0,0,0,7,-10,Stage 4,116.8600006,128.5109996,-10.08626776,111.7070428,113.4383594,123.1734989,124.4824237,-5.798165574,3.620923654,-31.60224042,2.502875952,7.055537766,-38.65777818,0.156814457,0.154225278,0.198737489,-13.32091866,7.334689686,7.076869746,124.625,137.3000031,139.1000061,182.1900024,-7.001001785,36.3850925,FALSE,FALSE,FALSE,5.526785714,4.768581227,5792018,10764846.36,7,8,-1,FALSE,-0.821495019,-0.762051017,1,FALSE
SLAI,0.5084,5,Avoid,Avoid,Clean,below EMA200 | weekly Stage 4 | not outperforming SPY,REGULAR,0.5084,,,,0.508400023,0,0,0,0,5,0,-10,Stage 4,0.469999999,0.841666663,-37.43805743,0.518908611,0.636610229,0.997337888,1.170913627,-22.13383645,-29.3888885,-50.6407731,-74.83168179,7.055537766,-57.69631086,0.000687873,0.000923913,0.001863401,-43.87757044,18.23256152,10.52174212,0.819999993,0.980000019,1.149999976,8.069999695,-37.99999666,93.70012339,FALSE,FALSE,TRUE,0.061785709,12.15297124,76494,186875.88,2,5,-3,FALSE,8.17021793,5.938741479,0,FALSE
SMTK,0.2396,5,Avoid,Avoid,Clean,below EMA200 | weekly Stage 4 | not outperforming SPY | excess volatility,REGULAR,0.2396,,,,0.239600003,0,0,0,0,15,-5,-10,Stage 4,0.244000003,0.581966667,-47.46170696,0.300321828,0.31866225,0.622930852,0.831410625,-29.32137445,5.550662898,-85.20987642,-73.95652191,7.055537766,-92.26541418,0.000324182,0.000403979,0.001388376,-32.70241502,-20.13333559,-31.54285519,1.154999971,1.154999971,1.154999971,3.799999952,-79.2554105,93.69473669,FALSE,FALSE,TRUE,0.088135714,36.78452127,387894,12774931.88,9,5,4,FALSE,-1.803278658,-3.113625663,1,FALSE
SNT,1.98,5,Avoid,Avoid,Clean,below EMA200 | weekly Stage 4 | not outperforming SPY,REGULAR,1.98,,,,1.980000019,0,0,0,0,0,3,-10,Stage 4,1.960000038,3.244666664,-17.21381156,2.281530035,2.561897519,3.138403923,3.266425862,-12.23015408,-29.53736443,-53.95348997,-57.32758457,7.055537766,-61.00902774,0.00267897,0.003544072,0.005290551,-36.70956197,-2.463051873,-19.18367426,2.839999914,3.099999905,4.440000057,5.340000153,-30.28168736,62.92134902,TRUE,TRUE,TRUE,0.160714243,8.116880888,13207,29206.14,2,7,-5,FALSE,1.02040717,-2.463051873,1,FALSE
SOHU,12.12,5,Avoid,Avoid,Clean,below EMA200 | weekly Stage 4 | not outperforming SPY | distribution cluster,REGULAR,12.12,,,,12.11999989,0,0,0,0,-5,10,-10,Stage 4,11.85000038,15.29433336,-1.639941406,12.83986048,13.81917934,14.73984684,14.7476458,-3.084133788,-20.68062764,-22.50639629,-6.119287151,7.055537766,-29.56193406,0.016398543,0.019346193,0.022167131,-26.80533505,0.414251798,-9.754284362,14,16.12000084,17.20999908,17.29999924,-13.42857225,29.9421941,FALSE,FALSE,TRUE,0.482857227,3.98397056,26114,54538.28,4,10,-6,FALSE,2.278476754,-0.410847908,2,FALSE
SPOK,10.515,5,Avoid,Avoid,Clean,below EMA200 | weekly Stage 4 | not outperforming SPY | distribution cluster,REGULAR,10.515,,,,10.51500034,0,0,0,0,0,10,-10,Stage 4,10.64999962,11.97700005,-10.18372673,10.62159572,10.88244854,12.12939006,12.65261358,-8.652529397,-5.099274226,-19.30160738,-39.42972365,7.055537766,-26.35714514,0.014226955,0.014753283,0.018854773,-11.81550412,1.889541223,-3.532103566,11.01000023,11.67000008,13.97000027,19.30999947,-4.495911674,45.54634576,TRUE,TRUE,TRUE,0.306428841,2.914206668,106556,177295.12,4,8,-4,FALSE,-1.267598874,0.333977124,1,FALSE
SPT,7.5111,5,Avoid,Avoid,Clean,below EMA200 | weekly Stage 4 | not outperforming SPY,REGULAR,7.5111,,,,7.511099815,0,0,0,0,0,7,-10,Stage 4,7.480000019,7.697333384,-14.82424132,6.97444568,6.833676728,8.370029778,9.762251932,-16.62156943,35.82458464,-32.51482715,-63.03592555,7.055537766,-39.57036492,0.010162632,0.009119558,0.012771095,26.43106613,17.36093287,3.032919817,8.31000042,8.31000042,8.395000458,21.62999916,-9.613725197,65.27461809,FALSE,FALSE,FALSE,0.472571339,6.291639714,706022,1483948.44,5,6,-1,FALSE,0.415772677,-1.29960994,1,FALSE
SPWR,0.6457,5,Avoid,Avoid,Clean,below EMA200 | weekly Stage 4 | not outperforming SPY | distribution cluster,REGULAR,0.6457,,,,0.645699978,0,0,0,0,-5,0,-10,Stage 4,0.629999995,1.305299991,-17.2988384,0.779695516,0.93319871,1.223065096,1.308384505,-15.97663182,-48.34400177,-62.01764943,-63.31250106,7.055537766,-69.07318719,0.000873642,0.001281116,0.002079763,-48.91670899,-6.959658134,-19.88833965,1.179999948,1.264999986,1.695000052,2.269999981,-45.27966046,71.55506681,FALSE,FALSE,TRUE,0.080564282,12.47704577,1132781,3227549.62,8,19,-11,FALSE,2.492060756,4.957736605,0,FALSE
SSTK,14.24,5,Avoid,Avoid,Clean,below EMA200 | weekly Stage 4 | not outperforming SPY | distribution cluster,REGULAR,14.24,,,,14.23999977,0,0,0,0,0,7,-10,Stage 4,14.19999981,16.99000018,-12.21150502,14.25467023,15.10769583,17.05485219,17.91339471,-8.681951232,-11.44278707,-21.7152317,-23.44086302,7.055537766,-28.77076947,0.019266935,0.021101136,0.026934742,-24.56005978,-9.357099067,-0.349896367,16.46999931,18.46999931,19.45999908,29.5,-13.53976706,51.72881434,TRUE,FALSE,TRUE,0.989642824,6.949739047,123700,469620,8,8,0,FALSE,0.281689876,0.493999255,1,FALSE
STNE,10.78,5,Avoid,Avoid,Clean,below EMA200 | weekly Stage 4 | not outperforming SPY | distribution cluster,REGULAR,10.78,,,,10.77999973,0,0,0,0,0,10,-10,Stage 4,10.98999977,13.69400002,-13.81278061,10.88887075,11.51767899,13.27683323,13.59228512,-10.19282478,-19.91084916,-26.51670295,-27.89297745,7.055537766,-33.57224072,0.014585503,0.01541859,0.021829523,-33.06694832,0.372439131,-4.26288176,11.76000023,15.81000042,18.19000053,19.95000076,-8.333337388,45.96491569,TRUE,FALSE,TRUE,0.424285548,3.935858614,1855685,5793483.7,7,8,-1,FALSE,-1.910828412,-0.461682282,2,FALSE
TASK,4.78,5,Avoid,Avoid,Clean,below EMA200 | weekly Stage 4 | not outperforming SPY | distribution cluster,REGULAR,4.78,,,,4.78000021,0,0,0,0,0,7,-10,Stage 4,4.730000019,8.789833323,-22.95477137,5.264176756,6.071339354,8.658683891,9.573841218,-20.14710476,-26.00618914,-58.36236585,-71.53067332,7.055537766,-65.41790362,0.006467413,0.008082894,0.015233888,-38.25952837,-4.208408235,-12.7737191,6.619999886,7.539999962,11.53999996,18.38999939,-27.79455752,74.00761083,FALSE,FALSE,TRUE,0.278214318,5.820382975,258438,615118.76,5,8,-3,FALSE,1.057086481,-0.416666253,1,FALSE
TEL,197.81,5,Avoid,Avoid,Clean,below EMA200 | weekly Stage 4 | not outperforming SPY | distribution cluster,REGULAR,197.81,,,,197.8099976,0,0,0,0,-5,10,-10,Stage 4,197.7400055,219.0886668,-2.880058482,206.8754398,210.0847641,213.0900148,210.7603971,-0.153784347,-2.142080659,-14.70030066,17.01271457,7.055537766,-21.75583843,0.267639923,0.28708828,0.321180698,-20.58853845,-6.996099822,-5.9749059,223.7599945,252.5599976,252.5599976,252.5599976,-11.59724597,21.67801731,FALSE,TRUE,TRUE,7.81893049,3.952747882,815768,2886083.36,9,14,-5,FALSE,0.035396007,1.430619026,0,FALSE
TOST,27.825,5,Avoid,Avoid,Clean,below EMA200 | weekly Stage 4 | not outperforming SPY | distribution cluster,REGULAR,27.825,,,,27.82500076,0,0,0,0,1,7,-10,Stage 4,27.07999992,28.98466644,-10.79536714,25.4537305,25.82229041,29.04466366,30.25408088,-8.826062888,8.521846433,-23.74623326,-34.51400409,7.055537766,-30.80177103,0.037647647,0.035280322,0.045565675,-7.312816502,14.69497321,12.10717609,28.32999992,30.36000061,31.04999924,49.65999985,-1.782559697,43.96898742,FALSE,FALSE,FALSE,1.160714149,4.171479309,8564312,11682686.24,11,10,1,FALSE,2.751110935,-0.908116672,1,FALSE
TTAN,69.12,5,Avoid,Avoid,Clean,below EMA200 | weekly Stage 4 | not outperforming SPY | distribution cluster,REGULAR,69.12,,,,69.12000275,0,0,0,0,1,7,-10,Stage 4,69.19999695,76.24466629,-11.29630832,66.83206886,66.61877801,74.73385516,78.65036564,-9.864693833,14.45604147,-36.10648683,-35.13513107,7.055537766,-43.16202459,0.093520411,0.088475603,0.119524072,4.340164404,10.46828046,3.519554024,84.08999634,84.08999634,84.08999634,119.9899979,-17.80234777,42.39519629,FALSE,FALSE,FALSE,3.990985598,5.773995138,655393,1575841.86,13,11,2,FALSE,-0.115598562,-0.06505916,1,FALSE
TTD,18.66,5,Avoid,Avoid,Clean,below EMA200 | weekly Stage 4 | not outperforming SPY | distribution cluster,REGULAR,18.66,,,,18.65999985,0,0,0,0,-5,7,-10,Stage 4,18.37000084,27.01600005,-23.93001956,19.14261895,20.90152047,29.1004039,33.88189539,-19.79045033,-12.31203362,-51.04931697,-72.56689096,7.055537766,-58.10485474,0.025247262,0.028969212,0.047801188,-22.16611036,3.551605846,-3.215771873,23.56999969,24.87000084,32.90000153,91.44999695,-20.83156517,79.59540681,FALSE,FALSE,TRUE,0.997856685,5.347570703,9685185,20683849.7,9,10,-1,FALSE,1.578655389,-1.789474487,1,FALSE
TYL,289.84,5,Avoid,Avoid,Clean,below EMA200 | weekly Stage 4 | not outperforming SPY | distribution cluster,REGULAR,289.84,,,,289.8399963,0,0,0,0,-5,7,-10,Stage 4,294.3999939,360.915333,-14.09157284,294.6976685,310.3097633,364.6012658,387.9469435,-11.40786832,-13.22935144,-37.17159635,-49.78517148,7.055537766,-44.22713411,0.392157905,0.427092514,0.58259098,-19.03204218,5.292987941,-3.011645064,331.5400085,366.6300049,377.769989,621.3400269,-12.57767121,53.35243445,FALSE,FALSE,TRUE,12.60928999,4.350431323,236539,804036.78,14,17,-3,FALSE,-1.548912246,-0.895847362,1,FALSE
UBXG,6.89,5,Avoid,Avoid,Clean,below EMA200 | weekly Stage 4 | not outperforming SPY | distribution cluster | excess volatility,REGULAR,6.89,,,,6.889999866,0,0,0,0,-5,-5,-10,Stage 4,7.130000114,33.51433338,-28.80273344,6.961861389,12.29313702,30.55164933,37.14098628,-32.4744605,-82.44586021,-86.49019634,-90.49655191,7.055537766,-93.54573411,0.009322274,0.01448309,0.057214357,-75.08165088,-5.745555124,-12.45235112,12.88000011,38.75,83.5,112.5,-46.50621269,93.87555567,TRUE,FALSE,TRUE,2.395142879,34.76259688,315590,1244189.08,7,12,-5,FALSE,-3.36606233,1.338433343,0,FALSE
UPLD,4.655,5,Avoid,Avoid,Clean,below EMA200 | weekly Stage 4 | not outperforming SPY | distribution cluster,REGULAR,4.655,,,,4.65500021,0,0,0,0,-5,0,-10,Stage 4,4.039999962,9.636666648,-32.93121449,5.888056661,6.85292613,10.38067078,12.22367321,-21.80370195,-24.67636992,-69.17218482,-73.84831231,7.055537766,-76.22772259,0.006298286,0.00957415,0.019291681,-30.51485941,-3.722850608,-31.84479851,10.25,10.60000038,13.10000038,39.09999847,-54.58536381,88.09462815,FALSE,TRUE,TRUE,0.691421407,14.85330559,39561,35698.42,7,11,-4,FALSE,15.22277856,1.859957001,0,FALSE
UPWK,8.34,5,Avoid,Avoid,Clean,below EMA200 | weekly Stage 4 | not outperforming SPY,REGULAR,8.34,,,,8.345000267,0,0,0,0,0,7,-10,Stage 4,8.329999924,13.79900007,-16.79162236,8.420833678,9.295363514,12.19201024,12.8847206,-16.26077094,-23.22906757,-60.20505226,-38.50404971,7.055537766,-67.26059003,0.011290912,0.012473676,0.021693147,-28.36907294,6.441327865,-1.707885842,9.380000114,11.69999981,19.45999908,22.84000015,-11.03411338,63.46322149,TRUE,FALSE,TRUE,0.350714343,4.202688217,1391432,4278708.64,5,7,-2,FALSE,0.180076152,0.967936121,1,FALSE
VFF,1.875,5,Avoid,Avoid,Clean,below EMA200 | weekly Stage 4 | not outperforming SPY | distribution cluster,REGULAR,1.875,,,,1.875,0,0,0,0,0,7,-10,Stage 4,1.889999986,2.999333318,-8.77015164,2.064476661,2.361852008,2.686394319,2.64886128,-5.528035665,-30.03731518,-50.65789412,67.41071357,7.055537766,-57.71343188,0.002536903,0.003353871,0.004455607,-36.65325246,0.267379423,-7.635466679,2.549999952,3.24000001,3.660000086,4.989999771,-26.47058686,62.42484798,FALSE,FALSE,TRUE,0.099214281,5.291428339,923480,1200831.6,7,8,-1,FALSE,-0.793650043,1.078166077,0,FALSE
VISN,12.735,5,Avoid,Avoid,Clean,below EMA200 | weekly Stage 4 | not outperforming SPY,REGULAR,12.735,,,,12.73499966,0,0,0,0,0,10,-10,Stage 4,12.57999992,16.57599999,-6.713940005,12.56545112,13.41164288,14.91109346,14.64831941,-7.009881437,-29.05292972,-29.60199254,55.49450927,7.055537766,-36.65753031,0.017230647,0.017873508,0.024050427,-36.30107539,-1.125779942,0.592415562,13.03899956,19.67499924,19.90999985,20.54999924,-2.331466456,38.02919645,FALSE,FALSE,FALSE,0.411285673,3.229569564,3076150,7310645,5,7,-2,FALSE,1.232112352,0.354610542,1,FALSE
VRME,0.5904,5,Avoid,Avoid,Clean,below EMA200 | weekly Stage 4 | not outperforming SPY | distribution cluster,REGULAR,0.5904,,,,0.590399981,0,0,0,0,0,3,-10,Stage 4,0.601000011,0.846806667,-8.03443448,0.648124316,0.708284011,0.814342439,0.840995701,-9.64660811,-26.47571604,-10.25991757,-23.27485804,7.055537766,-17.31545534,0.00079882,0.000971211,0.001275497,-35.73720559,-6.389727626,-14.43478513,0.75,0.949999988,1.279999971,1.509899974,-21.28000259,60.89807333,FALSE,TRUE,TRUE,0.042371422,7.176731614,44439,72432.78,2,8,-6,FALSE,-1.763732151,-1.600007153,0,FALSE
WB,7.2399,5,Avoid,Avoid,Clean,below EMA200 | weekly Stage 4 | not outperforming SPY | distribution cluster,REGULAR,7.2399,,,,7.239900112,0,0,0,0,-5,10,-10,Stage 4,7.199999809,9.214000003,-9.987300439,7.53744814,7.998234464,8.984616313,9.219492551,-8.150474667,-15.61887906,-28.17559358,-24.74116218,7.055537766,-35.23113135,0.009795695,0.01091957,0.014343924,-25.85494713,-1.631793739,-5.236907871,8.119999886,9.340000153,10.59000015,12.96000004,-10.83866731,44.13657337,FALSE,FALSE,TRUE,0.140714271,1.94359409,625217,1311472.34,3,10,-7,FALSE,0.554170888,0.0898643,1,FALSE
WDAY,123.43,5,Avoid,Avoid,Clean,below EMA200 | weekly Stage 4 | not outperforming SPY | distribution cluster,REGULAR,123.43,,,,123.4300003,0,0,0,0,-5,7,-10,Stage 4,124.2099991,154.3463333,-18.33930566,125.7046208,129.4802216,153.9519184,165.2534566,-12.81784072,-0.603961989,-43.08047183,-47.9659387,7.055537766,-50.1360096,0.16700266,0.173585083,0.256971207,-6.159142146,9.191436045,-5.634558543,158.6399994,158.6399994,170.4600067,249.8500061,-22.19490622,50.5983601,FALSE,FALSE,TRUE,6.690000262,5.420076355,1481161,5350215.22,9,10,-1,FALSE,-0.627967784,-0.807648389,1,FALSE
WETH,1.165,5,Avoid,Avoid,Clean,below EMA200 | weekly Stage 4 | not outperforming SPY | distribution cluster,REGULAR,1.165,,,,1.164999962,0,0,0,0,-5,0,-10,Stage 4,1.070000052,1.57233334,-8.423770336,1.323933777,1.449680935,1.540836355,1.547268514,-0.563948077,-10.38461503,-17.95774669,26.63042834,7.055537766,-25.01328445,0.001576263,0.002136369,0.002416199,-30.44022987,-12.40602073,-20.74830346,1.629999995,2,2.099999905,3.680000067,-28.52760949,68.34239292,TRUE,FALSE,TRUE,0.150571431,12.92458681,62056,127439.12,11,19,-8,FALSE,8.87849577,3.097342192,1,FALSE
WLDS,1.71,5,Avoid,Avoid,Clean,below EMA200 | weekly Stage 4 | not outperforming SPY | excess volatility,REGULAR,1.71,,,,1.710000038,0,0,0,0,5,-5,-10,Stage 4,1.74000001,6.523799992,-55.14284709,2.214305895,2.973135771,8.600860199,14.25412728,-34.50909696,-54.03225739,-85.38461482,-87.58169948,7.055537766,-92.44015259,0.002313656,0.003749943,0.02067364,-67.00407019,-6.043956656,-26.92307261,4.349999905,9.720000267,9.720000267,102.5999985,-60.68965343,98.33333327,FALSE,TRUE,TRUE,0.447785701,26.18629772,71289,1256913.02,1,1,0,FALSE,-1.724136277,-3.389827312,1,FALSE
WTO,6.72,5,Avoid,Avoid,Clean,below EMA200 | weekly Stage 4 | not outperforming SPY | excess volatility,REGULAR,6.72,,,,6.71999979,0,0,0,0,5,-5,-10,Stage 4,6.210000038,25.73799992,-95.94487715,8.051706826,17.76706017,2858.243812,10705.31641,-39.32222422,-76.66666678,-79.94029913,-99.85066667,7.055537766,-86.9958369,0.009092261,0.016190402,1.168561603,-74.37881104,14.87179316,-19.99999886,23.5,27.10000038,53.5,7700,-71.40425621,99.91272728,FALSE,FALSE,TRUE,2.509271417,37.34034964,39443,224472.06,3,4,-1,FALSE,8.212556343,-3.03170481,1,FALSE
YAAS,0.81,5,Avoid,Avoid,Clean,below EMA200 | weekly Stage 4 | not outperforming SPY,REGULAR,0.81,,,,0.810000002,0,0,0,0,5,0,-10,Stage 4,0.810000002,1.177833335,-29.81567547,0.882436831,0.967339161,10.23380373,22.30083455,-38.2975271,-16.49484758,-50,-99.72782259,7.055537766,-57.05553777,0.001095942,0.001335603,0.002555697,-20.56003838,-4.028433676,-10.79295053,1.059999943,2.569999933,2.569999933,560,-23.58490131,99.85535714,FALSE,TRUE,TRUE,0.102528551,12.65784574,26455,3830811.1,1,1,0,FALSE,0,-0.012346203,1,FALSE
YALA,5.59,5,Avoid,Avoid,Clean,below EMA200 | weekly Stage 4 | not outperforming SPY | distribution cluster,REGULAR,5.59,,,,5.590000153,0,0,0,0,-5,10,-10,Stage 4,5.5,6.601000039,-5.533559269,5.484678114,5.902217002,6.440771865,6.49720484,-4.484910557,-6.988353749,-21.92737051,-16.31736083,7.055537766,-28.98290827,0.007563355,0.008332636,0.009884734,-23.75138873,7.707130847,5.273073688,5.880000114,7.090000153,7.400000095,9.289999962,-4.931972044,39.82776991,FALSE,FALSE,FALSE,0.183642864,3.285203206,193007,329996.14,6,14,-8,FALSE,1.636366411,1.359932691,0,FALSE
ZENA,1.555,5,Avoid,Avoid,Clean,below EMA200 | weekly Stage 4 | not outperforming SPY | distribution cluster,REGULAR,1.555,,,,1.554999948,0,0,0,0,-5,3,-10,Stage 4,1.559999943,2.53216668,-27.18776965,1.487596603,1.706739354,2.504068971,2.814991787,-20.7770309,-24.51456356,-58.64361831,-58.53333473,7.055537766,-65.69915608,0.002103938,0.002342245,0.004633076,-30.03556916,14.33823023,11.07142672,1.710000038,2.585000038,3.339999914,7.109000206,-9.064332581,78.12632012,FALSE,FALSE,FALSE,0.111785727,7.188792968,1946314,3532682.28,10,13,-3,FALSE,-0.320512527,1.302930382,0,FALSE
ZOOZ,5.72,5,Avoid,Avoid,Clean,below EMA200 | weekly Stage 4 | not outperforming SPY | distribution cluster,REGULAR,5.72,,,,5.71999979,0,0,0,0,-5,3,-10,Stage 4,5.230000019,7.312666623,-49.4376319,5.617191013,5.953663574,10.24291002,13.0600797,-26.48582432,-11.45511213,-33.02107944,-70.81632817,7.055537766,-40.07661721,0.007739246,0.007959466,0.020513983,-14.34827677,-2.721093897,6.915885835,7,7,8.840000153,101.1999969,-18.28571728,94.34782612,TRUE,TRUE,FALSE,0.520785672,9.104644955,17070,26067.5,4,12,-8,FALSE,9.369020446,3.999996185,0,FALSE
AIP,46.28,5,Avoid,Avoid,Wait - Last Hour Bearish,distribution cluster,REGULAR,46.28,,,,46.27999878,100,30,25,20,10,3,15,Stage 2,43.29000092,22.83099998,49.59049533,40.38924043,34.77985407,24.97076109,22.44357008,59.03118926,180.3149494,190.3387704,383.0897615,7.055537766,183.2832326,0.062617539,0.046752992,0.028242149,104.164591,3.999997257,12.8780458,46.72000122,46.72000122,46.72000122,46.72000122,-0.941786023,0.941786023,FALSE,FALSE,FALSE,3.268643243,7.062755681,746575,1069007.5,23,9,14,FALSE,6.906901826,2.913047639,2,TRUE
AMAT,693.13,5,Avoid,Avoid,Wait - Last Hour Bearish,distribution cluster,REGULAR,693.13,,,,693.2700195,100,30,25,14,10,7,15,Stage 2,626.8400269,378.0796672,29.35588883,571.3909342,496.6109173,390.7311836,360.275876,29.06415091,105.6143761,165.8447821,277.7626435,7.055537766,158.7892443,0.938004836,0.644452657,0.476440072,68.80237457,8.292984389,22.21595761,708.9899902,708.9899902,708.9899902,708.9899902,-2.217234505,2.217234505,FALSE,FALSE,FALSE,48.29785156,6.966672466,8166373,8953617.46,18,9,9,FALSE,10.59759904,4.694512146,1,TRUE
MITK,19.3801,5,Avoid,Avoid,Wait - Last Hour Bearish,distribution cluster,REGULAR,19.3801,,,,19.38010025,100,30,25,20,10,7,15,Stage 2,19.29000092,13.42200012,20.07872919,17.12058376,15.98690763,13.77993818,13.12280009,15.9662895,47.93969226,85.45550817,94.57931904,7.055537766,78.39997041,0.026221569,0.021408863,0.017593585,31.04434158,11.95898815,17.81215411,19.69000053,19.69000053,19.69000053,19.69000053,-1.573896777,1.573896777,FALSE,FALSE,FALSE,0.938571181,4.842963496,825775,1197323.5,13,9,4,FALSE,0.467077918,-0.102574065,1,TRUE
SCSC,50.605,5,Avoid,Avoid,Wait - Last Hour Bearish,distribution cluster,REGULAR,50.605,,,,50.60499954,100,30,25,20,0,10,15,Stage 2,50.86999893,41.02133344,3.278001079,48.65677091,45.6300806,42.32311041,41.93510095,5.795685156,40.37448159,27.34020484,20.80448861,7.055537766,20.28466708,0.068469331,0.061134344,0.059746167,24.52614446,2.584629361,1.189764528,51.49000168,51.49000168,51.49000168,51.49000168,-1.718784438,1.718784438,FALSE,FALSE,FALSE,1.340000153,2.647960013,114731,246916.62,8,9,-1,FALSE,-0.52093453,-0.57957166,2,TRUE
ACMR,118.2,5,Avoid,Avoid,Wait - Last Hour Bearish,distribution cluster,REGULAR,118.2,,,,118.1999969,98,30,25,20,5,3,15,Stage 2,104.5,58.46766612,30.80405025,95.46619921,80.3278859,60.8431118,55.72948805,34.45756613,194.983773,194.7630959,345.8694679,7.055537766,187.7075581,0.159926386,0.10177671,0.0743049,134.3160266,14.5681875,25.81160275,120,120,120,120,-1.500002543,1.500002543,FALSE,FALSE,FALSE,10.66335733,9.021453131,1398300,1735120,19,11,8,FALSE,13.11004493,3.177373837,2,TRUE
ICHR,104.05,5,Avoid,Avoid,Wait - Last Hour Bearish,distribution cluster,REGULAR,104.05,,,,104.0500031,98,30,25,20,5,3,15,Stage 2,94,49.84199988,63.58444609,86.55871959,75.53090515,55.01762531,49.48013929,53.88203571,130.0464384,452.5756956,441.3631986,7.055537766,445.5201578,0.14078123,0.101929273,0.058109215,55.12021605,4.45738622,19.87327119,105.5999985,105.5999985,105.5999985,105.5999985,-1.467798717,1.467798717,FALSE,FALSE,FALSE,8.9572852,8.608635211,557137,1135200.74,18,10,8,FALSE,10.69149261,9.630174942,1,TRUE
PDFS,65.49,5,Avoid,Avoid,Wait - Last Hour Bearish,distribution cluster,REGULAR,65.49,,,,65.48999786,91,30,25,8,10,3,15,Stage 2,63.00999832,39.39000003,28.29643796,60.33044316,53.02739839,41.6005247,38.74062204,30.75211568,95.72623926,127.8705581,205.457072,7.055537766,120.8150203,0.088608959,0.070282738,0.050824062,48.66896275,0.831410225,2.104768455,68.76000214,68.76000214,68.76000214,68.76000214,-4.755677968,4.755677968,TRUE,TRUE,FALSE,4.651428768,7.102502549,361622,842090.44,19,8,11,FALSE,3.935882571,1.158480112,2,TRUE
TWLO,199.1,5,Avoid,Avoid,Wait - Last Hour Bearish,distribution cluster,REGULAR,199.1,,,,199.1000061,91,30,25,4,10,7,15,Stage 2,191.5700073,148.031,20.11375923,195.4751826,184.7250579,155.1778405,147.2107455,22.91257052,65.93050225,41.90008522,63.96278152,7.055537766,34.84454745,0.269385324,0.25444147,0.198856847,38.00882718,8.418648859,-2.440217406,238.4799957,238.4799957,238.4799957,238.4799957,-16.51291107,16.51291107,FALSE,FALSE,FALSE,10.37464033,5.210768463,911854,2816671.08,11,8,3,FALSE,3.930677294,1.610097545,1,TRUE
PENG,67.02,5,Avoid,Avoid,Wait - Last Hour Bearish,distribution cluster,REGULAR,67.02,,,,67.01999664,84,30,25,4,10,0,15,Stage 2,62.27999878,30.5100001,47.68381766,62.24383687,51.94361507,36.01104772,32.84904999,59.84883173,301.5577861,231.6180093,227.8864721,7.055537766,224.5624715,0.09067907,0.06752914,0.040232328,143.8707313,-1.354144488,4.506470472,77.40000153,77.40000153,77.40000153,77.40000153,-13.41085876,13.41085876,FALSE,TRUE,FALSE,7.272849219,10.85176005,1450356,3157229.12,24,9,15,FALSE,7.6107867,2.172414659,1,TRUE
APH,166.04,5,Avoid,Avoid,Wait - Last Hour Bearish,distribution cluster,REGULAR,166.04,,,,166.0399933,81,30,8,20,1,7,15,Stage 2,163.7200012,141.0936666,3.306795802,155.9866578,147.7214065,138.4601563,133.7743697,6.248307799,34.31482737,20.37116888,71.21054603,7.055537766,13.31563111,0.224654626,0.197290321,0.199774239,5.821127469,0.048196294,7.958381009,168.75,168.75,168.75,168.75,-1.605929905,1.605929905,FALSE,TRUE,FALSE,6.651355198,4.005875372,2853381,10285429.62,12,11,1,FALSE,1.417048649,2.291760593,1,TRUE
TBLA,4.935,5,Avoid,Avoid,Wait - Last Hour Bearish,distribution cluster,REGULAR,4.935,,,,4.934999943,81,30,21,8,0,7,15,Stage 2,4.760000229,4.009333316,9.524676588,4.719881559,4.511428671,4.06322991,3.962683766,11.8795863,64.49999809,14.23610525,34.4686605,7.055537766,7.180567481,0.00667713,0.006212766,0.00557624,28.0075003,11.14864593,4.113927871,5.099999905,5.260000229,5.260000229,5.260000229,-3.23529343,6.178712395,FALSE,FALSE,FALSE,0.240285703,4.869011264,1299410,3196240.2,8,9,-1,FALSE,3.676464401,0.498928682,1,TRUE
AMKR,81.72,5,Avoid,Avoid,Wait - Last Hour Bearish,distribution cluster,REGULAR,81.72,,,,81.72000122,78,30,25,4,1,3,15,Stage 2,78.72000122,56.58766645,33.9701846,80.31448058,73.36634402,58.34394236,53.61100798,35.48994404,83.84701871,100.4906884,285.8356943,7.055537766,93.43515062,0.110568399,0.10160258,0.071073408,23.34088746,-12.64564559,-1.280499606,96.68000031,96.68000031,96.68000031,96.68000031,-15.47372677,15.47372677,FALSE,TRUE,FALSE,8.087857383,9.897035318,3200737,5707234.74,15,13,2,FALSE,3.810975551,4.9171933,1,TRUE
VSAT,75.43,5,Avoid,Avoid,Wait - Last Hour Bearish,distribution cluster,REGULAR,75.43,,,,75.43000031,78,30,25,4,1,3,15,Stage 2,61.95000076,52.53300006,27.65807492,66.85905582,65.5334313,53.90063262,49.29631809,33.20996998,61.9364477,114.5945861,425.2785662,7.055537766,107.5390484,0.102057933,0.092602579,0.06774183,16.95242027,17.43732892,7.496084186,80.73999786,89.79000092,89.79000092,89.79000092,-6.576662991,15.99287277,FALSE,FALSE,FALSE,6.082143784,8.063295451,2599336,2412536.72,15,14,1,FALSE,21.75948245,4.401384505,1,TRUE
HUBB,520.1675,5,Avoid,Avoid,Wait - Last Hour Bearish,distribution cluster,REGULAR,520.1675,,,,520.1674805,77,30,8,8,6,10,15,Stage 2,517.0200195,489.5716675,4.643913941,504.5265992,499.017123,485.0835424,476.3488389,3.345890169,8.14967236,14.00181508,28.35401173,7.055537766,6.946277317,0.703794479,0.682992744,0.686851211,-5.345039482,-3.563754177,9.074936461,547.3250122,565.4998779,565.4998779,565.4998779,-4.961865643,8.016340804,TRUE,TRUE,FALSE,19.53892735,3.756276216,128311,667350.18,9,8,1,FALSE,0.608769645,-0.439751231,2,TRUE
RXT,6.35,5,Avoid,Avoid,Wait - Last Hour Bearish,distribution cluster | excess volatility,REGULAR,6.35,,,,6.349999905,75,30,25,0,10,-5,15,Stage 2,5.980000019,2.360733327,91.40046556,5.9743409,4.75444655,2.977984935,2.652584508,99.51188644,504.7619231,541.4141256,400,7.055537766,534.3585878,0.008591646,0.006028689,0.002890067,353.2642058,-7.095832199,16.7279382,8.600000381,8.600000381,8.600000381,8.600000381,-26.16279508,26.16279508,FALSE,FALSE,FALSE,1.041357245,16.39932694,6545284,26552707.68,11,8,3,FALSE,6.187289036,4.958672801,1,TRUE
ANET,163.44,5,Avoid,Avoid,Wait - Last Hour Bearish,distribution cluster,REGULAR,163.44,,,,163.4400024,74,30,8,8,6,7,15,Stage 2,157.6000061,142.4806674,4.416374122,162.0993588,157.2446329,145.7358697,141.2350925,9.387798513,35.33162787,24.982792,60.88198478,7.055537766,17.92725424,0.221136799,0.217752551,0.206542569,-3.631547429,-6.370299767,0.122517117,177.4799957,179.8000031,179.8000031,179.8000031,-7.910746915,9.098999073,FALSE,FALSE,FALSE,8.559284755,5.236958289,3205287,9972997.74,11,9,2,FALSE,3.705581289,3.325331906,1,TRUE
TACT,5.25,5,Avoid,Avoid,Wait - Last Hour Bearish,weekly Transition,REGULAR,5.25,,,,5.25,73,30,12,8,15,3,5,Transition,5.309999943,3.887000036,-3.588259701,4.982043856,4.429207023,4.051536313,4.042287858,3.788352316,60.55045965,29.95049628,44.23076507,7.055537766,22.89495851,0.00710333,0.005651103,0.005967977,50.12415949,2.941178396,4.790414374,5.699999809,5.699999809,5.699999809,5.699999809,-7.89473376,7.89473376,TRUE,FALSE,FALSE,0.381285633,7.262583493,26275,84229.5,15,5,10,FALSE,-1.129942437,-0.756142952,2,TRUE
GRRR,19.2786,5,Avoid,Avoid,Wait - Last Hour Bearish,distribution cluster,REGULAR,19.2786,,,,19.27860069,70,22,25,0,5,3,15,Stage 2,17.47999954,13.54950002,0.083713747,17.19517143,15.91657855,14.69636346,14.72435702,5.991795912,103.468073,66.62576665,-9.575042361,7.055537766,59.57022888,0.026084239,0.021440791,0.02084678,46.18422977,16.69854818,10.79655813,23.48999977,23.48999977,23.48999977,24.87999916,-17.92847646,22.5136602,FALSE,FALSE,FALSE,1.544571536,8.011844638,1736136,1440344.72,18,12,6,FALSE,10.28948054,0.776798424,1,TRUE
SAIC,111.59,5,Avoid,Avoid,Wait - Last Hour Bearish,last 1H bearish,REGULAR,111.59,,,,111.5899963,65,17,4,8,11,10,15,Stage 2,110.2900009,100.0953336,3.104259692,107.6978286,103.9495735,101.0480365,101.693421,0.717957564,14.73369719,8.550576873,2.226083359,7.055537766,1.495039107,0.150982955,0.138601714,0.142437389,11.24508294,10.92445132,-1.950620568,123.4100037,123.4100037,123.4100037,123.4100037,-9.577835648,9.577835648,FALSE,FALSE,FALSE,4.048929487,3.628398261,178498,573003.96,6,4,2,FALSE,1.178706512,-0.366074698,1,TRUE
AEIS,349.835,5,Avoid,Avoid,Wait - Last Hour Bearish,distribution cluster,REGULAR,349.835,,,,349.5400085,63,30,12,4,-5,7,15,Stage 2,348.1099854,303.2649984,20.06215498,348.5342592,341.1650858,301.2536918,281.1223378,17.46135837,12.47908275,60.90780068,161.1625957,7.055537766,53.85226292,0.472932925,0.472490436,0.391576129,-10.8513301,-9.965742304,-1.362978423,389.7900085,397.4400024,397.4400024,397.4400024,-10.32607279,12.05213205,TRUE,TRUE,FALSE,23.34821429,6.679697235,628791,996961.82,11,14,-3,FALSE,0.410796373,1.378385921,2,TRUE
QMCO,11.86,5,Avoid,Avoid,Wait - Last Hour Bearish,distribution cluster | excess volatility,REGULAR,11.86,,,,11.85999966,62,22,25,0,5,-5,15,Stage 2,11.64999962,7.81266667,5.320392135,12.70196442,10.85338829,8.983812694,9.008405157,13.45990588,153.4188054,60.92265727,30.47304134,7.055537766,53.8671195,0.016046759,0.013975132,0.011936368,59.25556331,-15.52706774,-13.68267937,18.47999954,18.47999954,18.47999954,18.47999954,-35.82251109,35.82251109,FALSE,FALSE,TRUE,1.955357007,16.48699042,782436,1073894.72,18,11,7,FALSE,1.802575494,2.285462558,1,TRUE
SEDG,54.04,5,Avoid,Avoid,Wait - Last Hour Bearish,below EMA20 with deep 20D-high pullback | last 1H bearish,REGULAR,54.04,,,,54.04000092,62,22,12,0,10,3,15,Stage 2,51.75,43.13466632,17.65176428,56.92863772,54.75824903,45.52842697,42.86615598,22.63734859,4.404951059,75.79701144,169.3246921,7.055537766,68.74147368,0.07311694,0.073485886,0.059079651,31.85101552,-6.099041474,-11.11841843,79.11000061,81.25,81.25,81.25,-31.6900512,33.48922964,FALSE,TRUE,TRUE,5.299285616,9.806227843,927252,3849975.04,11,7,4,FALSE,4.425122542,4.66782839,1,TRUE
JF,1.06,5,Avoid,Avoid,Wait - Last Hour Bearish,last 1H bearish,REGULAR,1.06,,,,1.059999943,60,30,8,0,0,7,15,Stage 2,1.080000043,0.998333335,3.098107469,1.043387785,1.021257069,0.993738797,0.988995108,2.520589216,10.41666317,13.97848759,17.77777454,7.055537766,6.922949828,0.001434196,0.001396067,0.001417016,3.744111409,-0.934589643,-3.636370927,1.190000057,1.190000057,1.190000057,1.379999995,-10.92437884,23.18840968,FALSE,FALSE,FALSE,0.062142896,5.862537656,2132,13648.64,5,6,-1,FALSE,-1.85186105,1.92307516,1,TRUE
SNOW,252.395,5,Avoid,Avoid,Wait - Last Hour Bearish,weekly Transition,REGULAR,252.395,,,,252.3950043,59,25,8,4,10,7,5,Transition,248.9600067,190.0480001,-8.200754294,229.932338,206.485624,195.4207649,195.3718172,0.69910159,65.17997332,13.72730708,13.73242896,7.055537766,6.671769314,0.341494263,0.260232321,0.298828081,66.91943613,11.38841447,8.426413608,284.9899902,284.9899902,284.9899902,284.9899902,-11.43723888,11.43723888,FALSE,FALSE,FALSE,14.07059261,5.574830076,4458826,8867156.52,11,7,4,FALSE,1.379738699,0.415754185,2,TRUE
VLN,2.2,5,Avoid,Avoid,Wait - Last Hour Bearish,distribution cluster,REGULAR,2.2,,,,2.200000048,57,22,12,0,5,3,15,Stage 2,1.980000019,1.883999999,17.35880345,2.342469802,2.322018651,2.037096418,2.011431719,17.12444359,86.44069029,59.42029386,-17.91044803,7.055537766,52.3647561,0.002976633,0.00331573,0.002615751,34.74739126,0,-0.452488248,3.630000114,3.710000038,3.710000038,3.710000038,-39.39393999,40.70080795,FALSE,FALSE,TRUE,0.216685721,9.849350734,1407871,3901615.42,17,11,6,FALSE,11.11111245,4.265410287,1,TRUE
TRT,11.66,5,Avoid,Avoid,Wait - Last Hour Bearish,distribution cluster,REGULAR,11.66,,,,11.65999985,55,22,12,0,6,0,15,Stage 2,11.77000046,8.493666649,67.89220472,12.48548316,11.67384404,8.715921763,7.82588238,63.51976228,96.29629184,81.05589664,323.9999945,7.055537766,74.00035888,0.015776156,0.016944604,0.009683246,57.4608412,-19.58620795,6.193081362,17.56999969,21.37999916,21.37999916,21.37999916,-33.63688076,45.46304815,FALSE,TRUE,TRUE,1.725678512,14.79998743,409644,1809016.88,10,8,2,FALSE,-0.934584589,2.370496014,1,TRUE
GRAF,10.8093,5,Avoid,Avoid,Wait - Last Hour Bearish,not outperforming SPY,REGULAR,10.8093,,,,10.80930042,55,17,0,8,5,10,15,Stage 2,10.89999962,10.7390666,0.547723188,10.86374632,10.8164334,10.73053827,10.6882996,0.755826782,0.927174455,0.739057631,3.191408392,7.055537766,-6.316480135,0.014625147,0.014704208,0.015516741,-4.45176353,-0.46684379,-0.46684379,11.94499969,11.94499969,11.94499969,11.94499969,-9.507737975,9.507737975,TRUE,TRUE,TRUE,0.211099761,1.952945636,93649,192254.98,0,1,-1,FALSE,-0.832102743,0.654627271,1,TRUE
NVTS,17.94,5,Avoid,Avoid,Wait - Last Hour Bearish,distribution cluster,REGULAR,17.94,,,,17.93000031,54,22,12,0,5,0,15,Stage 2,17.29999924,13.37700001,44.17978143,21.56376195,20.28793252,14.93800435,13.44288153,63.53246645,116.5459044,134.0731157,171.2556724,7.055537766,127.0175779,0.024259562,0.028732211,0.017350614,37.60682098,-24.34599271,-23.3433058,34.16999817,34.16999817,34.16999817,34.16999817,-47.52706682,47.52706682,FALSE,TRUE,TRUE,2.386285646,13.30889908,11504114,36783210.28,16,10,6,FALSE,3.641624832,4.976583052,1,TRUE
POET,9.89,5,Avoid,Avoid,Wait - Last Hour Bearish,distribution cluster,REGULAR,9.89,,,,9.890000343,54,22,12,0,5,0,15,Stage 2,9.43999958,8.388999987,32.60445737,11.59096885,11.24548229,8.981177483,8.325660303,39.30874545,90.55877137,40.88319616,81.46790256,7.055537766,33.82765839,0.01338132,0.016098599,0.01103911,27.91739254,-18.1968551,-21.06942894,15.93999958,20.80999947,20.80999947,20.80999947,-37.95482683,52.47476887,FALSE,TRUE,TRUE,1.438928468,14.54932677,16761918,50037400.36,16,12,4,FALSE,4.766957446,5.549631421,1,TRUE
BH-A,2126.99,5,Avoid,Avoid,Wait - Last Hour Bearish,weekly Stage 1/3,REGULAR,2126.99,,,,2126.98999,53,12,8,16,10,7,0,Stage 1/3,1997.48999,1793.553666,-0.153184661,1760.100304,1679.470283,1683.979576,1657.765111,-1.702118175,32.1095368,13.37718251,52.71105184,7.055537766,6.321644743,2.87784967,2.180059315,2.514380608,19.11281519,22.80755592,19.3865076,2140.370117,2140.370117,2177.01001,2513,-0.62513146,15.36052566,FALSE,FALSE,FALSE,105.5985805,4.964695696,5212,20208.4,14,7,7,FALSE,6.483136368,4.111110633,1,TRUE
MRDN,13.95,5,Avoid,Avoid,Wait - Last Hour Bearish,distribution cluster,REGULAR,13.95,,,,13.94999981,53,0,25,0,10,3,15,Stage 2,13.28999996,9.412500016,0.524381844,12.90370046,11.5536305,10.88158211,11.64522833,-1.214448923,91.88445455,42.81327099,-32.01754631,7.055537766,35.75773323,0.018874561,0.015124125,0.014465177,92.2137044,5.601815057,-2.617801082,15,16.09000015,16.09000015,22.78800011,-7.000001272,38.78357142,FALSE,FALSE,FALSE,1.192857129,8.55094728,53843,65910.86,19,9,10,FALSE,4.966138821,-0.958468076,2,TRUE
AAPL,280.35,5,Avoid,Avoid,Wait - Last Hour Bearish,not outperforming SPY | distribution cluster,REGULAR,280.35,,,,280.3150024,51,22,0,4,0,10,15,Stage 2,283.7799988,273.2370015,3.936262685,292.9931687,289.6223375,273.9524695,268.0687851,6.366486252,12.66680024,2.375736803,39.46020022,7.055537766,-4.679800963,0.379270444,0.396810744,0.390152208,1.032230649,-5.621025142,-3.714836073,317.3999939,317.3999939,317.3999939,317.3999939,-11.68399249,11.68399249,FALSE,FALSE,TRUE,8.666057042,3.09154236,29121396,54927853.92,8,8,0,FALSE,-1.221014995,-0.188692242,2,TRUE
PDC,5.73,5,Avoid,Avoid,Wait - Last Hour Bearish,weekly Transition,REGULAR,5.73,,,,5.730000019,50,22,8,0,15,0,5,Transition,4.809999943,5.766899983,14.87696031,5.700340094,5.966477236,5.519556801,5.238001452,17.63358912,15.99190188,18.63354264,186.500001,7.055537766,11.57800488,0.007752777,0.008958978,0.00749019,-18.80875639,-2.134927406,-2.881357179,6.329999924,8.399999619,8.399999619,10.5,-9.478671593,45.42857125,FALSE,FALSE,FALSE,0.696785757,12.16030985,369529,110878.58,10,4,6,FALSE,19.12682094,7.102806004,1,TRUE
QBTS,23.79,5,Avoid,Avoid,Wait - Last Hour Bearish,weekly Transition | not outperforming SPY | distribution cluster,REGULAR,23.79,,,,23.79500008,48,30,0,0,10,3,5,Transition,22.76000023,22.2166666,-8.33448023,24.07797582,23.16922601,21.96174628,21.30246932,7.136113458,71.18705561,-13.53561163,69.23897131,7.055537766,-20.59114939,0.032194995,0.0315884,0.034913841,4.971836364,-2.758476731,1.818567487,31.29999924,31.54999924,31.54999924,46.75,-23.97763369,49.10160411,FALSE,FALSE,TRUE,2.332142694,9.800977878,16027828,35590532.56,12,8,4,FALSE,4.547450953,4.204077207,1,TRUE
OSPN,14.36,5,Avoid,Avoid,Wait - Last Hour Bearish,weekly Transition,REGULAR,14.36,,,,14.35999966,46,17,8,0,6,10,5,Transition,14.15999985,12.08366664,-2.05608983,13.81820794,13.15986447,12.73992033,12.93102336,0.999101121,41.47783445,12.45105045,-14.31981229,7.055537766,5.39551268,0.019429297,0.017645203,0.018484441,20.3244494,7.8078077,0.20934915,15.71000004,15.71000004,15.71000004,18.12999916,-8.593255113,20.79426188,FALSE,FALSE,FALSE,0.522142751,3.636091667,216852,523001.04,7,6,1,FALSE,1.412428047,-0.450610282,2,TRUE
SATL,5.555,5,Avoid,Avoid,Wait - Last Hour Bearish,weekly Transition,REGULAR,5.555,,,,5.554999828,45,22,12,0,6,0,5,Transition,4.619999886,5.047166642,52.42097856,6.340258747,6.78145193,5.506680122,5.06675257,41.53755497,-6.323777586,153.6529536,48.92760858,7.055537766,146.5974158,0.007515999,0.010076399,0.00615121,-29.87133512,-2.11454376,-16.59159226,9.449999809,12,12,12,-41.21693185,53.70833476,FALSE,FALSE,TRUE,0.732499974,13.18631857,9759371,9629329.42,7,6,1,FALSE,20.2380945,8.496092822,1,TRUE
GEG,2.29,5,Avoid,Avoid,Wait - Last Hour Bearish,weekly Transition | not outperforming SPY,REGULAR,2.29,,,,2.289999962,44,25,0,0,11,3,5,Transition,2.430000067,2.216666683,-3.623188381,2.320913549,2.22866314,2.206051986,2.206027567,0.194864347,21.80850892,-6.530615621,8.530809275,7.055537766,-13.58615339,0.003098405,0.00298964,0.003341674,4.520509127,-5.371905386,1.777776082,2.829999924,2.829999924,2.829999924,3.50999999,-19.08127125,34.75783567,TRUE,FALSE,TRUE,0.215714233,9.419835671,2482,11337.64,4,2,2,FALSE,-5.761321031,-2.136750177,1,TRUE
NIXX,1.6499,5,Avoid,Avoid,Wait - Last Hour Bearish,weekly Transition,REGULAR,1.6499,,,,1.64989996,44,0,12,12,15,0,5,Transition,1.320000052,0.819700003,-20.78994235,1.118700187,0.909690815,0.950805846,1.05664136,-12.77855516,43.46956468,51.36696413,-7.308989546,7.055537766,44.31142637,0.00223234,0.001066737,0.001474519,150.6149387,16.19014151,89.64367247,1.679999948,1.679999948,1.679999948,2.470000029,-1.791666007,33.20243156,FALSE,FALSE,FALSE,0.232692846,14.10345184,6347420,3836912.4,13,3,10,FALSE,24.99241621,7.836600681,1,TRUE
OMCL,41.195,5,Avoid,Avoid,Wait - Last Hour Bearish,weekly Transition | not outperforming SPY | distribution cluster,REGULAR,41.195,,,,41.19499969,37,30,0,0,-5,7,5,Transition,40.13000107,41.39233335,7.47812403,40.27366014,40.55257769,39.59556735,39.07646579,3.915240013,25.78625861,-10.01528879,42.83980401,7.055537766,-17.07082655,0.055737458,0.056299867,0.056308883,4.012620257,6.502066623,8.895050756,44.72000122,46.88999939,50.18999863,55,-7.882382446,25.10000055,FALSE,FALSE,FALSE,1.890000207,4.587935966,199363,674213.26,7,11,-4,FALSE,2.653871414,0.549178588,2,TRUE
SHMD,6.125,5,Avoid,Avoid,Wait - Last Hour Bearish,weekly Transition | distribution cluster,REGULAR,6.125,,,,6.125,36,22,8,0,1,0,5,Transition,5.71999979,6.655166642,12.51021364,6.106098548,6.229662395,6.024826875,5.763364248,5.809283536,2.94117977,22.01195265,121.9202906,7.055537766,14.95641489,0.008287218,0.008520476,0.008369961,4.960451877,-9.393494192,13.84758122,7.210000038,8.180000305,10.64999962,10.64999962,-15.04854414,42.48826085,FALSE,FALSE,FALSE,0.654285737,10.68221612,198846,1190610.92,13,12,1,FALSE,7.080423508,2.94117977,1,TRUE
RBRK,76.34,5,Avoid,Avoid,Wait - Last Hour Bearish,weekly Transition | not outperforming SPY,REGULAR,76.34,,,,76.33999634,35,17,0,0,6,7,5,Transition,72.33000183,62.7733331,-4.775869853,71.5510553,66.97105789,65.05626459,65.69528066,0.801905927,66.93635929,-3.12183581,-17.11183756,7.055537766,-10.17737358,0.103289171,0.088901297,0.096641044,39.53384487,8.237626059,11.95188973,86.45500183,86.45500183,86.45500183,99.75,-11.69973429,23.46867535,FALSE,FALSE,FALSE,4.243142264,5.558216489,2061782,3798343.64,9,7,2,FALSE,5.544026552,-0.65070279,3,TRUE
VRNS,40.09,5,Avoid,Avoid,Wait - Last Hour Bearish,weekly Transition,REGULAR,40.09,,,,40.09000015,35,0,8,0,15,7,5,Transition,40.29999924,28.83116684,-15.43665799,34.86308892,31.63502806,32.07377827,33.72044942,-4.721660667,89.01462463,19.88636902,-21.28411562,7.055537766,12.83083125,0.054242377,0.041532988,0.050385119,59.24563038,22.56191157,20.24595072,41.68000031,41.68000031,41.68000031,63.90000153,-3.814779609,37.26134711,FALSE,FALSE,FALSE,2.305286271,5.750277532,1343867,2458565.34,11,2,9,FALSE,-0.521089549,0.099877444,2,TRUE
VOD,13.7132,5,Avoid,Avoid,Wait - Last Hour Bearish,below EMA200 | weekly Transition | not outperforming SPY,REGULAR,13.7132,,,,13.71319962,34,10,0,4,5,10,5,Transition,13.89000034,14.56466662,8.156142966,14.47631388,14.82974445,14.28543128,13.85322439,5.876935407,-5.360939737,4.680910047,28.64164927,7.055537766,-2.374627719,0.018554167,0.020570286,0.019913101,-17.07824003,-2.881021766,-11.69864874,15.56000042,16.61000061,16.61000061,16.61000061,-11.86889945,17.44010168,TRUE,TRUE,TRUE,0.305357252,2.226739641,2186272,3696637.44,5,5,0,FALSE,-1.27286338,0.352723408,1,TRUE
SSTI,8.83,5,Avoid,Avoid,Wait - Last Hour Bearish,weekly Transition,REGULAR,8.83,,,,8.829999924,34,0,4,12,6,7,5,Transition,8.18999958,7.280999994,-8.464988119,7.820555197,7.425236868,7.87141686,8.399405914,-7.847760842,38.18466523,10.23719939,-37.01854754,7.055537766,3.181661627,0.011947124,0.009833195,0.011704247,24.18990288,18.04812702,9.962642806,8.930000305,8.930000305,8.930000305,14.26000023,-1.119825062,38.0785429,FALSE,FALSE,FALSE,0.561428547,6.358194244,108549,134274.98,8,7,1,FALSE,7.814412407,-0.897866724,3,TRUE
GITS,2.21,5,Avoid,Avoid,Wait - Last Hour Bearish,weekly Transition,REGULAR,2.21,,,,2.210000038,32,0,12,0,15,0,5,Transition,2.25,1.836833336,-1.105506838,1.935002748,1.894842903,1.927432839,1.9027937,-4.976565622,-3.070172549,180.456862,60.14493085,7.055537766,173.4013243,0.002990164,0.002347296,0.002785401,-17.7224276,46.35761934,25.56818467,2.730000019,2.730000019,4.650000095,7.090000153,-19.04761822,68.82933723,FALSE,FALSE,FALSE,0.290571443,13.14802885,45430,867466.6,8,3,5,FALSE,-1.777776082,0.913241114,2,TRUE
ORKT,1.0905,5,Avoid,Avoid,Wait - Last Hour Bearish,below EMA200 | weekly Transition,REGULAR,1.0905,,,,1.090499997,32,0,12,0,15,0,5,Transition,1.090000033,1.044933327,-11.23570088,1.200920716,1.154842422,1.356655072,1.768210373,-18.68544629,4.855772802,28.74852343,-46.54411679,7.055537766,21.69298566,0.001475463,0.001537174,0.001801035,-2.332698751,-20.40146034,-17.38636714,1.610000014,1.610000014,1.610000014,3.552000046,-32.26708152,69.29898696,TRUE,FALSE,TRUE,0.134785686,12.3599896,13962,225443.24,10,3,7,FALSE,0.045868233,-0.863638772,1,TRUE
GEN,24.94,5,Avoid,Avoid,Wait - Last Hour Bearish,weekly Transition | not outperforming SPY,REGULAR,24.94,,,,24.94000053,30,0,0,0,15,10,5,Transition,24.45000076,23.51466681,-4.629028467,24.2368738,23.50041796,23.74058383,24.19252584,-2.364916227,35.98691563,-9.768447595,-15.31409206,7.055537766,-16.82398536,0.033744198,0.031279908,0.035524841,19.70147903,8.387658783,2.549345588,27.80999947,27.80999947,27.80999947,32.22000122,-10.32002512,22.59466298,FALSE,FALSE,FALSE,0.978571756,3.923703828,1624267,7756731.34,11,3,8,FALSE,2.004088981,-0.992457303,3,TRUE
NTNX,51.27,5,Avoid,Avoid,Wait - Last Hour Bearish,weekly Transition | not outperforming SPY,REGULAR,51.27,,,,51.29999924,30,0,0,0,15,10,5,Transition,49.72000122,44.60666669,-12.85036988,48.77639037,47.04301931,48.53482221,50.53918395,-4.303293165,36.3998894,-1.346155313,-31.85441011,7.055537766,-8.401693079,0.069409676,0.063325859,0.074970104,23.17144717,10.06221533,4.035688113,56.02000046,56.02000046,56.02000046,82.41999817,-8.425564409,37.75782531,FALSE,FALSE,FALSE,2.04857145,3.993316727,2158916,3911558.32,8,5,3,FALSE,3.177791588,-0.233506389,2,TRUE
RCAT,10,5,Avoid,Avoid,Wait - Last Hour Bearish,below EMA200 | weekly Transition,REGULAR,10,,,,10,29,5,4,0,15,0,5,Transition,9.279999733,11.70599995,3.194146349,10.82023642,11.41856105,11.48048503,11.12949205,0.618975874,-21.13564859,10.01099925,33.68983923,7.055537766,2.955461488,0.013530151,0.015330086,0.016666038,-30.75444436,-5.926623779,-10.55456416,15.78999996,15.78999996,18.78000069,18.78000069,-36.66877755,46.75186563,FALSE,FALSE,TRUE,1.015999998,10.15999998,8157254,13999251.08,7,3,4,FALSE,7.75862379,3.199178876,1,TRUE
SNPS,444.94,5,Avoid,Avoid,Wait - Last Hour Bearish,below EMA200 | weekly Transition | not outperforming SPY,REGULAR,444.94,,,,444.9400024,27,5,0,0,10,7,5,Transition,454.3399963,459.7733358,3.656598051,465.3477389,469.6784128,467.0793311,469.8166408,1.761192416,16.94483166,-6.47608987,-10.24006627,7.055537766,-13.53162764,0.602010562,0.658381173,0.660168708,-4.248731584,-4.227470984,-1.971846024,508.7200012,539.4799805,539.4799805,651.7299805,-12.53734837,31.72939472,FALSE,TRUE,TRUE,18.98928615,4.267830729,1171995,1968937.9,9,6,3,FALSE,-2.068933832,1.095157543,2,TRUE
EVER,23.285,5,Avoid,Avoid,Wait - Last Hour Bearish,weekly Transition | not outperforming SPY,REGULAR,23.285,,,,23.28499985,27,0,0,10,5,7,5,Transition,23.20000076,19.82433329,-6.363851506,20.60596582,19.32523123,19.64863206,20.07409401,-3.183224001,53.29164247,-13.05078697,-2.287033479,7.055537766,-20.10632473,0.031504957,0.025593591,0.030146381,36.6240246,13.52998336,16.54154345,23.79999924,23.97999954,23.97999954,28.72999954,-2.163863051,18.95231389,TRUE,FALSE,FALSE,1.171428408,5.030828497,334639,952002.78,3,3,0,FALSE,0.366375352,-0.576431377,2,TRUE
PCSC,10.9,5,Avoid,Avoid,Wait - Last Hour Bearish,below EMA200 | weekly Transition | not outperforming SPY,REGULAR,10.9,,,,10.89999962,26,0,0,0,11,10,5,Transition,10.93000031,12.039,1.346914506,11.08157118,11.20850852,11.46576913,11.42980607,-1.43564211,-0.638109816,-20.55394019,3.024571807,7.055537766,-27.60947795,0.014747865,0.015221825,0.01686721,-6.353067176,-0.999097258,-4.385965059,11.68000031,11.68000031,14.47000027,14.47000027,-6.678087896,24.67173865,FALSE,FALSE,TRUE,0.2821502,2.58853404,220325,85866.5,4,2,2,FALSE,-0.2744802,0.045884906,2,TRUE
ECHO,101.59,5,Avoid,Avoid,Wait - Last Hour Bearish,weekly Transition | not outperforming SPY | distribution cluster,REGULAR,101.59,,,,101.5899963,25,22,0,0,-5,3,5,Transition,97.30000305,115.6696663,15.53295247,111.3651807,117.360198,108.3145417,100.9491357,14.5849502,-11.82189294,-5.011688418,299.0180675,7.055537766,-12.06722618,0.137452804,0.165619186,0.149442264,-27.21122225,-4.520681503,-10.94846186,131.2200012,147.25,147.25,147.25,-22.58040284,31.00849145,FALSE,FALSE,TRUE,8.977856772,8.837343337,4308553,9097827.06,5,16,-11,FALSE,4.409037155,0.068951632,2,TRUE
XTIA,1.735,5,Avoid,Avoid,Wait - Last Hour Bearish,below EMA200 | weekly Transition,REGULAR,1.735,,,,1.735000014,25,0,8,0,5,7,5,Transition,1.679999948,1.841666663,6.454720436,1.782622679,1.864480758,5.656038375,68.80896379,-38.69551834,-17.38094795,24.8201462,4.518075253,7.055537766,17.76460843,0.002347481,0.002548331,0.002562618,-34.37714464,-1.420453199,-6.216216652,2.200000048,2.539999962,3.190000057,3.190000057,-21.1363647,45.61128579,FALSE,FALSE,TRUE,0.103285713,5.953066974,377514,1761348.28,4,4,0,FALSE,3.2738136,2.058821508,1,TRUE
VS,1.3005,5,Avoid,Avoid,Wait - Last Hour Bearish,below EMA200 | weekly Transition | not outperforming SPY,REGULAR,1.3005,,,,1.300500035,23,0,0,0,15,3,5,Transition,1.25,1.187983336,-13.74027332,1.308981564,1.27790459,1.33098266,1.429428234,-6.062913141,9.94167623,-0.72518381,-38.36492417,7.055537766,-7.780721576,0.001759596,0.001740117,0.002023631,6.434335249,7.479338371,-6.438845419,1.739899993,1.75,1.75,2.829999924,-25.25432263,54.04593391,FALSE,FALSE,TRUE,0.128364265,9.870377661,17281,97623.62,4,0,4,FALSE,4.040002823,-0.436379732,2,TRUE
AAUC,23.16,5,Avoid,Avoid,Wait - Last Hour Bearish,below EMA200 | weekly Transition | not outperforming SPY,REGULAR,23.16,,,,23.15999985,22,10,0,0,0,7,5,Transition,23.06999969,28.24066677,13.08177917,25.12848569,26.90137853,26.27558194,24.92433112,6.537802763,-25.38660063,-5.314796753,69.91929313,7.055537766,-12.37033452,0.031335831,0.037646583,0.036371671,-31.09652732,-10.26733698,-8.313540627,27.22999954,32.20000076,32.20000076,32.20000076,-14.94674904,28.07453634,FALSE,FALSE,TRUE,1.030286108,4.448558353,57108,739560.16,4,7,-3,FALSE,0.390117702,-0.301333173,2,TRUE
PERF,1.6512,5,Avoid,Avoid,Wait - Last Hour Bearish,below EMA200 | weekly Transition | not outperforming SPY,REGULAR,1.6512,,,,1.651200056,20,0,0,0,5,10,5,Transition,1.659999967,1.644000002,-3.615399689,1.669752835,1.667591465,1.695099449,1.730521539,-1.85021489,-0.530115104,-5.645711081,-27.25990881,7.055537766,-12.70124885,0.002234099,0.002288019,0.002497335,-9.909332542,-0.530115104,-1.714279308,1.75,1.789999962,1.830000043,2.670000076,-5.645711081,38.15730304,TRUE,TRUE,TRUE,0.030378597,1.839789007,15672,74055.44,1,4,-3,FALSE,-0.530115104,-0.229602138,2,TRUE
P,72.28,5,Avoid,Avoid,Wait - Last Hour Bearish,weekly Stage 4 | distribution cluster,REGULAR,72.28,,,,72.27999878,18,22,4,0,-5,7,-10,Stage 4,69.16000366,70.10266698,-5.721918685,73.76014615,73.79354115,72.06158207,71.20542394,4.076097632,22.55001584,7.896702619,29.95325453,7.055537766,0.841164853,0.097795933,0.10263512,0.109715039,1.208685345,-6.178611215,-0.041486351,85.98999786,93.91999817,93.91999817,100.5899963,-15.94371372,28.14394929,FALSE,FALSE,TRUE,3.869784764,5.353880505,937945,3504474.9,8,10,-2,FALSE,4.511270896,1.474091496,1,TRUE
DXYZ,25.575,5,Avoid,Avoid,Wait - Last Hour Bearish,below EMA200 | weekly Transition | not outperforming SPY | distribution cluster,REGULAR,25.575,,,,25.59499931,16,10,0,0,1,0,5,Transition,25.20000076,33.30100002,19.16621884,32.44906108,36.2139746,33.97268295,33.31718914,13.51447796,-8.687125628,-17.11463728,-34.52289789,7.055537766,-24.17017504,0.034630422,0.053994176,0.044129951,-16.29769137,-4.745074381,-11.64998302,52.65000153,72.87000275,72.87000275,72.87000275,-51.38651743,64.8758085,FALSE,FALSE,TRUE,3.441428593,13.44570692,879968,5048045.36,17,15,2,FALSE,1.567454518,-0.019535422,2,TRUE
VUZI,2.705,5,Avoid,Avoid,Wait - Last Hour Bearish,below EMA200 | weekly Transition | not outperforming SPY | distribution cluster,REGULAR,2.705,,,,2.704999924,16,10,0,0,1,0,5,Transition,2.74000001,2.968333316,3.282300448,3.228608671,3.252271917,3.007909683,2.941317642,9.547302967,24.65436998,-15.20376567,-6.07639527,7.055537766,-22.25930343,0.003659906,0.004482888,0.004321694,-1.984367832,-14.39873892,-13.30128132,4.739999771,5.619999886,5.619999886,5.619999886,-42.93248831,51.86832778,FALSE,TRUE,TRUE,0.287500007,10.62846636,535359,2098163.18,15,14,1,FALSE,-1.277375391,1.310855671,1,TRUE
CAMP,4.3221,5,Avoid,Avoid,Wait - Last Hour Bearish,weekly Transition | not outperforming SPY,REGULAR,4.3221,,,,4.322100163,16,0,0,0,11,0,5,Transition,4.199999809,4.633999968,5.469995142,4.181223936,4.274998615,4.291312539,4.289609612,-0.635336588,0.280747561,-26.99155225,190.0738346,7.055537766,-34.04709002,0.005847867,0.005797227,0.00625317,-8.817462502,2.9071514,3.1527471,5.25,5.25,7.75,7.75,-17.67428262,44.23096565,FALSE,FALSE,FALSE,0.510357124,11.80808184,95083,171091.66,6,5,1,FALSE,2.9071514,0.048610897,2,TRUE
VTEX,4.255,5,Avoid,Avoid,Wait - Last Hour Bearish,weekly Transition | distribution cluster,REGULAR,4.255,,,,4.255000114,15,0,8,0,-5,7,5,Transition,4.039999962,3.668333364,-3.886462691,3.732818687,3.731877566,3.880810808,4.031343136,-4.384231876,11.09661095,14.07506951,-35.03816808,7.055537766,7.019531743,0.00575708,0.005121238,0.005584616,-1.715032003,18.85475433,17.54144334,4.289999962,4.46999979,4.46999979,6.820000172,-0.815847266,37.60997057,FALSE,FALSE,FALSE,0.172857131,4.062447159,728234,1642782.68,8,10,-2,FALSE,5.321786005,-0.234460782,2,TRUE
LAW,3.77,5,Avoid,Avoid,Wait - Last Hour Bearish,below EMA200 | weekly Stage 4 | not outperforming SPY,REGULAR,3.77,,,,3.769999981,12,0,0,0,15,7,-10,Stage 4,3.680000067,4.938666677,-15.12373994,3.642061141,3.836138097,4.524621784,4.713888121,-10.48026588,2.445649797,-53.28376551,-14.898417,7.055537766,-60.33930327,0.005100867,0.005314564,0.007850314,-15.38831593,10.88234927,5.307264281,4.539999962,5.058000088,5.610000134,9.109999657,-16.96035215,58.61690315,FALSE,FALSE,FALSE,0.211999944,5.623340725,143466,386369.32,9,5,4,FALSE,2.445649797,-0.272463066,2,TRUE
TEAM,79.64,5,Avoid,Avoid,Wait - Last Hour Bearish,below EMA200 | weekly Stage 4 | not outperforming SPY,REGULAR,79.64,,,,79.63999939,12,0,0,0,15,7,-10,Stage 4,78.73999786,100.5829999,-18.15089572,85.60002848,86.21279937,103.5933843,114.4769607,-13.76678075,22.2972912,-50.57100186,-59.87909351,7.055537766,-57.62653963,0.107754125,0.116455611,0.170518329,10.00546049,-0.400199723,-10.03162855,119.3799973,119.3799973,119.3799973,222.5899963,-33.28865704,64.22121358,FALSE,FALSE,TRUE,5.195786612,6.524091728,1393521,7157900.42,8,5,3,FALSE,1.143004255,-0.852782552,2,TRUE
BLIN,1.14,5,Avoid,Avoid,Wait - Last Hour Bearish,weekly Transition | distribution cluster,REGULAR,1.14,,,,1.139999986,11,0,8,0,-5,3,5,Transition,1.159999967,0.928999994,-5.971660083,1.068045877,1.023904928,1.016635778,1.047912046,-1.219873418,37.34939863,18.75000116,-24.50331173,7.055537766,11.6944634,0.001542437,0.00138655,0.001477922,22.98482757,11.76470657,10.67961334,1.299999952,1.299999952,1.299999952,1.74000001,-12.30769019,34.4827598,FALSE,FALSE,FALSE,0.104407161,9.158523051,54216,60448.32,11,13,-2,FALSE,-1.724136336,0.316789985,2,TRUE
PSBD,10.55,5,Avoid,Avoid,Wait - Last Hour Bearish,below EMA200 | weekly Stage 4 | not outperforming SPY,REGULAR,10.55,,,,10.55000019,11,0,0,0,11,10,-10,Stage 4,10.71000004,11.08566662,-4.028511265,10.72540941,10.74966086,11.24702159,11.56830889,-4.246639463,6.889567508,-13.3114205,-27.64060188,7.055537766,-20.36695827,0.01427431,0.014678548,0.016717295,-7.433343052,-1.401865619,-2.042713627,10.96000004,11.35999966,11.88500023,14.68999958,-3.740874507,28.18243368,TRUE,FALSE,TRUE,0.202428477,1.918753303,114082,121237.64,6,4,2,FALSE,-1.493929476,-0.565499226,2,TRUE
SMSI,2.77,5,Avoid,Avoid,Wait - Last Hour Bearish,below EMA200 | weekly Transition | not outperforming SPY,REGULAR,2.77,,,,2.769999981,11,0,0,0,6,0,5,Transition,2.809999943,3.305666669,2.98027012,3.242081653,3.541441441,3.571503393,3.750993082,-0.113426532,-24.10959155,-2.807014961,-41.0638278,7.055537766,-9.862552727,0.003747852,0.005167689,0.004890737,-25.92344458,-8.881578431,-3.819448929,4.550000191,4.650000095,4.650000095,6.5,-39.12088209,57.38461568,FALSE,FALSE,TRUE,0.386964304,13.96983057,41420,187364.4,7,6,1,FALSE,-1.423486216,1.465200058,1,TRUE
PRSO,0.835,5,Avoid,Avoid,Wait - Last Hour Bearish,below EMA200 | weekly Stage 4 | not outperforming SPY,REGULAR,0.835,,,,0.834999979,8,0,0,0,11,7,-10,Stage 4,0.779999971,1.028999996,-8.206957912,0.911505233,0.971413224,1.022184156,1.06464111,-4.926148317,-13.02083362,-13.91753052,-30.41667122,7.055537766,-20.97306829,0.001129768,0.001340333,0.001567634,-19.92800926,-7.222222149,-10.21505676,1.159999967,1.590000033,2.160000086,2.369999886,-28.01724116,64.76793169,FALSE,FALSE,TRUE,0.054607144,6.539777943,399813,1685288.26,2,0,2,FALSE,7.051283227,0.602409076,2,TRUE
WGS,68.13,5,Avoid,Avoid,Wait - Last Hour Bearish,below EMA200 | weekly Stage 4 | not outperforming SPY,REGULAR,68.13,,,,68.12999725,8,0,0,0,15,3,-10,Stage 4,69.81999969,84.4856664,-23.28969043,59.50160846,59.0580269,76.61811442,80.97858575,-17.24141982,19.33788242,-49.937542,-23.9535662,7.055537766,-56.99307977,0.092180918,0.0748025,0.142534128,-1.131668684,22.93395797,13.70160103,71.34999847,73.45999908,97.30000305,170.8699951,-4.512966068,60.12758284,TRUE,TRUE,FALSE,4.915714536,7.215198495,392853,1472797.06,10,5,5,FALSE,-2.42051339,-0.292703896,2,TRUE
AZTA,25.38,5,Avoid,Avoid,Wait - Last Hour Bearish,below EMA200 | weekly Stage 4 | not outperforming SPY,REGULAR,25.38,,,,25.37999916,7,0,0,0,10,7,-10,Stage 4,25.5,27.40899982,-9.927703087,23.15500789,22.81774707,25.93208333,27.3723736,-10.8352951,27.53768667,-26.45609854,-17.51706603,7.055537766,-33.5116363,0.034339523,0.030299089,0.04142781,-0.92652441,13.96496919,12.35059314,25.84000015,27.68000031,32.16999817,41.72999954,-1.780189586,39.18044707,FALSE,FALSE,FALSE,1.051428522,4.142744512,155487,1181359.74,9,6,3,FALSE,-0.470591526,0.1380937,2,TRUE
RDDT,172.5,5,Avoid,Avoid,Wait - Last Hour Bearish,weekly Stage 4 | not outperforming SPY | distribution cluster,REGULAR,172.5,,,,172.5,7,0,0,0,10,7,-10,Stage 4,166.9400024,173.7783335,-7.477607145,167.6394537,163.8249792,168.6218348,169.2306593,-2.054230155,41.57912441,-23.62187499,19.83327798,7.055537766,-30.67741275,0.233395113,0.221854212,0.269542943,0.808871331,1.208635021,6.415788714,187.3399963,187.3399963,187.3399963,282.9500122,-7.921424484,39.03516785,FALSE,FALSE,FALSE,11.64913613,6.753122397,1443944,5054710.88,13,8,5,FALSE,3.330536407,-0.998625711,2,TRUE
MTC,2.4077,5,Avoid,Avoid,Wait - Last Hour Bearish,below EMA200 | weekly Transition | not outperforming SPY | distribution cluster | excess volatility,REGULAR,2.4077,,,,2.407700062,5,10,0,0,-5,-5,5,Transition,2.390000105,4.472333336,35.71168536,3.355642526,4.402297372,4.257618139,3.988674088,17.85508835,-61.35312914,-29.18529429,127.1415275,7.055537766,-36.24083205,0.003257655,0.007021729,0.005192123,-61.96729141,-16.10800844,-16.97586267,6.808000088,9.095000267,9.095000267,9.095000267,-64.63425337,73.52721285,TRUE,FALSE,TRUE,0.432500022,17.96320184,22343,99738.86,12,15,-3,FALSE,0.740583938,-0.917695652,2,TRUE
STKE,1.199,5,Avoid,Avoid,Wait - Last Hour Bearish,below EMA200 | weekly Stage 4 | not outperforming SPY,REGULAR,1.199,,,,1.199000001,5,0,0,0,15,0,-10,Stage 4,1.120000005,1.543699998,-29.37812642,1.234876664,1.3540003,2.321004509,3.046624029,-25.64938073,14.19048147,-33.0167583,-91.18382377,7.055537766,-40.07229606,0.001622265,0.001963574,0.003257207,-1.019256307,1.610174089,-5.590549688,1.519999981,2.470000029,2.470000029,15.60000038,-21.11842,92.31410275,FALSE,FALSE,TRUE,0.125642857,10.47897058,116648,252936.96,10,5,5,FALSE,7.053571058,1.601562358,1,TRUE
AIMD,1.7407,5,Avoid,Avoid,Wait - Last Hour Bearish,below EMA200 | weekly Stage 4 | not outperforming SPY,REGULAR,1.7407,,,,1.740700006,4,0,0,0,11,3,-10,Stage 4,1.730000019,1.779466677,-18.87423214,1.896037558,1.879628632,2.005042796,2.154912232,-6.92377232,25.23021758,-12.17457052,-27.77178654,7.055537766,-19.23010828,0.002355193,0.002581353,0.00323099,-0.449095087,-6.413978866,-8.863872413,2.450000048,3.880000114,3.880000114,4.5,-28.95102153,61.31777763,TRUE,FALSE,TRUE,0.163928551,9.41739247,3950,435255,5,4,1,FALSE,0.618496375,0.618496375,2,TRUE
BLIV,2.37,5,Avoid,Avoid,Wait - Last Hour Bearish,below EMA200 | weekly Stage 4 | not outperforming SPY,REGULAR,2.37,,,,2.369999886,4,0,0,0,11,3,-10,Stage 4,2.25,2.869333347,-12.20447505,2.351775775,2.424089568,2.769664477,2.891871862,-10.00733995,-11.56717065,-35.42234779,-34.1666681,7.055537766,-42.47788555,0.003206646,0.003271951,0.004478761,-6.211962089,0.851063053,-0.836829225,2.680000067,2.680000067,3.400000095,4.324999809,-11.56717065,45.20231237,FALSE,FALSE,FALSE,0.167857136,7.082579922,8871,1353.42,6,5,1,FALSE,5.333328247,0.851063053,1,TRUE
RZLV,2.575,5,Avoid,Avoid,Wait - Last Hour Bearish,below EMA200 | weekly Stage 4 | not outperforming SPY,REGULAR,2.575,,,,2.575000048,4,0,0,0,11,3,-10,Stage 4,2.410000086,2.720333346,-18.57727153,2.580312191,2.603658833,2.8375799,2.981222802,-7.854469932,7.74058304,-11.51202846,-12.7118642,7.055537766,-18.56756623,0.003484014,0.003525042,0.004859871,-10.12525042,-3.558053404,-3.917911062,3.095000029,3.099999905,3.285000086,8.449999809,-16.80129164,69.52662597,FALSE,FALSE,TRUE,0.181071452,7.031900908,6991995,14932575.9,6,5,1,FALSE,6.846471202,0.585941611,1,TRUE
CLBT,13.99,5,Avoid,Avoid,Wait - Last Hour Bearish,below EMA200 | weekly Stage 4 | not outperforming SPY | distribution cluster,REGULAR,13.99,,,,13.98999977,3,0,0,0,6,7,-10,Stage 4,13.76000023,14.76266664,-9.044606925,13.1884616,13.35727812,14.4513318,14.86128427,-6.540406405,8.030887855,-25.34685196,-14.2244008,7.055537766,-32.40238973,0.018928682,0.018032013,0.022709281,4.49644503,12.64089924,8.956383215,16.11000061,16.11000061,16.11000061,19.97999954,-13.15953295,29.97997952,FALSE,FALSE,FALSE,0.602142675,4.304093527,915298,2171313.96,9,8,1,FALSE,1.671508273,-0.709725908,2,TRUE
CMRC,3.02,5,Avoid,Avoid,Wait - Last Hour Bearish,below EMA200 | weekly Stage 4 | not outperforming SPY,REGULAR,3.02,,,,3.019999981,3,0,0,0,6,7,-10,Stage 4,2.910000086,3.185333347,-15.77648476,2.818856661,2.864035851,3.286595449,3.5407889,-10.58541046,22.26720429,-29.76744542,-38.49287017,7.055537766,-36.82298319,0.004086106,0.00395657,0.005306491,1.668684131,14.82889162,11.85184917,3.329999924,3.829999924,3.829999924,5.545000076,-9.309307804,45.53652048,FALSE,FALSE,FALSE,0.153928552,5.096971964,293509,776108.18,8,7,1,FALSE,3.780065012,0.666666031,2,TRUE
SQNS,3.453,5,Avoid,Avoid,Wait - Last Hour Bearish,below EMA200 | weekly Stage 4 | not outperforming SPY,REGULAR,3.453,,,,3.453000069,3,0,0,0,10,3,-10,Stage 4,3.359999895,3.84800001,-24.51448418,3.345247889,3.443503107,4.939615312,6.301851294,-22.27344518,35.94488663,-27.61006116,-74.03759384,7.055537766,-34.66559893,0.004671961,0.004778824,0.007296539,25.5987906,17.05084789,12.84314161,4.440000057,4.599999905,4.599999905,58.29999924,-22.22972919,94.07718677,FALSE,FALSE,FALSE,0.266428607,7.715858719,63844,247920.88,10,7,3,FALSE,2.767862395,0.964912036,2,TRUE
TTGT,3.93,5,Avoid,Avoid,Wait - Last Hour Bearish,below EMA200 | weekly Stage 4 | not outperforming SPY | distribution cluster,REGULAR,3.93,,,,3.930000067,3,0,0,0,6,7,-10,Stage 4,3.75999999,4.710666625,-4.603752588,3.921661151,4.29502121,5.008222953,5.70418911,-11.07192212,5.645162272,-24.2774562,-44.33427622,7.055537766,-31.33299396,0.00531735,0.006427092,0.007210856,-11.5883514,9.776540517,8.563541188,4.889999866,6.699999809,6.699999809,9,-19.63189828,56.33333259,FALSE,FALSE,FALSE,0.185000045,4.707380199,289211,561330.22,10,8,2,FALSE,4.521278636,-0.757575028,2,TRUE
RGTI,19.175,5,Avoid,Avoid,Wait - Last Hour Bearish,below EMA200 | weekly Stage 4 | not outperforming SPY | distribution cluster,REGULAR,19.175,,,,19.18199921,1,5,0,0,6,0,-10,Stage 4,18.36000061,19.90300013,-19.95146833,20.57545538,20.17954621,20.15344188,19.88996911,1.549322891,44.00900635,-21.73807006,72.65526372,7.055537766,-28.79360783,0.025953535,0.027417198,0.03471729,-6.372461354,-10.2806363,-8.570068517,28.05999947,28.05999947,28.05999947,58.15000153,-31.63934579,67.01289991,FALSE,FALSE,TRUE,2.073221752,10.80816306,18622704,43837538.08,10,9,1,FALSE,4.477116388,3.479905385,1,TRUE
FUSE,1.04,5,Avoid,Avoid,Wait - Last Hour Bearish,below EMA200 | weekly Stage 4 | not outperforming SPY,REGULAR,1.04,,,,1.039999962,1,0,0,0,11,0,-10,Stage 4,1.090000033,1.559799997,-54.17025785,1.163634879,1.317689229,2.596988158,3.450244277,-27.96235447,-11.86440609,-46.39175612,-91.31161288,7.055537766,-53.44729389,0.001407136,0.001939656,0.005151031,-43.90165895,3.48258376,-12.60504942,1.414999962,2.25999999,2.25999999,25,-26.5017675,95.84000015,FALSE,FALSE,TRUE,0.109000002,10.48076977,69577,150703.54,1,0,1,FALSE,-4.587162385,0.970872887,1,TRUE
GGRP,0.77,5,Avoid,Avoid,Wait - Last Hour Bearish,below EMA200 | weekly Stage 4 | not outperforming SPY,REGULAR,0.77,,,,0.769999981,1,0,0,0,11,0,-10,Stage 4,0.758000016,0.767333335,-24.0314175,0.779726538,0.732534914,0.824316236,0.891242672,-11.77038683,44.73683709,-7.228916095,-42.10526646,7.055537766,-14.28445386,0.001041822,0.000941922,0.001405248,16.21693668,-8.875744987,-4.938274239,0.930000007,0.939999998,0.957000017,1.850000024,-17.20430376,58.37837995,FALSE,TRUE,TRUE,0.092278574,11.98423071,37461,372307.22,7,5,2,FALSE,1.583108767,1.824909428,2,TRUE
RMSG,0.4711,5,Avoid,Avoid,Wait - Last Hour Bearish,below EMA200 | weekly Stage 4 | not outperforming SPY,REGULAR,0.4711,,,,0.471100003,1,0,0,0,11,0,-10,Stage 4,0.465999991,1.102433333,-23.38182855,0.693204181,0.925595198,1.324419518,1.693269625,-18.13557734,-25.22222126,-66.34999925,-81.59765574,7.055537766,-73.40553701,0.000637405,0.001626392,0.002100094,-82.46110231,-12.27188043,-22.51644446,3.900000095,3.900000095,3.900000095,5.460000038,-87.92051305,91.37179489,TRUE,FALSE,TRUE,0.069849991,14.82699873,141917,6543198.34,3,1,2,FALSE,1.09442316,-2.443568293,1,TRUE
ORCL,148.91,5,Avoid,Avoid,Wait - Last Hour Bearish,below EMA200 | weekly Stage 4 | not outperforming SPY | distribution cluster,REGULAR,148.91,,,,148.9299927,0,5,0,0,-5,3,-10,Stage 4,148.5299988,175.3483337,-11.44888169,179.05441,183.0667399,185.8787967,188.0127301,0.1906746,6.637540291,-24.58859257,-30.0206806,7.055537766,-31.64413034,0.201504536,0.256151884,0.293841397,-20.72015813,-14.93117813,-19.11693438,250.25,250.25,250.25,345.7200012,-40.48751541,56.92178869,FALSE,TRUE,TRUE,11.38857269,7.646930271,20776663,26772245.26,6,12,-6,FALSE,0.269301757,0.30310988,2,TRUE
VNET,7.46,5,Avoid,Avoid,Wait - Last Hour Bearish,below EMA200 | weekly Stage 4 | not outperforming SPY | distribution cluster,REGULAR,7.46,,,,7.460000038,0,5,0,0,0,3,-10,Stage 4,7.650000095,9.603333298,-1.426762795,8.708162312,9.137538153,9.326044065,9.16688833,0.245612904,-11.71597389,-13.05361184,26.22673825,7.055537766,-20.1091496,0.010093493,0.012536302,0.01401739,-23.60086621,-12.74853951,-15.89627808,11.64000034,12.02000046,14.47999954,14.47999954,-35.91065448,48.48066109,FALSE,TRUE,TRUE,0.530357122,7.109344768,1969853,8094145.06,8,8,0,FALSE,-2.483660848,0.471378404,2,TRUE
ARBB,4.68,5,Avoid,Avoid,Wait - Last Hour Bearish,below EMA200 | weekly Stage 4 | not outperforming SPY,REGULAR,4.68,,,,4.679999828,0,0,0,0,5,3,-10,Stage 4,4.75,5.19356668,-9.202321878,4.975246653,4.940063752,5.222443643,5.505179576,-6.258052529,8.837200483,-21.73913355,-32.08532915,7.055537766,-28.79467132,0.006332111,0.006684205,0.008041943,8.101908574,-4.255322885,-16.12903419,5.980000019,6.300000191,6.300000191,13.89000034,-21.73913355,66.30669753,FALSE,TRUE,TRUE,0.355571406,7.597679899,1096,48667.92,2,4,-2,FALSE,-1.473687824,-1.473687824,1,TRUE
CHR,1.89,5,Avoid,Avoid,Wait - Last Hour Bearish,below EMA200 | weekly Stage 4 | not outperforming SPY | distribution cluster,REGULAR,1.89,,,,1.889999986,0,0,0,0,10,0,-10,Stage 4,1.940000057,3.173333359,-70.44763131,2.002955817,2.226861571,21.31832243,41.08193088,-38.19464663,-23.17073348,-58.27814794,-99.14285715,7.055537766,-65.33368571,0.002557199,0.002619912,0.020165181,12.84804194,-4.060915825,-1.562498545,2.950000048,2.950000048,4.860000134,313.5,-35.93220491,99.39712919,FALSE,FALSE,TRUE,0.248571421,13.15192716,15329,203260.58,14,9,5,FALSE,-2.577323198,0.799999237,1,TRUE
CSAI,0.335,5,Avoid,Avoid,Wait - Last Hour Bearish,below EMA200 | weekly Stage 4 | not outperforming SPY | distribution cluster | excess volatility,REGULAR,0.335,,,,0.335000008,0,0,0,0,-5,-5,-10,Stage 4,0.317000002,0.681066667,-30.24002204,0.358633519,0.449443373,1.080154319,1.934825004,-33.12386152,-49.47209433,-67.47572644,-82.36842039,7.055537766,-74.53126421,0.00045326,0.000644516,0.001293087,-49.11448656,6.349209803,-1.759525666,0.50999999,0.667999983,0.848999977,2.440000057,-34.31372263,86.27049178,TRUE,FALSE,TRUE,0.055942853,16.69935856,1079369,567785.38,10,13,-3,FALSE,5.678235514,4.004965635,1,TRUE
GRML,0.2536,5,Avoid,Avoid,Wait - Last Hour Bearish,below EMA200 | weekly Stage 4 | not outperforming SPY | distribution cluster | excess volatility,REGULAR,0.2536,,,,0.253600001,0,0,0,0,-5,-5,-10,Stage 4,0.256000012,0.365199999,-11.0425462,0.292886639,0.338010932,0.406921459,0.476891685,-13.46702001,-14.03389403,-30.32966855,-77.55752191,7.055537766,-37.38520631,0.000343125,0.00050849,0.000596106,-40.99097254,-14.61279156,-13.44710225,0.372999996,0.550000012,0.74000001,1.649999976,-32.01072276,84.63030273,TRUE,FALSE,TRUE,0.03856428,15.20673481,1662208,3496172.16,7,10,-3,FALSE,-0.937504184,4.88006876,1,TRUE
HUBC,1.3883,5,Avoid,Avoid,Wait - Last Hour Bearish,below EMA200 | weekly Stage 4 | not outperforming SPY | distribution cluster | excess volatility,REGULAR,1.3883,,,,1.388299942,0,0,0,0,-5,-5,-10,Stage 4,1.419999957,2201.407,-76.69005231,4.723918033,224.0771118,6678.950068,15885.50926,-39.33032386,-98.94022905,-99.97626838,-99.99557161,7.055537766,-107.0318061,0.001878391,0.018611828,12.69856216,-99.27978597,-17.36309611,17.65254269,19.29999924,354,2800,66450,-92.80673577,99.99791076,FALSE,TRUE,TRUE,0.414142881,29.830937,426062,5514958.58,9,26,-17,FALSE,-2.232395495,0.96726851,2,TRUE
IBEX,30.13,5,Avoid,Avoid,Wait - Last Hour Bearish,below EMA200 | weekly Stage 4 | not outperforming SPY | distribution cluster,REGULAR,30.13,,,,30.12999916,0,0,0,0,0,10,-10,Stage 4,30.07999992,32.18399995,-6.302948177,30.27500607,30.26629191,31.07582301,31.02485142,-1.642732227,14.12878635,-22.64441959,4.545452741,7.055537766,-29.69995735,0.040766345,0.040998744,0.048782318,-3.004025457,2.204883408,-2.55498355,32.36999893,33.58499908,39.97999954,42.99000168,-6.919987164,29.91393816,FALSE,FALSE,TRUE,1.017285619,3.376321433,36599,119641.98,4,8,-4,FALSE,0.166220868,-0.099471773,2,TRUE
IQST,1.31,5,Avoid,Avoid,Wait - Last Hour Bearish,below EMA200 | weekly Stage 4 | not outperforming SPY | distribution cluster,REGULAR,1.31,,,,1.309999943,0,0,0,0,0,0,-10,Stage 4,1.409999967,2.078053484,-39.64702322,1.255917758,1.363523395,2.594493448,3.441171787,-28.86060478,-12.66667048,-56.04027066,-86.59688198,7.055537766,-63.09580842,0.00177245,0.001779753,0.004505289,-24.62684419,3.149603343,19.09090131,1.710000038,2.190000057,2.526000023,10.67846584,-23.39181792,87.73232071,TRUE,TRUE,FALSE,0.186928579,14.26935778,1137571,3212733.42,6,9,-3,FALSE,-7.09220044,6.504058737,1,TRUE
KUST,1.3211,5,Avoid,Avoid,Wait - Last Hour Bearish,below EMA200 | weekly Stage 4 | not outperforming SPY | distribution cluster | excess volatility,REGULAR,1.3211,,,,1.321099997,0,0,0,0,-5,-5,-10,Stage 4,0.949999988,6.434666735,-53.96685341,1.741740265,2.710143167,322.0566178,1231.22576,-39.29621098,-48.19215603,-88.25688892,-96.1371346,7.055537766,-95.31242669,0.001787468,0.003770617,0.018075515,-67.84115561,-4.26811586,-21.36309299,3.289999962,4.550000191,8.350000381,37.20000076,-59.84498444,96.448656,FALSE,FALSE,TRUE,0.326428562,24.70884591,28114436,2559734.32,7,12,-5,FALSE,39.06315928,17.43111081,1,TRUE
LGCL,0.8102,5,Avoid,Avoid,Wait - Last Hour Bearish,below EMA200 | weekly Stage 4 | not outperforming SPY | distribution cluster | excess volatility,REGULAR,0.8102,,,,0.810199976,0,0,0,0,-5,-5,-10,Stage 4,0.74000001,1.880866659,-23.8063082,1.543308614,1.720350373,3.810617784,6.210444751,-31.6981182,-48.7215219,-63.00456827,-98.25387942,7.055537766,-70.06010604,0.001096213,0.002431302,0.003660948,-60.14669992,-49.67702057,-54.98888903,2.25999999,2.279999971,2.279999971,50.79999924,-64.15044339,98.40511813,FALSE,TRUE,TRUE,0.347642869,42.90827932,31023333,749752.66,12,13,-1,FALSE,9.486481828,1.287658545,2,TRUE
LHSW,1.6599,5,Avoid,Avoid,Wait - Last Hour Bearish,below EMA200 | weekly Stage 4 | not outperforming SPY | excess volatility,REGULAR,1.6599,,,,1.65989995,0,0,0,0,0,-5,-10,Stage 4,1.470000029,5.777533325,-61.11953559,2.232482658,2.929327563,9.236743952,13.35343702,-33.58859275,-37.50376456,-83.24010599,-94.67980798,7.055537766,-90.29564376,0.00224587,0.004142862,0.019730007,-48.96901251,-20.5789465,-30.83750483,3.983999968,4.863999844,12,50.24000168,-58.33584429,96.69605913,FALSE,FALSE,TRUE,0.37035002,22.31158693,374133,288777.44,4,6,-2,FALSE,12.91836175,10.65999667,1,TRUE
MLGO,4.275,5,Avoid,Avoid,Wait - Last Hour Bearish,below EMA200 | weekly Stage 4 | not outperforming SPY,REGULAR,4.275,,,,4.275000095,0,0,0,0,5,3,-10,Stage 4,4.239999771,4.643000031,-22.44000281,4.680427348,4.631126187,17.95110861,71.19138555,-37.74475179,34.01253977,-30.37458977,-75.88832371,7.055537766,-37.43012753,0.00578414,0.0062703,0.008639527,0.957697722,-8.458243565,-12.57668278,6.5,6.869999886,6.869999886,26.39999962,-34.23076776,83.80681759,TRUE,FALSE,TRUE,0.417499985,9.766081303,9866,548207.32,3,4,-1,FALSE,0.82547939,0.352109523,1,TRUE
MNDO,1.0301,5,Avoid,Avoid,Wait - Last Hour Bearish,below EMA200 | weekly Stage 4 | not outperforming SPY | distribution cluster,REGULAR,1.0301,,,,1.030099988,0,0,0,0,0,7,-10,Stage 4,1.019999981,1.112333335,-3.805131465,0.975969804,0.997570678,1.097583413,1.147356919,-8.576919523,-11.95726275,-10.42608614,-21.96212522,7.055537766,-17.48162391,0.001393741,0.001342554,0.001621172,-9.450726579,8.431579043,7.30208448,1.059999943,1.110000014,1.289999962,1.519999981,-2.820750605,32.2302631,FALSE,FALSE,FALSE,0.045714259,4.43784678,54343,49736.86,8,9,-1,FALSE,0.990196789,3.009998798,1,TRUE
PEGA,30.44,5,Avoid,Avoid,Wait - Last Hour Bearish,below EMA200 | weekly Stage 4 | not outperforming SPY | distribution cluster,REGULAR,30.44,,,,30.44000053,0,0,0,0,0,7,-10,Stage 4,30.78000069,43.9039999,-15.12034798,31.87627072,34.71604988,41.62853291,43.22813013,-11.89579454,-24.48524064,-51.00595524,-41.68582358,7.055537766,-58.061493,0.041185782,0.047104174,0.06994056,-33.22916976,3.607901306,-7.081800691,38.13999939,44.90999985,48.38999939,68.09999847,-20.18877551,55.30102611,FALSE,FALSE,TRUE,1.522142547,5.000468199,673738,2257370.76,3,9,-6,FALSE,-1.104613856,-0.36006123,2,TRUE
PI,132.21,5,Avoid,Avoid,Wait - Last Hour Bearish,below EMA200 | weekly Stage 4 | not outperforming SPY | distribution cluster,REGULAR,132.21,,,,132.2100067,0,0,0,0,0,7,-10,Stage 4,132.5299988,135.4255002,-9.794611385,132.4062281,132.2588972,136.3111284,138.2162813,-1.072278129,33.8835511,-25.58257121,21.88624064,7.055537766,-32.63810898,0.178882141,0.184800856,0.218199904,13.64943479,0.471168321,-0.421780177,152.8399963,163.3999939,163.3999939,247.0639954,-13.49776899,46.48754606,TRUE,FALSE,TRUE,7.391421727,5.590667386,131859,511557.18,9,9,0,FALSE,-0.24144878,0.197051741,2,TRUE
QTWO,47.235,5,Avoid,Avoid,Wait - Last Hour Bearish,below EMA200 | weekly Stage 4 | not outperforming SPY,REGULAR,47.235,,,,47.23500061,0,0,0,0,0,7,-10,Stage 4,47.90999985,55.04599927,-11.15546642,45.25146482,46.8370528,54.44588881,57.68140958,-10.76644462,3.996042524,-36.40952964,-50.13723326,7.055537766,-43.4650674,0.063909671,0.064413961,0.086060521,-12.09006144,12.22380717,7.62132893,52.65999985,54.59999847,58.93999863,95.16999817,-10.30193554,50.36776135,FALSE,FALSE,FALSE,2.170714787,4.595564219,357534,890702.68,6,7,-1,FALSE,-1.408890084,0.607028419,2,TRUE
QUBT,9.905,5,Avoid,Avoid,Wait - Last Hour Bearish,below EMA200 | weekly Stage 4 | not outperforming SPY | distribution cluster,REGULAR,9.905,,,,9.904999733,0,0,0,0,1,3,-10,Stage 4,9.180000305,9.70600009,-16.45722089,10.15275783,10.01425949,10.37126164,10.5731658,-1.866761717,48.72372312,-13.26620257,-41.00655633,7.055537766,-20.32174033,0.013401615,0.013893536,0.016933784,-0.387955564,-6.024670125,-0.251768091,13,14.44999981,14.44999981,25.84000015,-23.80769436,61.66795792,FALSE,FALSE,TRUE,0.978921482,9.883104573,9440281,22632963.62,13,12,1,FALSE,7.89759699,5.709710288,1,TRUE
RSSS,2.255,5,Avoid,Avoid,Wait - Last Hour Bearish,below EMA200 | weekly Stage 4 | not outperforming SPY | distribution cluster,REGULAR,2.255,,,,2.255000114,0,0,0,0,0,10,-10,Stage 4,2.289999962,2.549333342,-10.80009301,2.2653642,2.324620989,2.530058596,2.603761339,-6.008614625,-4.042544428,-20.87718632,-20.59858512,7.055537766,-27.93272409,0.003051049,0.003220194,0.004015318,-11.90127094,2.50000298,-3.21887604,2.390000105,2.75,2.789999962,4.119999886,-5.648534918,45.26698599,TRUE,FALSE,TRUE,0.082857081,3.674371471,12715,77610.3,4,9,-5,FALSE,-1.528377642,-0.221233453,2,TRUE
SAIL,13.84,5,Avoid,Avoid,Wait - Last Hour Bearish,below EMA200 | weekly Stage 4 | not outperforming SPY | distribution cluster,REGULAR,13.84,,,,13.84000015,0,0,0,0,1,3,-10,Stage 4,13.18000031,15.54499998,-12.42253579,14.16969089,14.28237715,15.53080835,16.22306757,-7.816122103,17.58708253,-34.31418912,-41.38077173,7.055537766,-41.36972688,0.01872573,0.018953568,0.02490241,12.39602696,9.580364427,-5.335155534,20.14699936,20.14699936,20.14699936,24,-31.30490598,42.3333327,FALSE,FALSE,TRUE,1.037000179,7.492775779,2034523,4219014.46,12,10,2,FALSE,5.00758598,1.132624978,1,TRUE
SAP,155.5,5,Avoid,Avoid,Wait - Last Hour Bearish,below EMA200 | weekly Stage 4 | not outperforming SPY | distribution cluster,REGULAR,155.5,,,,155.5,0,0,0,0,-5,10,-10,Stage 4,155.0899963,196.6333323,-12.87639368,162.6689851,170.6354659,195.9234302,205.4232498,-9.963016772,-5.194490947,-36.68566933,-47.38622689,7.055537766,-43.74120709,0.210393855,0.232752385,0.312912915,-16.78882608,4.006424796,-5.286876028,196.3899994,196.3899994,212.9799957,313.2799988,-20.82081548,50.36389153,FALSE,FALSE,TRUE,5.651430402,3.634360387,1454998,3424593.96,8,10,-2,FALSE,0.264364996,-0.658020052,2,TRUE
SBET,4.875,5,Avoid,Avoid,Wait - Last Hour Bearish,below EMA200 | weekly Stage 4 | not outperforming SPY | distribution cluster,REGULAR,4.875,,,,4.875,0,0,0,0,-5,3,-10,Stage 4,4.809999943,7.587666702,-24.20418237,5.355183077,6.057696479,8.06954465,8.850117562,-16.16443624,-19.28807896,-47.01086847,-51.6369044,7.055537766,-54.06640623,0.006595949,0.008662954,0.013918803,-40.205253,-8.192089406,-11.52450458,6.320000172,8.090000153,8.409999847,40.45999908,-22.86392615,87.95106251,FALSE,FALSE,TRUE,0.374992779,7.692159576,5969243,8565062.86,12,15,-3,FALSE,1.351352557,4.278070612,1,TRUE
SNAP,4.39,5,Avoid,Avoid,Wait - Last Hour Bearish,below EMA200 | weekly Stage 4 | not outperforming SPY,REGULAR,4.39,,,,4.389999866,0,0,0,0,0,3,-10,Stage 4,4.409999847,5.938333344,-12.33638427,4.988064356,5.315180311,6.026753926,6.405850594,-8.34505031,11.70482931,-44.07643414,-46.06879998,7.055537766,-51.13197191,0.005939736,0.007576476,0.00953798,-30.76951444,-5.18359054,-16.53993012,6.190000057,6.355000019,6.355000019,10.40999985,-29.07916275,57.82901123,FALSE,FALSE,TRUE,0.327857188,7.468273298,43144500,45369718,2,7,-5,FALSE,-0.453514322,-0.790967746,3,TRUE
SOUN,6.335,5,Avoid,Avoid,Wait - Last Hour Bearish,below EMA200 | weekly Stage 4 | not outperforming SPY | distribution cluster,REGULAR,6.335,,,,6.335000038,0,0,0,0,-5,3,-10,Stage 4,6.409999847,8.665000057,-22.46547606,7.052097534,7.583380813,8.892234428,9.316377683,-9.210956176,7.372880267,-41.88073156,-36.13911301,7.055537766,-48.93626933,0.008571351,0.010821567,0.015625898,-21.89384339,-7.921512605,-8.188406513,9.520000458,10.04500008,10.04500008,22.17000008,-33.45588515,71.4253495,FALSE,FALSE,TRUE,0.457857132,7.22742114,17062244,29110002.88,11,12,-1,FALSE,-1.170043854,1.930810662,1,TRUE
TCX,13.835,5,Avoid,Avoid,Wait - Last Hour Bearish,below EMA200 | weekly Stage 4 | not outperforming SPY | distribution cluster,REGULAR,13.835,,,,13.83500004,0,0,0,0,0,7,-10,Stage 4,13.93999958,18.17099997,-8.01046257,13.73484103,14.6769453,16.87647851,17.38568247,-9.346849694,-13.85429329,-38.29170388,-28.8688972,7.055537766,-45.34724164,0.018718965,0.02014237,0.026809083,-22.55690509,5.449696333,3.555392168,15.19999981,18.20000076,23.5,25.17000008,-8.980261765,45.03377038,FALSE,FALSE,FALSE,0.584642887,4.225824977,16539,27444.78,4,8,-4,FALSE,-0.753224859,-0.753224859,2,TRUE
WRD,5.615,5,Avoid,Avoid,Wait - Last Hour Bearish,below EMA200 | weekly Stage 4 | not outperforming SPY,REGULAR,5.615,,,,5.614999771,0,0,0,0,0,7,-10,Stage 4,5.5,7.65150005,-9.26537143,6.257455055,6.830500787,7.738518056,8.199100988,-8.491878457,-19.266717,-36.40996807,-31.93939671,7.055537766,-43.46550583,0.00759718,0.009708156,0.012055135,-33.69854539,-6.882262425,-8.995142598,8,8.409999847,8.409999847,12.55000019,-29.81250286,55.25896665,FALSE,FALSE,TRUE,0.32107142,5.71810211,2104711,2785270.22,4,6,-2,FALSE,2.090904929,2.650822422,1,TRUE
XBP,2.45,5,Avoid,Avoid,Wait - Last Hour Bearish,below EMA200 | weekly Stage 4 | not outperforming SPY,REGULAR,2.45,,,,2.450000048,0,0,0,0,6,3,-10,Stage 4,2.529999971,4.94786667,-20.45656676,2.397118522,2.79898705,4.576269387,5.473718183,-25.87416696,-44.44444144,-61.11111153,-73.65591401,7.055537766,-68.1666493,0.003314887,0.003484266,0.008081995,-24.23701324,11.36363612,0,2.720000029,3.400000095,8.340000153,25.60000038,-9.926469783,90.42968746,TRUE,FALSE,FALSE,0.206214258,8.416908312,4715,15194.3,7,6,1,FALSE,-3.162052356,1.323410466,1,TRUE
BRUN,34.19,5,Avoid,Avoid,Wait - Intraday Selling,distribution cluster,REGULAR,34.19,,,,34.18999863,79,30,25,4,5,0,15,Stage 2,34.22999954,16.85433331,41.4017401,32.90979659,27.52169456,19.30601905,17.60244583,55.97519009,218.3426383,168.367341,234.311116,7.055537766,161.3118032,0.046259586,0.035619883,0.021995476,137.7912143,-1.498128699,10.57567446,42,42,42,42,-18.59524136,18.59524136,FALSE,FALSE,FALSE,4.092071124,11.96862032,707211,1635776.22,23,15,8,FALSE,-0.116859235,-1.127828756,2,TRUE
DUOT,11.78,5,Avoid,Avoid,Wait - Intraday Selling,distribution cluster,REGULAR,11.78,,,,11.77999973,72,30,21,0,6,0,15,Stage 2,11.46000004,9.55266668,7.337354084,11.78196049,10.89816541,9.580900902,9.208496378,13.11091969,68.52646808,21.06886215,55.51155155,7.055537766,14.01332438,0.015938518,0.014448082,0.013424832,33.13596017,-3.915175261,0.856159462,14.65999985,15.27999973,15.27999973,15.27999973,-19.6452943,22.90575956,FALSE,FALSE,TRUE,1.187749726,10.08276531,281186,729497.72,10,8,2,FALSE,2.792318445,-1.505019269,2,TRUE
AMCX,10.1996,5,Avoid,Avoid,Wait - Intraday Selling,not outperforming SPY | distribution cluster,REGULAR,10.1996,,,,10.19960022,68,30,13,8,-5,7,15,Stage 2,10.07999992,8.551666705,5.445951475,9.666093506,9.179591115,8.501375688,8.390478151,6.814320237,56.43558665,5.367767543,62.15580734,7.055537766,-1.687770223,0.013800214,0.012424298,0.012063641,17.65562604,9.086628915,1.186510882,10.64999962,10.64999962,10.64999962,10.64999962,-4.229102488,4.229102488,FALSE,FALSE,FALSE,0.444999967,4.362915778,197169,527909.38,11,11,0,FALSE,1.186510882,-1.166661615,2,FALSE
FSLY,18.25,5,Avoid,Avoid,Wait - Intraday Selling,weekly Transition,REGULAR,18.25,,,,18.23999977,57,22,12,0,11,7,5,Transition,17.11000061,17.52349993,23.39044702,17.96229729,19.47376188,17.83287865,16.6033383,15.3538034,-33.50346494,73.05502692,164.7314967,7.055537766,65.99948915,0.024678996,0.027879421,0.022248519,-30.40086732,6.231797845,-1.671156219,22.04999924,32.77000046,34.81999969,34.81999969,-17.27890974,47.61631266,FALSE,FALSE,FALSE,1.197213922,6.563672902,3224997,8712245.94,4,3,1,FALSE,6.604319816,-1.935487113,2,TRUE
ACIW,49.16,5,Avoid,Avoid,Wait - Intraday Selling,weekly Transition | not outperforming SPY | distribution cluster,REGULAR,49.16,,,,49.15999985,39,0,0,14,10,10,5,Transition,49.25999832,43.49533323,-3.766418878,45.1856552,43.91993394,44.05398423,44.49050326,-0.846781671,23.26980574,0.593412977,8.258092959,7.055537766,-6.462124789,0.066514224,0.059628534,0.065508386,9.042919837,14.53868114,8.664893951,50.22000122,50.22000122,50.22000122,54.27999878,-2.110715547,9.432570094,FALSE,FALSE,FALSE,1.717500414,3.493694914,519010,865382.2,13,8,5,FALSE,-0.203001375,-1.205784756,2,FALSE
AGYS,103,5,Avoid,Avoid,Wait - Intraday Selling,weekly Transition | not outperforming SPY,REGULAR,103,,,,103,39,0,0,12,15,7,5,Transition,102.5800018,88.36566607,-12.06696419,90.17576028,83.65416976,87.13061828,89.77071775,-6.188523237,46.3691857,-14.2381338,-12.85218896,7.055537766,-21.29367156,0.13936056,0.107557405,0.13939164,44.62908723,21.98010069,13.6363644,105.0950012,105.0950012,105.0950012,145.25,-1.99343565,29.08777969,FALSE,FALSE,FALSE,4.781070709,4.641816223,169730,403102.6,8,5,3,FALSE,0.409434745,-1.901490187,2,FALSE
KARO,49.205,5,Avoid,Avoid,Wait - Intraday Selling,not outperforming SPY | distribution cluster,REGULAR,49.205,,,,49.20500183,38,25,0,4,-13,7,15,Stage 2,49.95999908,48.01599998,0.477107769,47.999176,48.09278122,48.04614436,47.81631551,0.655936996,3.52409656,4.24788355,4.027489693,7.055537766,-2.807654216,0.066575113,0.065931068,0.069946397,-7.094087269,2.896282194,4.09350826,51.61999893,54.75999832,54.75999832,60.52999878,-4.678413698,18.70972605,FALSE,FALSE,FALSE,1.976999828,4.017883862,105559,100757.18,9,12,-3,TRUE,-1.511203497,-2.001587874,3,TRUE
DT,44.42,5,Avoid,Avoid,Wait - Intraday Selling,weekly Transition | not outperforming SPY,REGULAR,44.42,,,,44.41999817,36,0,0,6,15,10,5,Transition,43.36999893,39.51266645,-5.932674338,41.40006815,40.20329678,40.78999623,41.78384309,-2.822448776,23.69812965,1.531424386,-19.13344635,7.055537766,-5.52411338,0.06010093,0.053857824,0.060717539,18.38972034,9.787442348,9.006130476,45.68999863,45.68999863,45.68999863,57.54999924,-2.779602749,22.81494569,FALSE,FALSE,FALSE,1.652928489,3.721135877,3330623,6333494.46,6,3,3,FALSE,2.421026661,-2.15859763,3,TRUE
IMMR,6.955,5,Avoid,Avoid,Wait - Intraday Selling,weekly Transition | not outperforming SPY,REGULAR,6.955,,,,6.954999924,32,0,0,10,10,7,5,Transition,7.019999981,6.363999955,-1.699104217,6.606714715,6.445865626,6.474816924,6.586322952,-1.364790209,25.31530963,0.943397075,-9.675323429,7.055537766,-6.112140691,0.00941022,0.008740877,0.009447241,7.362191425,6.18320185,6.345565203,7.110000134,7.110000134,7.110000134,8.149999619,-2.180031039,14.66257363,FALSE,FALSE,FALSE,0.30607152,4.400740808,319689,573607.78,10,6,4,FALSE,-0.925926744,-1.417433126,2,FALSE
DV,10.895,5,Avoid,Avoid,Wait - Intraday Selling,below EMA200 | weekly Transition | not outperforming SPY,REGULAR,10.895,,,,10.89500046,30,0,0,0,15,10,5,Transition,10.81999969,10.40633332,-1.854820847,10.34176174,10.2636572,10.7459435,11.24378314,-5.137503625,17.02470426,-4.008809766,-26.08547743,7.055537766,-11.06434753,0.014741101,0.014059918,0.015469219,-3.514552128,7.128813924,6.813731975,11.18500042,11.54500008,11.54500008,16.81999969,-2.59275772,35.22591763,FALSE,FALSE,FALSE,0.426428522,3.91398352,1922649,3182746.98,8,5,3,FALSE,0.693167884,-1.846846096,2,FALSE
VRSN,251.13,5,Avoid,Avoid,Wait - Intraday Selling,below EMA200 | weekly Transition | not outperforming SPY,REGULAR,251.13,,,,251.1300049,29,10,0,4,0,10,5,Transition,255.6199951,256.1633352,3.35862749,268.2767983,273.1209218,263.9163128,260.9992262,4.928942624,1.474870381,2.189218671,-11.32727924,7.055537766,-4.866319095,0.3397827,0.381533062,0.373200692,-12.94069204,1.388833787,-10.27546831,302.9700012,312.480011,312.480011,312.480011,-17.11060373,19.63325779,FALSE,TRUE,TRUE,8.502854483,3.385837741,335540,855866.8,6,6,0,FALSE,-1.756509788,-1.328038072,3,TRUE
ZM,86.195,5,Avoid,Avoid,Wait - Intraday Selling,below EMA200 | weekly Transition | not outperforming SPY | distribution cluster,REGULAR,86.195,,,,86.19499969,28,10,0,0,6,7,5,Transition,86.48000336,88.9049998,6.104125096,91.38496191,93.40921514,89.41375801,87.81825518,7.098805095,10.91880158,-1.816837002,11.99974106,7.055537766,-8.872374768,0.11662314,0.132141699,0.126118232,-5.595536443,2.199434951,-7.989966467,114.7399979,114.7399979,114.7399979,114.7399979,-24.87798388,24.87798388,FALSE,FALSE,TRUE,3.752285549,4.353252001,1487060,4821229.2,10,9,1,FALSE,-0.329560189,-1.254440611,3,TRUE
MGNI,18.855,5,Avoid,Avoid,Wait - Intraday Selling,weekly Transition | distribution cluster,REGULAR,18.855,,,,18.85499954,27,12,8,0,-5,7,5,Transition,18.72999954,14.17833322,-5.536554739,16.84237732,15.27844428,14.92345327,15.16551707,-1.065233142,61.84549493,14.13437663,-10.08583615,7.055537766,7.078838867,0.0255111,0.019952802,0.022331955,31.23253116,8.051568584,16.03076641,19.52499962,19.52499962,19.52499962,26.64999962,-3.431498537,29.24953166,FALSE,FALSE,FALSE,1.046428408,5.549872359,1520659,2968113.18,12,12,0,FALSE,0.667378553,-2.90937452,3,TRUE
PLUS,80.14,5,Avoid,Avoid,Wait - Intraday Selling,below EMA200 | weekly Transition | not outperforming SPY | distribution cluster,REGULAR,80.14,,,,80.13999939,26,10,0,4,0,7,5,Transition,79.83999634,83.73133265,1.973344751,81.6598279,82.42163875,81.66600326,80.93604883,2.113201476,7.053164222,-10.56801825,9.510794009,7.055537766,-17.62355602,0.108430633,0.113999834,0.118621015,-7.567200544,1.301983025,-3.666309607,87,92.66999817,92.66999817,93.98000336,-7.885058173,14.72654126,FALSE,FALSE,TRUE,3.44499915,4.298726199,113194,237901.88,8,9,-1,FALSE,0.375755343,-2.089186459,2,FALSE
BOX,26.66,5,Avoid,Avoid,Wait - Intraday Selling,below EMA200 | weekly Transition | not outperforming SPY,REGULAR,26.66,,,,26.65999985,26,0,0,0,11,10,5,Transition,26.45999908,25.86866665,-7.465391915,25.67395251,25.40841909,26.35810848,27.01366702,-3.742731805,15.56133593,-10.53691097,-21.9097823,7.055537766,-17.59244874,0.036071384,0.034433743,0.040070781,5.943267768,9.441704349,5.001971202,28.79999924,28.79999924,28.79999924,34.38999939,-7.430553633,22.47746345,FALSE,FALSE,FALSE,0.898356846,3.369680613,996087,2323235.74,6,5,1,FALSE,0.755860808,-1.985297428,3,TRUE
GLBE,36.49,5,Avoid,Avoid,Wait - Intraday Selling,weekly Transition | not outperforming SPY | distribution cluster,REGULAR,36.49,,,,36.49000168,26,0,0,4,10,7,5,Transition,36.40999985,34.30633329,-3.940154053,33.05733253,32.30749338,33.49215684,34.06798882,-4.224500272,26.13204733,-8.155041281,12.41528869,7.055537766,-15.21057905,0.049371525,0.04308059,0.050502462,2.764828804,15.80451099,11.48793825,37.24000168,37.24000168,37.63999939,41.93999863,-2.013963389,12.99474756,FALSE,FALSE,FALSE,1.635357721,4.481659757,756456,1741461.12,12,9,3,FALSE,0.219724887,-1.564602161,3,TRUE
HCAT,1.935,5,Avoid,Avoid,Wait - Intraday Selling,below EMA200 | weekly Transition | not outperforming SPY,REGULAR,1.935,,,,1.934999943,23,0,0,0,15,3,5,Transition,1.899999976,1.780200007,-19.26652653,1.711090521,1.586389251,1.906394406,2.186115485,-16.34959356,75.90908189,-18.69748531,-48.33110809,7.055537766,-25.75302307,0.002618084,0.002044848,0.003047283,44.64605804,12.4999948,4.594590154,2.230000019,2.230000019,2.329999924,4.125,-13.22870286,53.09091048,FALSE,FALSE,FALSE,0.163978568,8.474344858,744059,1654763.18,9,5,4,FALSE,1.84210353,-1.275515045,2,FALSE
WEAV,6.065,5,Avoid,Avoid,Wait - Intraday Selling,below EMA200 | weekly Transition | not outperforming SPY,REGULAR,6.065,,,,6.065000057,23,0,0,0,11,7,5,Transition,5.920000076,5.816666667,-5.476409309,5.58351642,5.532667733,5.956836031,6.334397319,-7.393305706,38.7871903,-13.60398755,-26.12667443,7.055537766,-20.65952532,0.008206037,0.007537508,0.008826136,7.824859355,17.53876427,9.873189822,6.485000134,6.485000134,6.579999924,9.100000381,-6.476485237,33.35165052,FALSE,FALSE,FALSE,0.298142876,4.915793456,755885,1238069.7,5,4,1,FALSE,2.449323971,-1.701783108,2,TRUE
EGHT,1.685,5,Avoid,Avoid,Wait - Intraday Selling,below EMA200 | weekly Transition | not outperforming SPY | distribution cluster,REGULAR,1.685,,,,1.684999943,22,5,0,0,5,7,5,Transition,1.730000019,2.044666656,2.52381748,1.831969131,1.964057635,2.018760444,2.031878995,0.605984418,4.012341841,-15.32663645,-9.408605924,7.055537766,-22.38217421,0.00227983,0.002822958,0.002928013,-17.11576112,-2.034888677,-5.337080345,2.420000076,2.880000114,2.880000114,2.880000114,-30.37190539,41.49305987,FALSE,FALSE,TRUE,0.117142856,6.952098522,1573228,1838500.56,14,11,3,FALSE,-2.601160451,-4.532580372,2,FALSE
LSPD,10.195,5,Avoid,Avoid,Wait - Intraday Selling,below EMA200 | weekly Transition | not outperforming SPY | distribution cluster,REGULAR,10.195,,,,10.19499969,22,0,0,6,1,10,5,Transition,10.18999958,9.984333293,-7.177167747,9.568685391,9.432502091,9.953716873,10.26343899,-5.226224321,19.37938806,-16.63941066,-12.26334083,7.055537766,-23.69494842,0.013793989,0.012767812,0.015281002,1.560233129,12.15621038,5.867077608,10.42000008,10.42000008,10.42000008,14.34000015,-2.159312666,28.90516328,FALSE,FALSE,FALSE,0.396071434,3.884957782,680690,1292109.8,11,10,1,FALSE,0.049068839,-1.30687541,2,FALSE
UUU,4.635,5,Avoid,Avoid,Wait - Intraday Selling,below EMA200 | weekly Transition | not outperforming SPY | distribution cluster,REGULAR,4.635,,,,4.635000229,18,10,0,0,0,3,5,Transition,4.570000172,5.479666678,10.27705115,5.396250788,5.780275384,5.435349557,5.178646109,11.41179283,-21.44067536,-5.600807069,54.50000763,7.055537766,-12.65634483,0.006271226,0.008212408,0.007700837,-24.3940242,-1.592352625,-24.0163885,7.5,7.820000172,7.820000172,8.270000458,-38.19999695,43.95405112,FALSE,FALSE,TRUE,0.380000012,8.198489612,14218,30678.36,5,8,-3,FALSE,1.422320673,-2.830183492,3,TRUE
ASUR,7.81,5,Avoid,Avoid,Wait - Intraday Selling,below EMA200 | weekly Transition | not outperforming SPY,REGULAR,7.81,,,,7.809999943,18,0,0,0,6,7,5,Transition,7.900000095,8.818999894,2.02452552,8.304919458,8.568264288,8.711067969,8.765806261,-0.474459689,-1.264221322,-13.41463917,-21.66499766,7.055537766,-20.47017694,0.010567048,0.011904062,0.012464161,-16.78479363,-0.38265573,-11.14903326,9.789999962,9.789999962,9.789999962,11.47999954,-20.22471937,31.9686389,TRUE,FALSE,TRUE,0.396428449,5.075908473,33211,97560.22,9,7,2,FALSE,-1.139242424,-1.139242424,3,TRUE
GTLB,29.51,5,Avoid,Avoid,Wait - Intraday Selling,below EMA200 | weekly Transition | not outperforming SPY,REGULAR,29.51,,,,29.51000023,18,0,0,0,6,7,5,Transition,29.06999969,28.84266656,-17.73106351,28.02904302,27.01742341,30.15468816,32.38758285,-10.56399408,45.01228342,-21.26467292,-33.28057758,7.055537766,-28.32021069,0.039927477,0.035512835,0.049344275,28.3349185,14.24700084,6.189274044,34.06000137,34.06000137,34.06000137,52.38000107,-13.35878145,43.66170365,FALSE,FALSE,FALSE,1.570000104,5.32023074,1680528,6292746.56,8,6,2,FALSE,1.513589744,-2.349434482,3,TRUE
CGNT,8.4233,5,Avoid,Avoid,Wait - Intraday Selling,below EMA200 | weekly Transition | not outperforming SPY | distribution cluster,REGULAR,8.4233,,,,8.423299789,17,10,0,0,-5,7,5,Transition,8.329999924,8.891666508,5.339018964,8.791963612,9.168616486,9.011110161,8.948282596,4.665499842,8.687739218,-11.70545259,-9.621243935,7.055537766,-18.76099035,0.011396852,0.01312122,0.012685159,-16.87406346,3.607622028,-4.928892598,12.31000042,12.31000042,12.31000042,12.31000042,-31.57352151,31.57352151,FALSE,FALSE,TRUE,0.343785558,4.081364394,351208,749158.16,7,11,-4,FALSE,1.120046417,-1.192959926,2,FALSE
BCE,22.328,5,Avoid,Avoid,Wait - Intraday Selling,below EMA200 | weekly Stage 1/3 | not outperforming SPY,REGULAR,22.328,,,,22.32999992,14,0,0,4,0,10,0,Stage 1/3,22.92000008,24.46299992,0.925518395,23.59415109,24.03947778,24.28905287,24.37438836,-0.952153705,-11.56435674,-2.95523815,2.196794205,7.055537766,-10.01077592,0.030212828,0.032704238,0.035013523,-12.25524719,-1.412802208,-9.190728812,25.29999924,25.35000038,26.52000046,26.52000046,-11.73912807,15.79939842,TRUE,TRUE,TRUE,0.46322155,2.074435968,2197210,3476066.2,4,7,-3,FALSE,-2.574171687,-1.673268059,2,FALSE
DBX,27.29,5,Avoid,Avoid,Wait - Intraday Selling,weekly Transition | not outperforming SPY | distribution cluster,REGULAR,27.29,,,,27.29000092,14,0,0,4,-5,10,5,Transition,26.63999939,26.07033329,-3.813705267,26.65656123,26.29483018,26.34610913,26.55421343,-0.503577106,23.20542386,-2.882560338,-2.500889108,7.055537766,-9.938098104,0.036923785,0.035674083,0.039276418,7.501830981,5.775200475,0.73828262,28.94000053,29.10000038,29.10000038,32.40000153,-5.701449855,15.77160608,FALSE,FALSE,FALSE,0.909999984,3.33455461,1320467,3996549.34,7,10,-3,FALSE,2.439945724,-1.373325478,2,FALSE
DCBO,17.27,5,Avoid,Avoid,Wait - Intraday Selling,below EMA200 | weekly Stage 4 | not outperforming SPY,REGULAR,17.27,,,,17.27000046,12,0,0,0,15,7,-10,Stage 4,17.52000046,18.95549994,-10.43164588,17.47705093,17.82283799,19.85244845,21.21342476,-8.950089894,3.78606425,-21.53566434,-37.96695272,7.055537766,-28.59120211,0.023366572,0.024606794,0.030491296,0.894697884,2.61438227,-4.480085561,19.77000046,21.45999908,22.56999969,33.41999817,-12.64542206,48.32435247,FALSE,FALSE,TRUE,0.787564005,4.560301009,21404,160166.08,10,5,5,FALSE,-1.426940602,-1.314283098,2,FALSE
ESTC,57.445,5,Avoid,Avoid,Wait - Intraday Selling,below EMA200 | weekly Stage 4 | not outperforming SPY,REGULAR,57.445,,,,57.44499969,12,0,0,0,15,7,-10,Stage 4,56.24000168,59.9606664,-13.60590948,58.37581687,56.79968904,61.55949194,64.83574692,-8.500195558,18.39447476,-25.20182629,-30.46241463,7.055537766,-32.25736405,0.077723955,0.07457239,0.097913665,14.42674795,-2.187978644,-4.813585506,68.72000122,68.72000122,68.72000122,96.06999969,-16.40716142,40.20505894,FALSE,FALSE,TRUE,3.054285049,5.316885831,639419,2116646.38,10,5,5,FALSE,2.142599538,-1.449650382,3,TRUE
DSGX,69.735,5,Avoid,Avoid,Wait - Intraday Selling,below EMA200 | weekly Stage 4 | not outperforming SPY,REGULAR,69.735,,,,69.73500061,11,0,0,0,11,10,-10,Stage 4,70.52999878,75.29899979,-7.394593316,70.5717559,71.4533548,76.43416702,79.31760393,-5.787027808,0.165179344,-21.69006376,-31.68593323,7.055537766,-28.74560153,0.094352512,0.097895138,0.116136024,-12.66045072,4.92777847,-4.433329528,81.08999634,81.08999634,81.08999634,109,-14.00295504,36.02293522,FALSE,FALSE,TRUE,2.767856598,3.969106724,244190,549615.8,6,5,1,FALSE,-1.127177347,-3.078521795,2,FALSE
GLE,0.4347,5,Avoid,Avoid,Wait - Intraday Selling,below EMA200 | weekly Transition | not outperforming SPY | excess volatility,REGULAR,0.4347,,,,0.434700012,11,0,0,0,11,-5,5,Transition,0.430999994,0.402033333,-13.09892712,0.450637582,0.439166063,0.529163739,0.652462322,-17.72785634,15.61170933,-12.18181656,-70.82550272,7.055537766,-19.23735433,0.000588156,0.00058594,0.000696692,1.897607789,8.403994938,-11.28571352,1.080000043,1.080000043,1.080000043,3.890000105,-59.75000047,88.82519279,TRUE,FALSE,TRUE,0.15134286,34.81547183,112226,8928136.52,4,3,1,FALSE,0.858472849,-1.917865551,2,FALSE
GRND,14.72,5,Avoid,Avoid,Wait - Intraday Selling,weekly Transition | distribution cluster,REGULAR,14.72,,,,14.72000027,11,0,4,0,-5,7,5,Transition,14.34000015,12.54666659,-2.091354146,13.03891099,12.83107731,13.1431535,13.47752751,-2.184157358,18.32798041,7.917887804,-34.28571197,7.055537766,0.862350039,0.019916383,0.01777876,0.018847485,7.994817802,11.93916878,26.46047966,14.98499966,15.18000031,15.18000031,22.98999977,-1.768431069,35.97216001,FALSE,FALSE,FALSE,0.648214476,4.403630874,618353,1592681.06,10,11,-1,FALSE,2.649931035,-1.075267783,3,TRUE
CHKP,129.065,5,Avoid,Avoid,Wait - Intraday Selling,below EMA200 | weekly Stage 4 | not outperforming SPY,REGULAR,129.065,,,,129.0650024,10,0,0,0,10,10,-10,Stage 4,130.0500031,154.8946655,-12.80957195,126.4007842,130.5589365,151.1944854,158.4921095,-11.34037197,-7.040474038,-31.53776813,-41.03390005,7.055537766,-38.5933059,0.174626903,0.173415433,0.242697511,-10.95944514,7.285951095,4.034342239,141.3099976,143.3099976,185.4199982,232.0700073,-8.665342388,44.38531548,FALSE,FALSE,FALSE,4.723570142,3.659838107,458842,1646124.84,10,6,4,FALSE,-0.757401451,-1.503416008,3,TRUE
MQ,4.18,5,Avoid,Avoid,Wait - Intraday Selling,below EMA200 | weekly Stage 4 | not outperforming SPY | distribution cluster,REGULAR,4.18,,,,4.179999828,10,0,0,0,10,10,-10,Stage 4,4.179999828,4.227999981,-5.814212991,3.962413326,4.014170895,4.269759581,4.373282933,-4.588933138,4.761900209,-15.21298227,-28.42466234,7.055537766,-22.26852004,0.005655603,0.005545468,0.006472325,-5.064342956,11.17020848,9.138378893,4.360000134,4.644999981,4.644999981,7.039999962,-4.12844724,40.62500212,FALSE,FALSE,FALSE,0.153928586,3.682502219,2294145,4504074.9,13,9,4,FALSE,0,-1.298708464,2,FALSE
BLND,1.705,5,Avoid,Avoid,Wait - Intraday Selling,below EMA200 | weekly Stage 4 | not outperforming SPY,REGULAR,1.705,,,,1.705000043,8,0,0,0,15,3,-10,Stage 4,1.730000019,2.038333333,-21.441418,1.664555581,1.65317014,2.04750517,2.234810863,-15.73022825,3.333337427,-43.35548012,-47.37654204,7.055537766,-50.41101789,0.002306891,0.002149652,0.003563176,3.098913329,1.488100961,0.887573088,1.820000052,1.840000033,2.099999905,4.489999771,-6.318681661,62.02672317,FALSE,FALSE,FALSE,0.122928577,7.209887021,1093063,3629185.26,9,3,6,FALSE,-1.445085311,-2.011492324,2,FALSE
SST,2.44,5,Avoid,Avoid,Wait - Intraday Selling,below EMA200 | weekly Stage 4 | not outperforming SPY,REGULAR,2.44,,,,2.440000057,8,0,0,0,15,3,-10,Stage 4,2.50999999,3.451700004,-19.4224616,2.820590622,3.012828569,3.634488345,4.049736502,-12.65799541,-26.5060209,-47.07158381,-68.91719635,7.055537766,-54.12712157,0.003301357,0.004335373,0.006146958,2.496906902,-11.59420052,-18.12080397,3.880000114,5.198999882,5.800000191,9.300000191,-37.11340244,73.76344078,FALSE,FALSE,TRUE,0.23791429,9.750585417,49462,1547171.24,4,0,4,FALSE,-2.788841972,-5.058361066,3,TRUE
ASAN,7.035,5,Avoid,Avoid,Wait - Intraday Selling,below EMA200 | weekly Stage 4 | not outperforming SPY,REGULAR,7.035,,,,7.034999847,7,0,0,0,10,7,-10,Stage 4,6.96999979,8.694666704,-19.98527558,7.05898984,7.067110159,8.654952948,9.492139208,-14.95013365,14.01944506,-48.68709097,-47.22430692,7.055537766,-55.74262874,0.009518461,0.009344932,0.014733357,14.1662126,4.222219962,-4.803789249,9.340000153,9.340000153,9.350000381,15.71000004,-24.67880372,55.21960643,FALSE,FALSE,TRUE,0.444571461,6.31942389,3331562,6673049.24,12,6,6,FALSE,0.932568998,-3.827754034,2,FALSE
AVPT,11.085,5,Avoid,Avoid,Wait - Intraday Selling,below EMA200 | weekly Stage 4 | not outperforming SPY,REGULAR,11.085,,,,11.08500004,7,0,0,0,10,7,-10,Stage 4,10.89000034,11.22933334,-9.022657876,10.61082172,10.51516347,11.40898902,11.89923798,-7.378149008,17.42585308,-18.43267172,-42.29567638,7.055537766,-25.48820948,0.014998173,0.014151763,0.017554722,5.605794866,11.18354806,1.977922308,11.61499977,11.61499977,11.61499977,19.95000076,-4.563062793,44.43609216,FALSE,FALSE,FALSE,0.508785793,4.589858286,1129475,2218547.5,10,7,3,FALSE,1.79063075,-2.045682657,2,FALSE
IIIV,21.06,5,Avoid,Avoid,Wait - Intraday Selling,below EMA200 | weekly Stage 4 | not outperforming SPY,REGULAR,21.06,,,,21.05999947,7,0,0,0,10,7,-10,Stage 4,21.29000092,22.49800002,-11.79099787,20.26130709,20.6404597,22.63244609,23.27944508,-7.114525682,-5.177846312,-19.98480353,-18.05447922,7.055537766,-27.0403413,0.028494498,0.028092112,0.035910285,-4.97410648,5.829145074,2.133843884,21.94499969,24.11000061,24.11000061,33.97000122,-4.032810395,38.00412508,FALSE,FALSE,FALSE,0.928928511,4.410866738,324937,435036.74,12,7,5,FALSE,-1.080326161,-2.454843367,3,TRUE
PXLW,5.83,5,Avoid,Avoid,Wait - Intraday Selling,below EMA200 | weekly Stage 4 | not outperforming SPY | distribution cluster,REGULAR,5.83,,,,5.829999924,7,0,0,0,10,7,-10,Stage 4,5.940000057,6.206333303,-8.855492781,6.247043758,6.229015444,6.485575621,6.760918102,-4.681077573,16.13545709,-11.66666655,-20.68027212,7.055537766,-18.72220431,0.007888078,0.008452455,0.01005249,4.036626967,-5.510537251,-17.18750063,7.269999981,7.449999809,7.449999809,15.42000008,-19.80742862,62.19195918,TRUE,FALSE,TRUE,0.383214337,6.573144811,11168,103491.36,13,8,5,FALSE,-1.851854082,-1.353636646,2,FALSE
FIVN,21.36,5,Avoid,Avoid,Wait - Intraday Selling,weekly Stage 1/3 | distribution cluster,REGULAR,21.36,,,,21.36000061,6,0,4,0,-5,7,0,Stage 1/3,21.31999969,18.94883331,-0.258799573,20.86534109,20.46997923,20.22187665,21.07531755,-0.392343213,48.02494912,8.371393214,-19.84990275,7.055537766,1.315855448,0.028900404,0.028265964,0.028834586,29.32561562,13.49628564,0.612346071,26.93000031,26.93000031,26.93000031,29.70999908,-20.68325151,28.10501088,FALSE,FALSE,FALSE,1.279142788,5.98849603,1184785,3462273.7,10,10,0,FALSE,0.187621558,-2.15299732,2,FALSE
PCTY,106.46,5,Avoid,Avoid,Wait - Intraday Selling,below EMA200 | weekly Stage 4 | not outperforming SPY,REGULAR,106.46,,,,106.4599991,6,0,0,0,6,10,-10,Stage 4,106.3499985,119.8343325,-10.29133293,106.1919279,108.156965,120.9896144,127.6964435,-9.202635699,1.015276308,-30.10767203,-39.90743007,7.055537766,-37.16320979,0.144041991,0.146472075,0.187834034,0.405817547,6.984219474,-2.186693618,123.3649979,123.3649979,129.4250031,197.7799988,-13.70323761,46.17251505,FALSE,FALSE,FALSE,4.049715315,3.803978348,328621,788584.42,8,6,2,FALSE,0.103432639,-1.077869943,2,FALSE
SNAL,0.6294,5,Avoid,Avoid,Wait - Intraday Selling,below EMA200 | weekly Stage 4 | not outperforming SPY,REGULAR,0.6294,,,,0.629400015,5,0,0,0,15,0,-10,Stage 4,0.609000027,0.7265,-10.08292413,0.686694034,0.722204068,0.77743577,0.821808461,-5.743840366,19.20454892,-28.06856973,-55.67605395,7.055537766,-35.12410749,0.000851588,0.001013339,0.001180568,-21.37828328,9.651570354,-11.84873576,0.893000007,2.160000086,2.160000086,2.160000086,-29.5184759,70.86111158,FALSE,FALSE,TRUE,0.06392857,10.15706523,253841,8947486.82,3,0,3,FALSE,3.349751525,-3.034970048,2,TRUE
APPN,22.11,5,Avoid,Avoid,Wait - Intraday Selling,below EMA200 | weekly Stage 4 | not outperforming SPY | distribution cluster,REGULAR,22.11,,,,22.11000061,3,0,0,0,6,7,-10,Stage 4,21.96999931,26.4975001,-13.3001408,22.13150813,22.66515736,25.63574283,26.70298105,-9.829313945,-4.61604694,-39.45783041,-22.06556237,7.055537766,-46.51336818,0.029915166,0.030165928,0.041751897,-0.567154216,11.27327467,-7.913367765,27.77000046,27.77000046,27.77000046,46.05899811,-20.38170599,51.99634921,FALSE,FALSE,TRUE,1.341786112,6.068684193,356114,1017612.28,10,9,1,FALSE,0.637238513,-2.898549996,2,FALSE
CCC,4.875,5,Avoid,Avoid,Wait - Intraday Selling,below EMA200 | weekly Stage 4 | not outperforming SPY,REGULAR,4.875,,,,4.875,3,0,0,0,6,7,-10,Stage 4,5.010000229,6.036333323,-16.74788558,4.656160901,4.887285238,5.996798293,6.472845823,-14.52818912,-16.09294238,-39.13857852,-47.63695188,7.055537766,-46.19411628,0.006595949,0.006544423,0.009880107,-17.20727809,13.63636465,5.978263067,5.190000057,5.84499979,6.920000076,10.5,-6.069365197,53.57142857,FALSE,FALSE,FALSE,0.250000034,5.128205827,5898808,11516080.16,8,6,2,FALSE,-2.694615224,-3.940883089,2,FALSE
MANH,138.2,5,Avoid,Avoid,Wait - Intraday Selling,below EMA200 | weekly Stage 4 | not outperforming SPY,REGULAR,138.2,,,,138.1999969,3,0,0,0,6,7,-10,Stage 4,137.8500061,148.8123347,-9.719149174,137.6044047,139.265141,151.0851121,157.873613,-7.036213063,8.477233354,-21.15922058,-28.84358146,7.055537766,-28.21475835,0.186986689,0.189730854,0.234308973,1.001602235,7.32312834,-3.302547776,162.7700043,162.7700043,162.7700043,247.2200012,-15.09492331,44.09837543,FALSE,FALSE,FALSE,6.523570469,4.720383946,294663,671413.26,8,7,1,FALSE,0.253892513,-1.686000037,2,FALSE
MNDY,73.99,5,Avoid,Avoid,Wait - Intraday Selling,below EMA200 | weekly Stage 4 | not outperforming SPY,REGULAR,73.99,,,,73.98999786,3,0,0,0,6,7,-10,Stage 4,73.01999664,94.28949979,-26.97981878,75.20642397,76.60763121,102.5757421,118.0537734,-18.94616984,11.3133692,-49.35660864,-75.78227267,7.055537766,-56.41214641,0.100109588,0.10215182,0.174933058,5.835298647,5.159177405,-4.615188662,97.30000305,97.30000305,108.7200012,316.980011,-23.95683911,76.65783478,FALSE,FALSE,TRUE,4.110000065,5.554804952,399985,1828835.7,8,6,2,FALSE,1.32840491,-2.542150094,2,FALSE
CLMB,22.03,5,Avoid,Avoid,Wait - Intraday Selling,below EMA200 | weekly Stage 4 | not outperforming SPY,REGULAR,22.03,,,,22.03000069,2,0,0,0,5,7,-10,Stage 4,22.34000015,24.25491657,-10.57271113,22.20864039,21.96180452,23.7797215,24.45214439,-7.344550482,12.45533698,-16.33117831,-14.07955846,7.055537766,-23.38671608,0.029806925,0.029051528,0.037921743,-8.591229607,3.185013082,-2.694340634,25.12000084,25.12000084,31.22249985,36.25500107,-12.30095561,39.23596735,TRUE,TRUE,TRUE,1.32214301,6.001556825,43192,176493.84,3,3,0,FALSE,-1.387643079,-1.585881343,2,TRUE
KVYO,15.14,5,Avoid,Avoid,Wait - Intraday Selling,below EMA200 | weekly Stage 4 | not outperforming SPY | distribution cluster,REGULAR,15.14,,,,15.14000034,2,0,0,0,5,7,-10,Stage 4,14.89999962,20.57800001,-15.51967133,14.55420197,15.87185614,20.126976,21.77501748,-14.73841781,-18.90733647,-53.2571762,-54.30123799,7.055537766,-60.31271397,0.02048465,0.022172606,0.033359384,-21.88446141,17.72939928,6.54468897,18.54500008,23.52000046,23.52000046,36.75999832,-18.36074262,58.81392537,FALSE,FALSE,FALSE,0.751785891,4.965560597,2224705,7089824.1,13,10,3,FALSE,1.610743161,-1.752105819,2,FALSE
PAYC,127.105,5,Avoid,Avoid,Wait - Intraday Selling,below EMA200 | weekly Stage 4 | not outperforming SPY,REGULAR,127.105,,,,127.1050034,2,0,0,0,5,7,-10,Stage 4,129.1799927,136.6469994,-11.36487438,130.1362446,131.5638914,143.7702164,151.4076157,-7.442576928,8.581074669,-20.75747619,-43.62414638,7.055537766,-27.81301395,0.171974995,0.180449224,0.221858062,-3.873200632,2.777557402,-5.512192001,151.3800049,151.3800049,151.3800049,248.9499969,-16.03580443,48.94356099,FALSE,FALSE,TRUE,5.539288112,4.358040963,313727,1001670.54,2,3,-1,FALSE,-1.606277625,-2.000766116,2,FALSE
SMRT,1.2,5,Avoid,Avoid,Wait - Intraday Selling,below EMA200 | weekly Stage 4 | not outperforming SPY | distribution cluster,REGULAR,1.2,,,,1.200000048,2,0,0,0,5,7,-10,Stage 4,1.220000029,1.558999991,-5.093344394,1.158904827,1.239966221,1.403768473,1.429229181,-8.758467057,-18.91891674,-40.29850481,25.78616902,7.055537766,-47.35404257,0.001623618,0.001677089,0.002231592,-22.50150288,9.090911061,5.263163398,1.279999971,1.585000038,1.899999976,2.200000048,-6.249994179,45.45454447,FALSE,FALSE,FALSE,0.075428545,6.285711873,895714,1753740.28,14,11,3,FALSE,-1.63934266,-2.040814341,2,TRUE
GCL,0.4363,5,Avoid,Avoid,Wait - Intraday Selling,below EMA200 | weekly Stage 4 | not outperforming SPY,REGULAR,0.4363,,,,0.436300009,1,0,0,0,11,0,-10,Stage 4,0.421000004,0.721266664,-39.26516464,0.452751242,0.505864278,0.962116808,1.338217335,-29.11552164,-27.76489578,-60.33636363,-85.40802649,7.055537766,-67.3919014,0.000590321,0.000673824,0.001630352,-22.8669869,6.414637389,6.414637389,0.587000012,0.963999987,0.963999987,4.489999771,-25.67291307,90.28285007,FALSE,FALSE,TRUE,0.04407143,10.10117547,25483,3429437.66,2,1,1,FALSE,3.63420559,-6.753579384,3,TRUE
AD,36.4,5,Avoid,Avoid,Wait - Intraday Selling,below EMA200 | weekly Stage 4 | not outperforming SPY | distribution cluster,REGULAR,36.4,,,,36.40000153,0,0,0,0,0,7,-10,Stage 4,37.06999969,49.02766635,-0.845372938,41.85192245,45.68239089,49.05973455,50.20377744,-3.973315789,-20.40235755,-32.40482348,-41.79724817,7.055537766,-39.46036124,0.049249753,0.06466031,0.071037208,-30.13226597,-6.112971122,-10.69675411,53.5,58.29000092,58.29000092,79.16999817,-31.96261397,54.02298552,TRUE,FALSE,TRUE,2.189335687,6.014658228,179674,346661.48,6,9,-3,FALSE,-1.807386497,-1.221158662,2,FALSE
ADBE,204.92,5,Avoid,Avoid,Wait - Intraday Selling,below EMA200 | weekly Stage 4 | not outperforming SPY | distribution cluster,REGULAR,204.92,,,,204.9199982,0,0,0,0,0,7,-10,Stage 4,202.7299957,270.2056656,-11.17645447,214.8922063,231.7638146,268.2576217,284.6431668,-10.19992527,-12.74058876,-41.94572163,-46.76711478,7.055537766,-49.0012594,0.277259861,0.322577209,0.423046286,-21.60616384,5.141100352,0.441130221,275.4400024,275.4400024,285.3599854,392.5799866,-25.60267341,47.80172062,FALSE,FALSE,TRUE,9.654287066,4.711246902,4510712,6536102.24,8,9,-1,FALSE,1.080255753,-1.98029247,3,TRUE
ADSK,195.63,5,Avoid,Avoid,Wait - Intraday Selling,below EMA200 | weekly Stage 4 | not outperforming SPY | distribution cluster,REGULAR,195.63,,,,195.6300049,0,0,0,0,-5,7,-10,Stage 4,196.2599945,248.1056656,-9.707085358,206.1476971,221.6686046,246.0495755,253.0299912,-6.585186381,-14.88426384,-34.39857467,-35.84428899,7.055537766,-41.45411243,0.264690359,0.310291189,0.386638766,-23.62122565,4.213724489,-1.411070854,250.4900055,255.1399994,264.75,329.0899963,-21.90107366,40.55425353,FALSE,FALSE,TRUE,8.708569118,4.451550836,963165,2638053.3,6,11,-5,FALSE,-0.320997474,-2.581977191,3,TRUE
AI,8.805,5,Avoid,Avoid,Wait - Intraday Selling,below EMA200 | weekly Stage 4 | not outperforming SPY | distribution cluster,REGULAR,8.805,,,,8.805000305,0,0,0,0,-5,3,-10,Stage 4,8.899999619,10.71499996,-17.48382769,9.843768627,9.818682844,11.51807531,12.75786626,-13.33965197,13.46649543,-37.28632244,-64.38106574,7.055537766,-44.34186021,0.011913299,0.013150515,0.018204016,-10.310245,-9.226799193,-19.22017786,11.81999969,11.81999969,12.06000042,30.11000061,-25.50760971,70.75722309,FALSE,FALSE,TRUE,0.669428485,7.602821824,2228483,6289599.66,11,11,0,FALSE,-1.067408061,-1.233871645,2,FALSE
ALRM,46.16,5,Avoid,Avoid,Wait - Intraday Selling,below EMA200 | weekly Stage 4 | not outperforming SPY | distribution cluster,REGULAR,46.16,,,,46.15999985,0,0,0,0,0,10,-10,Stage 4,46.34000015,47.27350006,-3.664695928,45.0308831,45.08212308,47.13160209,48.25069782,-4.26231606,8.637321779,-10.99113131,-18.15603085,7.055537766,-18.04666907,0.062455179,0.061180471,0.070173786,-3.898463568,5.629288425,-1.050378698,47.29999924,48.61999893,50.50500107,59.52999878,-2.41014674,22.4592629,FALSE,FALSE,FALSE,1.60578537,3.478737815,228984,546087.68,8,9,-1,FALSE,-0.388433976,-1.325350466,3,TRUE
AMPL,7.55,5,Avoid,Avoid,Wait - Intraday Selling,below EMA200 | weekly Stage 4 | not outperforming SPY | distribution cluster,REGULAR,7.55,,,,7.550000191,0,0,0,0,-5,7,-10,Stage 4,7.409999847,8.10999999,-11.65256551,6.992865704,7.036142697,7.975005822,8.391841502,-9.79142746,17.78471717,-36.76716536,-38.96523637,7.055537766,-43.82270313,0.010215265,0.009507022,0.012787978,5.561742683,16.87306728,9.579105037,8.869999886,8.869999886,8.869999886,14.48999977,-14.8816202,47.89509793,FALSE,FALSE,FALSE,0.431071384,5.709554606,1008796,2477187.92,8,12,-4,FALSE,1.889343404,-1.948047042,2,FALSE
APPF,155.37,5,Avoid,Avoid,Wait - Intraday Selling,below EMA200 | weekly Stage 4 | not outperforming SPY | distribution cluster,REGULAR,155.37,,,,155.3699951,0,0,0,0,-5,7,-10,Stage 4,155.6399994,183.1508326,-12.99254689,155.9349403,160.7960651,182.2059378,190.4652226,-9.210403853,-0.199124854,-34.28221118,-32.23864989,7.055537766,-41.33774895,0.210217957,0.219304026,0.294213722,-4.966484547,7.611850577,-3.622611099,179.5200043,179.5200043,193.3000031,326.0400085,-13.45254489,52.34634062,FALSE,FALSE,TRUE,7.753000532,4.990024313,89398,374687.96,10,10,0,FALSE,-0.173480001,-1.717437759,2,FALSE
BILL,35.715,5,Avoid,Avoid,Wait - Intraday Selling,below EMA200 | weekly Stage 4 | not outperforming SPY | distribution cluster,REGULAR,35.715,,,,35.71500015,0,0,0,0,-5,7,-10,Stage 4,35.52000046,43.0473334,-9.440762759,34.40048066,36.26380026,41.11919284,42.90810667,-8.997675065,-3.472972561,-35.33405677,-21.15893873,7.055537766,-42.38959453,0.048322936,0.049927875,0.065469334,-11.2633581,11.74906501,7.640144135,39.97000122,43.56999969,52.34999847,57.20999908,-10.64548646,37.57210151,FALSE,FALSE,FALSE,1.658786092,4.644508149,919141,2593956.82,11,12,-1,FALSE,0.54898562,-1.908815429,2,FALSE
BSY,29.53,5,Avoid,Avoid,Wait - Intraday Selling,below EMA200 | weekly Stage 4 | not outperforming SPY | distribution cluster,REGULAR,29.53,,,,29.53000069,0,0,0,0,0,7,-10,Stage 4,30,35.45799967,-13.2830078,30.5097322,32.08586779,36.28605714,37.96152726,-9.142789453,-15.04602384,-24.10691133,-43.89131657,7.055537766,-31.16244909,0.039954538,0.043930736,0.057383871,-19.09235514,2.286109554,-3.716985285,35.34000015,36.125,40.36000061,59.25,-16.4402927,50.16033639,FALSE,FALSE,TRUE,1.246857507,4.222341612,727412,2903216.24,7,9,-2,FALSE,-1.566664378,-2.781890744,2,FALSE
CMCSA,24.755,5,Avoid,Avoid,Wait - Intraday Selling,below EMA200 | weekly Stage 4 | not outperforming SPY | distribution cluster,REGULAR,24.755,,,,24.75499916,0,0,0,0,0,10,-10,Stage 4,23.17000008,27.62037175,-2.433622731,23.69958044,25.04660638,27.24524741,27.92939246,-6.224603452,-12.61913439,-11.30428549,-24.98271777,7.055537766,-18.35982325,0.033493889,0.034517299,0.040169315,-19.92735673,10.90949596,1.040812901,27.09799957,32.08000183,32.86000061,34.35801315,-8.646396225,27.94985248,FALSE,FALSE,FALSE,0.844142914,3.409989668,87562618,34985828.36,6,9,-3,FALSE,6.840738365,-1.507139144,2,TRUE
CNET,0.94,5,Avoid,Avoid,Wait - Intraday Selling,below EMA200 | weekly Stage 4 | not outperforming SPY | excess volatility,REGULAR,0.94,,,,0.939999998,0,0,0,0,15,-5,-10,Stage 4,0.920000017,0.936000001,-29.18032761,0.904548022,0.842982154,0.997694216,1.101601156,-14.76657687,38.23529231,-21.00840736,-33.33333192,7.055537766,-28.06394513,0.001271834,0.001082309,0.001814268,14.40964188,-2.083331393,-9.615381529,1.5,1.5,1.5,2.779999971,-37.33333349,66.1870501,FALSE,TRUE,FALSE,0.20448571,21.75379901,2761786,299701.72,9,3,6,FALSE,2.173910931,-1.950558423,2,FALSE
CTSH,39.46,5,Avoid,Avoid,Wait - Intraday Selling,below EMA200 | weekly Stage 4 | not outperforming SPY | distribution cluster,REGULAR,39.46,,,,39.45999908,0,0,0,0,-5,7,-10,Stage 4,40.02999878,65.34700012,-9.374957253,46.36220264,51.21951324,60.80069866,63.38199338,-11.50582941,-33.93604656,-53.80472965,-49.14292957,7.055537766,-60.86026742,0.053389976,0.0697148,0.097040196,-38.11067214,-5.665796421,-24.36265963,57.65000153,61.88000107,78.34999847,87.02999878,-31.55247521,54.6593133,FALSE,FALSE,TRUE,2.278106144,5.773203744,4127146,10427044.92,10,17,-7,FALSE,-1.423931332,-1.913995691,2,FALSE
CXM,5.205,5,Avoid,Avoid,Wait - Intraday Selling,below EMA200 | weekly Stage 4 | not outperforming SPY | distribution cluster,REGULAR,5.205,,,,5.204999924,0,0,0,0,-5,7,-10,Stage 4,5.159999847,6.061666663,-11.15833707,5.193588295,5.330738782,6.012655827,6.324305612,-10.01032928,-11.47959486,-32.4902737,-38.03571238,7.055537766,-39.54581146,0.007042444,0.007127062,0.009456137,-12.07471571,5.151517662,-2.528094102,6.014999866,6.014999866,6.199999809,9.399999619,-13.46633351,44.62765814,FALSE,FALSE,FALSE,0.208928585,4.01399785,1407292,4258329.84,7,14,-7,FALSE,0.872094528,-1.792457804,2,FALSE
DOCU,45.34,5,Avoid,Avoid,Wait - Intraday Selling,below EMA200 | weekly Stage 4 | not outperforming SPY | distribution cluster,REGULAR,45.34,,,,45.34000015,0,0,0,0,-5,7,-10,Stage 4,45.20999908,51.90299975,-12.94802339,45.37759585,46.77861469,52.76582582,55.63320687,-9.192593911,-0.809448566,-34.89373844,-39.98676595,7.055537766,-41.94927621,0.061345707,0.064018669,0.084124417,-6.548359172,6.157811109,0.688433004,57.29000092,57.29000092,57.29000092,86.65000153,-20.85878962,47.67455354,FALSE,FALSE,TRUE,2.103143964,4.638605993,1448816,3845416.32,7,10,-3,FALSE,0.287549371,-2.009942287,2,FALSE
DOMO,2.875,5,Avoid,Avoid,Wait - Intraday Selling,below EMA200 | weekly Stage 4 | not outperforming SPY,REGULAR,2.875,,,,2.875,0,0,0,0,0,0,-10,Stage 4,2.940000057,4.853666663,-39.93482369,2.916692587,3.339859029,5.380386702,6.215640968,-22.7091836,-7.258061663,-67.58737275,-79.30165638,7.055537766,-74.64291052,0.003889919,0.004708811,0.011035681,-20.19298014,25.00000259,-4.801323902,4.659999847,4.659999847,6.239999771,18.48900032,-38.30471901,84.45021391,FALSE,FALSE,TRUE,0.429857109,14.95155163,1567691,1635241.82,5,7,-2,FALSE,-2.210886257,-6.045749877,3,TRUE
DOX,51.58,5,Avoid,Avoid,Wait - Intraday Selling,below EMA200 | weekly Stage 4 | not outperforming SPY | distribution cluster,REGULAR,51.58,,,,51.58000183,0,0,0,0,-5,10,-10,Stage 4,51.97000122,69.17900035,-9.204775349,55.24575141,59.51206733,67.69642608,70.38624688,-8.71315133,-19.8072107,-36.59495661,-43.54821027,7.055537766,-43.65049437,0.069788524,0.082612487,0.105648277,-26.41951706,-0.212800926,-8.546098518,65.62000275,68.06999969,76.13999939,93.44000244,-21.39591638,44.79880085,FALSE,FALSE,TRUE,1.92785699,3.73760551,471818,1303072.36,5,12,-7,FALSE,-0.75043175,-1.017076901,2,FALSE
EPAM,80.04,5,Avoid,Avoid,Wait - Intraday Selling,below EMA200 | weekly Stage 4 | not outperforming SPY | distribution cluster,REGULAR,80.04,,,,80.04000092,0,0,0,0,-5,7,-10,Stage 4,80.68000031,148.1800006,-12.90445795,87.71660444,101.1876642,132.7902959,141.8805569,-16.35912597,-40.79443785,-61.71800258,-53.99999947,7.055537766,-68.77354034,0.108295333,0.137556657,0.222128272,-40.07846208,5.260389205,-16.0830329,111.3600006,135,193.8300018,222.5299988,-28.12499957,64.03181533,FALSE,FALSE,TRUE,4.821784428,6.024218357,482540,2030490.8,8,13,-5,FALSE,-0.793256553,-1.001852287,2,TRUE
FLUT,102.81,5,Avoid,Avoid,Wait - Intraday Selling,below EMA200 | weekly Stage 4 | not outperforming SPY,REGULAR,102.81,,,,102.8099976,0,0,0,0,0,7,-10,Stage 4,104.1900024,136.960333,-24.14649302,102.2343529,104.8430124,138.5888896,153.6887233,-17.83061954,2.298505033,-53.20863054,-62.09909539,7.055537766,-60.2641683,0.139103484,0.13947775,0.244085434,-10.50490659,5.511078595,-7.085407916,119.4400024,119.4400024,159.9100037,313.6849976,-13.92331258,67.22508301,FALSE,FALSE,FALSE,5.814356123,5.655438441,872937,3094732.74,6,7,-1,FALSE,-1.324507967,-2.899508665,2,FALSE
GWRE,120.625,5,Avoid,Avoid,Wait - Intraday Selling,below EMA200 | weekly Stage 4 | not outperforming SPY | distribution cluster,REGULAR,120.625,,,,120.625,0,0,0,0,-5,7,-10,Stage 4,121.4800034,151.6986666,-17.5277311,121.5625688,130.8224551,153.5201556,161.2506129,-10.5986985,-16.62634358,-41.41573406,-48.64180078,7.055537766,-48.47127182,0.163207452,0.180883654,0.255018253,-17.67943656,17.46518369,-1.578816577,173.1799927,173.1799927,173.1799927,272.6000061,-30.34703482,55.75018441,FALSE,FALSE,TRUE,6.892498561,5.713988445,536331,1688556.62,10,13,-3,FALSE,-0.703822303,-3.298859976,3,TRUE
HKIT,0.3003,5,Avoid,Avoid,Wait - Intraday Selling,below EMA200 | weekly Stage 4 | not outperforming SPY | excess volatility,REGULAR,0.3003,,,,0.300300002,0,0,0,0,0,-5,-10,Stage 4,0.284000009,145.9717,-39.52518063,0.879640646,16.91558317,105.0347767,130.5908254,-39.06820241,-96.35999997,-99.90688372,-99.85059701,7.055537766,-106.9624215,0.00040631,0.002257107,0.271772696,-91.28159689,-4.96835814,-40.29821281,8.800000191,8.800000191,330,627,-96.58750005,99.95210526,TRUE,FALSE,TRUE,0.134799999,44.88844417,12600654,20671125.08,7,7,0,FALSE,5.739433897,-7.228918103,3,TRUE
HUBS,184.16,5,Avoid,Avoid,Wait - Intraday Selling,below EMA200 | weekly Stage 4 | not outperforming SPY | distribution cluster,REGULAR,184.16,,,,184.1600037,0,0,0,0,-5,7,-10,Stage 4,185.4700012,264.6610006,-22.32081814,189.3656151,206.2015933,274.0791485,307.0304293,-17.75193844,-20.20451102,-53.68209235,-66.37943618,7.055537766,-60.73763011,0.249171274,0.282018454,0.464031322,-21.59228951,6.574074311,-2.032126903,262.3800049,262.3800049,297,568.1599731,-29.81172336,67.58659315,FALSE,FALSE,TRUE,10.87921361,5.907479034,625016,1961252.32,10,10,0,FALSE,-0.706312369,-3.571050486,2,FALSE
INTU,267.2025,5,Avoid,Avoid,Wait - Intraday Selling,below EMA200 | weekly Stage 4 | not outperforming SPY | distribution cluster,REGULAR,267.2025,,,,267.1650085,0,0,0,0,-5,7,-10,Stage 4,267.7200012,450.4493337,-19.61051762,285.2013616,329.4128016,435.2393199,469.8112031,-15.84341378,-35.84549828,-60.41002893,-65.43164175,7.055537766,-67.46556669,0.361478303,0.464788379,0.746434219,-34.47989826,3.644729771,-3.456438428,363.1799927,423.9899902,483.2099915,813.7000122,-26.43729998,67.16664563,FALSE,FALSE,TRUE,12.29428428,4.601756923,2427514,5140168.28,10,12,-2,FALSE,-0.207303404,-2.152289517,2,FALSE
KD,11.395,5,Avoid,Avoid,Wait - Intraday Selling,below EMA200 | weekly Stage 4 | not outperforming SPY | distribution cluster,REGULAR,11.395,,,,11.39500046,0,0,0,0,-5,7,-10,Stage 4,11.31999969,16.83466651,-23.24153495,11.48150067,12.25639724,16.78718752,18.78574847,-18.49283059,-7.807437101,-58.22947151,-72.73271068,7.055537766,-65.28500928,0.015417608,0.016829148,0.029285754,-22.3965647,7.297557256,-2.606832107,13.01000023,14.93500042,23.72999954,44.20000076,-12.41352608,74.21945642,FALSE,FALSE,TRUE,0.604643004,5.306213076,2646342,4394676.84,9,11,-2,FALSE,0.662550927,-1.894096579,2,TRUE
LDOS,101.31,5,Avoid,Avoid,Wait - Intraday Selling,below EMA200 | weekly Stage 4 | not outperforming SPY | distribution cluster,REGULAR,101.31,,,,101.3099976,0,0,0,0,-5,10,-10,Stage 4,101.7600021,160.6463338,-11.74005798,112.9276952,126.7977991,150.6951679,154.9028531,-10.80278197,-34.86144258,-45.71612554,-34.924202,7.055537766,-52.7716633,0.137073961,0.17443779,0.246226142,-38.53178815,-3.367034436,-17.06778445,131.1399994,160.7899933,196,205.7700043,-22.74668444,50.76541991,FALSE,FALSE,TRUE,4.006071908,3.954271054,569210,1496182.2,4,14,-10,FALSE,-0.44222147,-1.117567959,2,FALSE
MYPS,0.4534,5,Avoid,Avoid,Wait - Intraday Selling,below EMA200 | weekly Stage 4 | not outperforming SPY | distribution cluster | excess volatility,REGULAR,0.4534,,,,0.453399986,0,0,0,0,-5,-5,-10,Stage 4,0.462000012,0.540333332,-17.25370077,0.508159381,0.502143293,0.591546872,0.669635815,-14.8213991,0.97995213,-33.12684308,-65.90977659,7.055537766,-40.18238085,0.000613457,0.000659158,0.000917269,-8.417392156,-10.2178237,-23.41216551,0.672999978,0.672999978,0.672999978,1.375,-32.63001474,67.02545556,TRUE,FALSE,TRUE,0.069699998,15.37273943,642707,970550.14,16,17,-1,FALSE,-1.861477519,-2.766464584,3,TRUE
PCOR,41.535,5,Avoid,Avoid,Wait - Intraday Selling,below EMA200 | weekly Stage 4 | not outperforming SPY | distribution cluster,REGULAR,41.535,,,,41.53499985,0,0,0,0,-5,7,-10,Stage 4,41.90999985,57.27199999,-12.75762741,42.99475795,47.32699092,55.51317745,57.87767206,-9.946013123,-23.46600424,-44.04553689,-38.82014992,7.055537766,-51.10107465,0.056197484,0.06648202,0.090143112,-26.50228539,6.527309719,-1.947593841,55.25,62.16999817,62.16999817,82.31500244,-24.82352969,49.54139754,FALSE,FALSE,TRUE,1.952642713,4.701198316,940738,2786434.76,7,13,-6,FALSE,-0.89477452,-1.201239432,2,TRUE
SAGT,1.205,5,Avoid,Avoid,Wait - Intraday Selling,below EMA200 | weekly Stage 4 | not outperforming SPY | excess volatility,REGULAR,1.205,,,,1.205000043,0,0,0,0,15,-5,-10,Stage 4,1.049999952,1.747299995,-13.86246005,1.148775376,1.29969338,1.696638951,1.835614334,-17.23805577,-48.72340035,-40.34653197,-42.89099039,7.055537766,-47.40206973,0.001630383,0.001745815,0.002713779,-38.16353009,-8.015259882,23.58974497,1.610000014,3.390000105,3.390000105,3.390000105,-25.1552775,64.45427712,TRUE,FALSE,FALSE,0.207142877,17.19027961,3153777,4301265.54,4,1,3,FALSE,14.76191406,-7.307685607,3,TRUE
VERX,11.585,5,Avoid,Avoid,Wait - Intraday Selling,below EMA200 | weekly Stage 4 | not outperforming SPY | distribution cluster,REGULAR,11.585,,,,11.58500004,0,0,0,0,-5,7,-10,Stage 4,11.36999989,14.94266659,-17.99656102,11.87318829,12.52818401,15.81379307,17.80103299,-15.9165731,2.160492789,-42.19062121,-65.91644758,7.055537766,-49.24615898,0.015674681,0.017242337,0.025124753,-10.14463962,9.499055971,-5.659606758,14.96000004,15,16.54999924,36.75,-22.56016037,68.47619037,FALSE,FALSE,TRUE,0.666142804,5.750045767,1277950,1588497,8,10,-2,FALSE,1.890942434,-1.404254994,2,FALSE
VREX,10.1,5,Avoid,Avoid,Wait - Intraday Selling,below EMA200 | weekly Stage 4 | not outperforming SPY | distribution cluster,REGULAR,10.1,,,,10.10000038,0,0,0,0,-2,7,-10,Stage 4,10.28999996,11.72166662,-2.837644068,10.39303458,10.66227491,11.24127451,11.33424387,-3.721623376,-5.871381059,-16.80395308,18.26698392,7.055537766,-23.85949085,0.013665453,0.01462353,0.017083086,-17.3405051,-2.884608154,-8.514488982,11.64999962,12.77000046,14.47999954,14.56499958,-13.30471492,30.65567681,TRUE,FALSE,TRUE,0.54428591,5.388969207,483306,445772.12,9,8,1,TRUE,-1.846448796,-1.463410912,2,TRUE
WAY,19.71,5,Avoid,Avoid,Wait - Intraday Selling,below EMA200 | weekly Stage 4 | not outperforming SPY | distribution cluster,REGULAR,19.71,,,,19.70999908,0,0,0,0,0,7,-10,Stage 4,19.89999962,25.12433319,-18.01401053,19.14920821,20.4011276,24.9514154,26.50076898,-13.17190381,-16.27018557,-40.2908207,-49.80901743,7.055537766,-47.34635847,0.026667927,0.028048321,0.041666964,-26.09866762,13.86481625,5.119995117,21.95999908,27.17200089,27.90999985,41.47000122,-10.24590207,52.47166987,FALSE,FALSE,FALSE,0.836928776,4.246214182,644225,2620942.5,8,8,0,FALSE,-0.954776571,-1.15346762,2,FALSE
HPE,43.52,5,Avoid,Avoid,Wait - Daily Pullback Risk,distribution cluster,REGULAR,43.52,,,,43.52000046,87,30,25,0,10,7,15,Stage 2,43.70999908,28.33933341,22.81046369,45.72163423,39.99955222,31.02859511,29.07360311,30.55399928,81.7878007,78.06873775,136.9079938,7.055537766,71.01319999,0.05888322,0.052104643,0.038749003,59.58284803,-10.08264652,-9.653306805,64.25,64.25,64.25,64.25,-32.26459073,32.26459073,TRUE,TRUE,TRUE,2.828785488,6.499966585,8032670,27432351.4,12,8,4,FALSE,-0.434680006,1.09175663,1,TRUE
NSYS,15.87,5,Avoid,Avoid,Wait - Daily Pullback Risk,distribution cluster,REGULAR,15.87,,,,15.86999989,87,30,25,4,6,7,15,Stage 2,16.42000008,11.14433319,21.45529749,16.11227301,14.85762925,12.25278293,11.66385763,22.42259729,34.15046482,115.9183686,85.18086874,7.055537766,108.8628308,0.02147235,0.020118741,0.015164707,4.918447246,-9.726962717,-3.584442477,18.01000023,18.01000023,18.01000023,18.01000023,-11.88228937,11.88228937,TRUE,TRUE,TRUE,0.956785679,6.02889531,10316,25734.32,9,8,1,FALSE,-3.349574837,-1.152291598,1,FALSE
TTMI,186.585,5,Avoid,Avoid,Wait - Daily Pullback Risk,distribution cluster,REGULAR,186.585,,,,186.5850067,87,30,25,4,10,3,15,Stage 2,191.4900055,120.2403336,46.83510865,194.0831745,172.7416453,127.9970442,114.5119682,52.70353799,95.43836213,157.0395593,368.1008627,7.055537766,149.9840216,0.25245234,0.233869802,0.146517931,51.48866981,-15.75156649,-3.846944716,223.8300018,223.8300018,223.8300018,223.8300018,-16.63985829,16.63985829,TRUE,TRUE,TRUE,16.38428715,8.781138121,2401422,2732456.44,14,8,6,FALSE,-2.561490751,2.389843104,2,TRUE
IMOS,58.41,5,Avoid,Avoid,Wait - Daily Pullback Risk,distribution cluster,REGULAR,58.41,,,,58.40999985,82,30,25,4,5,3,15,Stage 2,60.54000092,43.18700021,35.74130195,60.61782343,55.74323683,44.13701488,40.57302158,33.77739957,63.0653276,104.3022019,199.5384608,7.055537766,97.24666418,0.079029614,0.075427757,0.052824936,12.77591865,-16.90140975,-5.714287122,72.91000366,72.91000366,72.91000366,72.91000366,-19.88753681,19.88753681,TRUE,TRUE,TRUE,4.551071439,7.79159639,56402,109166.04,19,16,3,FALSE,-3.518336696,3.435449946,0,FALSE
SMTC,151.94,5,Avoid,Avoid,Wait - Daily Pullback Risk,distribution cluster,REGULAR,151.94,,,,151.9400024,82,30,25,4,5,3,15,Stage 2,149.75,101.4439997,31.73119758,156.7526947,141.0376044,108.468143,99.42880939,39.00542939,110.5598597,101.1118416,233.0556905,7.055537766,94.0563038,0.205577124,0.189162446,0.131474188,40.80948476,-13.04297708,-8.859698685,177.3500061,177.3500061,177.3500061,177.3500061,-14.32760236,14.32760236,TRUE,TRUE,TRUE,13.69071415,9.010605459,1559921,3771760.42,16,12,4,FALSE,1.462439026,0.575888711,2,TRUE
TXN,289.87,5,Avoid,Avoid,Wait - Daily Pullback Risk,distribution cluster,REGULAR,289.87,,,,289.8099976,78,30,12,4,10,7,15,Stage 2,285.4299927,230.7279984,22.4003892,301.5496488,285.7500828,243.2794858,232.6052168,20.71206973,52.26711226,63.6142887,40.47307498,7.055537766,56.55875093,0.392117316,0.396939711,0.307366173,23.32273323,-12.7813896,-3.755976933,334.0299988,334.0299988,334.0299988,334.0299988,-13.2383323,13.2383323,TRUE,TRUE,TRUE,16.55428859,5.712117847,6777595,9287075.9,14,9,5,FALSE,1.534528604,2.431698675,0,FALSE
VECO,69.18,5,Avoid,Avoid,Wait - Daily Pullback Risk,distribution cluster,REGULAR,69.18,,,,69.18000031,75,30,25,0,5,0,15,Stage 2,70.94999695,42.46433347,35.10764602,69.99422069,61.3133988,46.28858605,42.67216818,41.57716651,96.14403007,136.1092222,226.0132071,7.055537766,129.0536844,0.093601588,0.082485861,0.055078853,53.12774252,-10.68938662,-10.7124454,86.62999725,86.62999725,86.62999725,86.62999725,-20.1431346,20.1431346,TRUE,TRUE,TRUE,7.064284733,10.21145519,1173881,1725351.62,13,10,3,FALSE,-2.494709964,4.077025778,0,FALSE
VSH,55.12,5,Avoid,Avoid,Wait - Daily Pullback Risk,distribution cluster,REGULAR,55.12,,,,55.11999893,75,30,25,0,5,0,15,Stage 2,56.34999847,27.56499999,61.98824708,56.62624043,47.20037369,32.03765129,28.87170191,67.13386876,223.8542741,266.9773452,251.3065673,7.055537766,259.9218075,0.074578193,0.060851922,0.033890485,99.34679295,-14.23681063,-7.174136173,69.47000122,69.47000122,69.47000122,69.47000122,-20.65640138,20.65640138,TRUE,TRUE,TRUE,6.741428103,12.23045761,4263710,6746264.2,26,12,14,FALSE,-2.182785405,5.553423293,0,FALSE
ALOY,14.12,5,Avoid,Avoid,Wait - Daily Pullback Risk,distribution cluster | excess volatility,REGULAR,14.12,,,,14.11999989,70,30,25,0,5,-5,15,Stage 2,14.68000031,11.39799999,12.5365318,14.61710562,12.87258909,11.18445928,10.49834026,9.601527739,41.48297127,69.91575418,145.5652154,7.055537766,62.86021642,0.019104574,0.015702748,0.015087929,14.66993282,-28.32487645,-7.227334837,20.59000015,20.59000015,26.89999962,26.89999962,-31.42302195,47.50929336,TRUE,TRUE,TRUE,2.195499829,15.54886577,1166614,2416116.28,18,13,5,FALSE,-3.814716676,1.582735777,1,TRUE
DIOD,103.19,5,Avoid,Avoid,Wait - Daily Pullback Risk,distribution cluster,REGULAR,103.19,,,,103.1900024,69,30,12,4,5,3,15,Stage 2,104.1399994,77.32666677,32.09878665,109.0648444,102.5894806,83.37748074,78.1458658,30.53123139,51.30499569,105.3941063,95.32462401,7.055537766,98.33856851,0.139617636,0.143987472,0.100568907,4.272602452,-15.94167429,-5.112641433,125.9899979,125.9899979,125.9899979,125.9899979,-18.09667101,18.09667101,TRUE,TRUE,TRUE,8.811785562,8.539379158,337654,728083.08,14,10,4,FALSE,-0.912230607,2.2442401,1,FALSE
ALCO,40.31,5,Avoid,Avoid,Wait - Daily Pullback Risk,lower high and lower low | daily distribution | daily distribution below EMA20 | last 3H selling,REGULAR,40.31,,,,40.31000137,66,22,4,4,11,10,15,Stage 2,41.81000137,40.15733376,6.249449845,40.7297616,40.84279838,39.40724344,38.47066636,4.430571706,-0.738732412,11.9411365,27.48260691,7.055537766,4.88559873,0.054540042,0.055873812,0.055374205,-10.87898025,0.398505209,-1.273574417,42.00999832,44.49000168,45.00999832,45.00999832,-4.046648456,10.44211758,TRUE,TRUE,TRUE,0.803570611,1.993477013,8514,21416.28,2,1,1,FALSE,-3.587658337,-1.778751282,1,FALSE
ASYS,20.48,5,Avoid,Avoid,Wait - Daily Pullback Risk,distribution cluster,REGULAR,20.48,,,,20.47999954,65,30,25,0,-5,0,15,Stage 2,19.54999924,15.48233318,37.0077582,20.79524437,19.56365266,15.6128362,14.27035124,36.60351461,78.8646278,64.10256645,361.261245,7.055537766,57.04702869,0.02770975,0.027145675,0.019195728,18.55379622,-7.035865166,-14.63109738,25.70999908,25.70999908,25.70999908,25.70999908,-20.34227821,20.34227821,TRUE,TRUE,TRUE,2.219285692,10.83635616,230956,421675.12,15,18,-3,FALSE,4.757034995,9.635970062,0,FALSE
ENPH,46.78,5,Avoid,Avoid,Wait - Daily Pullback Risk,distribution cluster,REGULAR,46.78,,,,46.77999878,62,22,12,0,10,3,15,Stage 2,47.58000183,41.96333332,16.28701782,51.56763788,49.55120908,44.24417271,44.41383006,7.594722188,23.62578909,42.40487352,8.790694836,7.055537766,35.34933576,0.063294047,0.065359933,0.05698171,38.9577612,-10.74222684,-14.30665205,72.80000305,73.73999786,73.73999786,73.73999786,-35.74176261,36.56088943,TRUE,TRUE,TRUE,4.355714253,9.311061066,2342711,8342988.22,17,8,9,FALSE,-1.68138508,0.429362259,2,TRUE
NXPI,278.14,5,Avoid,Avoid,Wait - Daily Pullback Risk,distribution cluster,REGULAR,278.14,,,,278.1400146,61,22,8,4,5,7,15,Stage 2,277.019989,244.5493312,13.34146892,299.1168181,286.4631084,253.8617975,246.6953158,14.13464767,45.12157432,23.47510496,27.41182353,7.055537766,16.41956719,0.376327652,0.395778545,0.339952966,23.54562096,-13.952474,-8.76466968,328.2099915,339.9500122,339.9500122,339.9500122,-15.25547001,18.18208423,TRUE,TRUE,TRUE,17.36428833,6.243002594,1200608,4222712.16,16,13,3,FALSE,0.404312208,1.03161169,0,FALSE
SYNA,119.81,5,Avoid,Avoid,Wait - Daily Pullback Risk,distribution cluster,REGULAR,119.81,,,,119.8099976,61,22,12,4,5,3,15,Stage 2,121,94.23933334,25.451722,130.9315345,121.1815908,98.94745026,93.72630409,25.65971489,74.37054163,62.19032504,82.55371411,7.055537766,55.13478727,0.162104741,0.164184886,0.124270609,43.41496897,-16.67709635,-13.45709662,147.9799957,149.1100006,149.1100006,149.1100006,-19.03635558,19.64992484,TRUE,TRUE,TRUE,9.272142138,7.73903875,1056327,1073266.54,17,11,6,FALSE,-0.983473092,1.148164327,0,FALSE
QRVO,93.01,5,Avoid,Avoid,Wait - Daily Pullback Risk,distribution cluster,REGULAR,93.01,,,,93.01000214,57,22,4,4,5,7,15,Stage 2,93.87999725,86.83933309,3.057082602,97.3401271,94.64979949,89.04585231,88.07552874,5.860463753,20.24564185,7.975392147,12.07374928,7.055537766,0.919854381,0.125843942,0.129110168,0.126422793,8.051462709,-8.795843229,-5.659797554,106.2200012,109.4899979,109.4899979,109.4899979,-12.43645164,15.05159928,TRUE,TRUE,TRUE,4.517500741,4.857005308,279707,1275680.14,13,10,3,FALSE,-0.926709781,-0.353539977,1,FALSE
CRUS,145.21,5,Avoid,Avoid,Wait - Daily Pullback Risk,below EMA20 with deep 20D-high pullback | lower high and lower low | last 1H bearish,REGULAR,145.21,,,,145.2100067,56,22,8,4,0,7,15,Stage 2,146.5,145.0329999,10.5830591,160.0084581,160.872193,147.7001091,142.3928137,11.65309833,1.269270752,19.46524317,35.10420746,7.055537766,12.4097054,0.196471338,0.225589154,0.200663256,-16.36976642,-12.21207696,-11.50587485,180.1799927,180.4199982,180.4199982,180.4199982,-19.40836241,19.51557023,TRUE,TRUE,TRUE,7.39428384,5.09213105,304911,611266.22,7,7,0,FALSE,-0.880541492,0.595774558,1,TRUE
VIAV,47.73,5,Avoid,Avoid,Wait - Daily Pullback Risk,distribution cluster,REGULAR,47.73,,,,47.72999954,55,30,12,0,-5,3,15,Stage 2,47.63000107,34.21966667,51.57765728,49.65001791,47.58727338,36.63485322,32.83772634,50.56809185,37.78868471,161.3910128,381.1491852,7.055537766,154.3354751,0.064579412,0.067665222,0.040972554,10.08938008,-9.841328333,-10.71829338,57.5,60.43000031,60.43000031,60.43000031,-16.99130514,21.01605279,TRUE,TRUE,TRUE,4.446429116,9.315795431,2301509,7935836.18,8,10,-2,FALSE,0.209948503,2.249355677,1,TRUE
BVC,9.19,5,Avoid,Avoid,Wait - Daily Pullback Risk,excess volatility,REGULAR,9.19,,,,9.18999958,55,22,12,0,11,-5,15,Stage 2,9.5,8.071433355,60.36916107,10.49690926,10.25373595,8.129045338,7.208149579,40.76609667,-5.549845707,665.8332679,1106.036652,7.055537766,658.7777302,0.012434209,0.014167381,0.008966442,-17.45897128,-19.10211392,-18.67257146,14.5,14.5,14.5,15.00300026,-36.62069255,38.74558807,TRUE,TRUE,TRUE,2.150714125,23.4027663,3264,17837.28,7,5,2,FALSE,-3.263162312,-3.263162312,1,FALSE
MCHP,88.935,5,Avoid,Avoid,Wait - Daily Pullback Risk,distribution cluster,REGULAR,88.935,,,,88.91999817,55,22,12,4,-5,7,15,Stage 2,87.93000031,77.95499942,16.97344032,93.59701264,90.52478461,80.30997287,77.5780069,15.27500815,43.41935189,36.04650756,25.62870825,7.055537766,28.99096979,0.120310104,0.12671214,0.105715143,9.817590073,-13.42615231,-6.635867111,104.0299988,105.9100037,105.9100037,105.9100037,-14.52465711,16.04192702,TRUE,TRUE,TRUE,5.837857383,6.565291839,4583181,12079913.62,15,15,0,FALSE,1.125893165,2.277427734,0,FALSE
FSLR,232.62,5,Avoid,Avoid,Wait - Daily Pullback Risk,not outperforming SPY,REGULAR,232.62,,,,232.6199951,54,22,0,0,10,7,15,Stage 2,239.0700073,232.7026683,0.096209064,256.5724294,247.3749809,231.3893327,226.7120813,5.853773951,22.24499623,-14.54391741,49.46988872,7.055537766,-21.59945518,0.314738376,0.32916601,0.339415818,15.23053891,-11.58830601,-12.97744295,320.9500122,320.9500122,320.9500122,320.9500122,-27.52142506,27.52142506,TRUE,TRUE,TRUE,15.10614232,6.493913951,887660,2611383.2,14,7,7,FALSE,-2.697959597,0.766726865,1,TRUE
MX,4.6983,5,Avoid,Avoid,Wait - Daily Pullback Risk,distribution cluster,REGULAR,4.6983,,,,4.698299885,54,22,12,0,5,0,15,Stage 2,4.650000095,3.766666691,32.50469131,5.600320294,5.229408015,4.147527573,3.973572845,29.56044715,63.70383527,74.65798457,16.58311762,7.055537766,67.6024468,0.006356871,0.007134041,0.00496084,41.5987851,-18.43229691,-24.82720184,9.859999657,9.859999657,9.859999657,9.859999657,-52.34989809,52.34989809,TRUE,TRUE,TRUE,0.619142873,13.17801946,926450,3225897,17,14,3,FALSE,1.038705128,3.944688155,0,FALSE
ON,89.69,5,Avoid,Avoid,Wait - Daily Pullback Risk,distribution cluster,REGULAR,89.69,,,,89.69999695,54,22,12,0,5,0,15,Stage 2,90.65000153,78.05533346,35.28100012,113.3128944,106.7958171,84.73179402,79.12143641,35.82928363,53.72750522,62.85401955,67.19477054,7.055537766,55.79848178,0.121365454,0.149688099,0.100691411,6.539823779,-31.81300276,-23.19548228,134.9199982,134.9199982,134.9199982,134.9199982,-33.51615908,33.51615908,TRUE,TRUE,TRUE,10.5035711,11.70966718,10902452,13314565.04,16,12,4,FALSE,-1.047991794,1.68934869,0,FALSE
MAKO,7.26,5,Avoid,Avoid,Wait - Daily Pullback Risk,distribution cluster,REGULAR,7.26,,,,7.260000229,51,22,8,4,-5,7,15,Stage 2,7.46999979,7.128666639,12.90850445,7.725274474,7.720383682,7.011784829,6.630357176,14.1710113,17.28594769,22.84264664,90.55118997,7.055537766,15.78710887,0.00982289,0.010755169,0.009582916,-14.5931948,-10.59112893,-4.347824994,8.720000267,8.989999771,8.989999771,8.989999771,-16.74311919,19.2435994,TRUE,TRUE,TRUE,0.478571449,6.591893029,61142,182320.84,9,10,-1,FALSE,-2.811239186,1.396653402,1,FALSE
SKM,32.215,5,Avoid,Avoid,Wait - Daily Pullback Risk,distribution cluster,REGULAR,32.215,,,,32.21500015,51,22,12,0,-5,7,15,Stage 2,32.06999969,30.23399976,21.87361345,35.96825066,36.28725596,31.78994908,30.19475691,19.09168577,7.670454781,58.61645002,39.39852575,7.055537766,51.56091226,0.043587383,0.051363681,0.040019952,-17.96265273,-6.351747896,-15.93162732,47.18000031,47.18000031,47.18000031,47.18000031,-31.71894883,31.71894883,TRUE,TRUE,TRUE,1.845000403,5.727146964,1133461,2717105.22,11,14,-3,FALSE,0.452137384,1.273186713,1,TRUE
VRT,305.75,5,Avoid,Avoid,Wait - Daily Pullback Risk,distribution cluster,REGULAR,305.75,,,,305.8150024,51,22,12,4,-5,3,15,Stage 2,303.9500122,253.6269999,25.27553391,316.5538245,311.6576557,263.4627131,243.9773889,26.82223133,21.80467341,83.26542302,147.0234208,7.055537766,76.20988525,0.41377233,0.441263042,0.330272692,-1.292803492,-14.56726736,0.972366815,358.5400085,379.9349976,379.9349976,379.9349976,-14.70547354,19.508599,TRUE,TRUE,TRUE,22.0250048,7.20206812,4011144,6395436.88,4,10,-6,FALSE,0.613584524,1.370751745,1,FALSE
CLS,343.61,5,Avoid,Avoid,Wait - Daily Pullback Risk,distribution cluster,REGULAR,343.61,,,,343.6099854,50,22,4,0,6,3,15,Stage 2,337.5299988,326.1233312,10.06549616,371.4233469,368.8975287,328.6565571,308.8384869,18.44531089,22.62150591,11.34838764,128.8444884,7.055537766,4.292849878,0.464909514,0.523022863,0.456925455,-14.67660833,-8.818069024,-12.59412148,474.0299988,474.0299988,474.0299988,474.0299988,-27.51302951,27.51302951,TRUE,TRUE,TRUE,24.63357326,7.169050467,1013688,2231625.76,9,8,1,FALSE,1.801317392,4.951127598,0,FALSE
QCOM,190.6,5,Avoid,Avoid,Wait - Daily Pullback Risk,distribution cluster,REGULAR,190.6,,,,190.7279968,49,22,4,0,5,3,15,Stage 2,189.3899994,169.213,8.49004075,208.7206461,198.4685768,175.9100509,172.0901317,13.00649506,50.04956015,9.130853215,20.56893222,7.055537766,2.075315449,0.258057868,0.271106623,0.242422488,34.65373341,-14.04776833,-9.91498407,255.0899963,259.9200134,259.9200134,259.9200134,-25.23109508,26.62050363,TRUE,TRUE,TRUE,16.98071289,8.903104512,10805606,25279678.12,16,11,5,FALSE,0.706477343,0.064531939,2,TRUE
MPWR,1330.33,5,Avoid,Avoid,Wait - Daily Pullback Risk,distribution cluster,REGULAR,1330.33,,,,1330.329956,47,22,12,0,-5,3,15,Stage 2,1313.319946,1241.793325,19.13461744,1487.036022,1479.345162,1284.134601,1210.992455,22.01461962,26.33592689,39.55729935,80.9554235,7.055537766,32.50176158,1.799956579,2.11209511,1.671755277,-9.969459023,-13.49585456,-15.65883896,1697.349976,1714.089966,1714.089966,1714.089966,-21.62311985,22.38855704,TRUE,TRUE,TRUE,113.5443202,8.535049499,409785,825885.7,16,19,-3,FALSE,1.295191611,1.64346592,0,FALSE
NOK,12.88,5,Avoid,Avoid,Wait - Daily Pullback Risk,distribution cluster,REGULAR,12.88,,,,12.88249969,47,22,12,0,-5,3,15,Stage 2,13.01000023,9.494666688,37.11369996,13.99709727,13.24300034,10.32309413,9.457880852,41.65037639,61.43483288,95.48557506,149.6608542,7.055537766,88.4300373,0.017430217,0.018471763,0.012117371,18.85408916,-10.72418973,-12.95608426,17.45000076,17.45000076,17.45000076,17.45000076,-26.17479008,26.17479008,TRUE,TRUE,TRUE,0.909999984,7.063846344,76124538,119644448.8,17,17,0,FALSE,-0.980019461,0.664322295,1,TRUE
SHLS,9.19,5,Avoid,Avoid,Wait - Daily Pullback Risk,not outperforming SPY,REGULAR,9.19,,,,9.18999958,47,22,0,0,10,0,15,Stage 2,9,8.719999997,3.344065094,10.08583231,9.617994395,8.641222682,8.357526225,11.49761504,38.82174833,0,88.31965912,7.055537766,-7.055537766,0.012434209,0.01295064,0.012495467,26.07783797,-15.99634431,-11.88878896,12.81499958,13.18000031,13.18000031,13.18000031,-28.28716441,30.27314592,TRUE,TRUE,TRUE,0.926428454,10.08083239,2916608,5903570.16,14,7,7,FALSE,2.111106449,4.968583213,1,FALSE
HUHU,8.85,5,Avoid,Avoid,Wait - Daily Pullback Risk,not outperforming SPY | distribution cluster,REGULAR,8.85,,,,8.850000381,37,22,0,0,0,0,15,Stage 2,9.760000229,8.753766664,9.30503627,9.311958016,9.258818115,8.589676613,8.252318356,11.25405771,25.35411407,-20.98213811,83.22982446,7.055537766,-28.03767587,0.011974185,0.013057939,0.012020699,-20.13492733,-12.02783288,-0.337834826,10.44999981,12.19999981,12.19999981,12.19999981,-15.31099959,27.45901213,TRUE,TRUE,TRUE,1.003642763,11.34059571,53467,73909.34,9,9,0,FALSE,-9.32376871,2.076128069,0,FALSE
VZ,43.855,5,Avoid,Avoid,Wait - Daily Pullback Risk,below EMA200,REGULAR,43.855,,,,43.85499954,35,10,4,4,-8,10,15,Stage 2,46.54000092,45.86433334,4.5563351,46.23842948,46.79070524,45.94929216,45.42440007,2.066414756,-12.83045449,8.767360799,4.168648769,7.055537766,1.711823033,0.059336479,0.063820627,0.064466399,-11.00035689,-3.317903545,-8.844317219,48.20999908,48.95999908,51.68000031,51.68000031,-9.033394783,15.14125526,TRUE,TRUE,TRUE,1.302856718,2.970828255,34680560,24053093.2,4,7,-3,TRUE,-5.769233607,1.060027836,0,FALSE
LUMN,7.845,5,Avoid,Avoid,Wait - Daily Pullback Risk,weekly Transition | not outperforming SPY | distribution cluster,REGULAR,7.845,,,,7.84499979,34,22,0,0,0,7,5,Transition,8.079999924,8.188666582,5.239257442,8.537250474,8.684521706,8.077371287,7.758430327,12.00684077,17.61618741,0.965248513,80.34482672,7.055537766,-6.090289253,0.010614404,0.012337184,0.011596327,-12.48293895,-3.028434583,-7.597173125,11.30000019,11.30000019,11.30000019,11.94999981,-30.57522427,34.35146514,TRUE,TRUE,TRUE,0.481514079,6.137846936,6318872,14325035.44,9,9,0,FALSE,-2.908417521,0.449429366,1,TRUE
AIXI,1.96,5,Avoid,Avoid,Wait - Daily Pullback Risk,below EMA200 | weekly Transition | excess volatility,REGULAR,1.96,,,,1.960000038,33,10,12,0,11,-5,5,Transition,1.985000014,2.457233369,307.0963161,5.729591382,5.956201729,3.724200025,3.417442135,162.5732199,1431.249957,328.8840465,-33.10580227,7.055537766,321.8285087,0.00265191,0.008720726,0.002946783,95.86725659,-35.94770997,-75.06361317,12.76000023,16.27499962,16.27499962,16.27499962,-84.63949841,87.95698873,TRUE,TRUE,TRUE,1.2268571,62.59474879,111187,8898899.74,2,1,1,FALSE,-1.259444634,-1.309159337,2,FALSE
ISOU,9.88,5,Avoid,Avoid,Wait - Daily Pullback Risk,below EMA200 | weekly Transition | distribution cluster,REGULAR,9.88,,,,9.880000114,32,10,4,0,10,3,5,Transition,10.15999985,10.6513333,6.751032386,10.67235097,10.96018589,10.56087056,10.2840926,6.25699613,-1.593623984,8.690868521,39.74540134,7.055537766,1.635330755,0.01336779,0.015373447,0.014920876,-23.11767892,-7.317070771,-4.077670568,13.32999992,13.47999954,13.47999954,13.57999992,-25.88146908,27.24594867,TRUE,TRUE,TRUE,0.816428661,8.263447894,48461,128343.22,11,8,3,FALSE,-2.755902925,1.333334507,0,FALSE
SLSR,8.41,5,Avoid,Avoid,Wait - Daily Pullback Risk,weekly Transition | not outperforming SPY | distribution cluster,REGULAR,8.41,,,,8.409999847,29,22,0,0,-5,7,5,Transition,8.319999695,9.126999982,12.81597004,9.003480664,9.376402122,8.817364799,8.363224962,11.31674133,4.601988648,3.126917508,79.70085803,7.055537766,-3.928620258,0.011378857,0.013278099,0.012095505,-21.72461998,-5.928408924,-10.34115411,11.14000034,11.47999954,11.47999954,11.47999954,-24.50628736,26.74215869,TRUE,TRUE,TRUE,0.551928452,6.562764115,101073,134743.46,9,10,-1,FALSE,1.081732643,1.081732643,0,FALSE
SJ,0.9,5,Avoid,Avoid,Wait - Daily Pullback Risk,below EMA200 | weekly Transition | distribution cluster | excess volatility,REGULAR,0.9,,,,0.899999976,28,10,12,0,6,-5,5,Transition,0.943000019,1.074266674,18.2592101,0.973343724,1.064313274,1.051130682,1.026680999,2.942939714,-32.83582435,38.67488311,8.827080083,7.055537766,31.61934534,0.001217714,0.001474014,0.001360164,-33.24836642,7.14285765,-2.807777853,1.269999981,1.549999952,1.629999995,1.629999995,-29.13385908,44.78527737,TRUE,TRUE,TRUE,0.145642868,16.18254133,29023,80678.46,11,9,2,FALSE,-4.559919575,-12.62136154,1,TRUE
AKO-A,21.49,5,Avoid,Avoid,Wait - Daily Pullback Risk,below EMA200 | weekly Transition | not outperforming SPY,REGULAR,21.49,,,,21.48999977,26,5,0,0,6,10,5,Transition,22.68000031,23.3003334,3.141415463,22.56480398,22.75368208,22.58267312,22.17258965,1.782279331,-3.198202556,-5.786934352,8.755058311,7.055537766,-12.84247212,0.029076295,0.031048525,0.0327187,-10.90972567,-4.488889906,-4.531321401,23.62999916,24.39999962,26.95999908,26.95999908,-9.056282123,20.28931565,TRUE,TRUE,TRUE,0.373571396,1.73834993,363,1019.26,7,6,1,FALSE,-5.246915864,-6.239093494,0,FALSE
TYGO,2.335,5,Avoid,Avoid,Wait - Daily Pullback Risk,below EMA200 | weekly Transition | distribution cluster,REGULAR,2.335,,,,2.335000038,25,10,12,0,-5,3,5,Transition,2.230000019,3.224666671,19.04996308,2.884793161,3.385260158,3.216082187,3.016165272,16.84940983,-41.62499905,50.64516839,66.78571985,7.055537766,43.58963062,0.00315929,0.00518274,0.004256503,-44.85702391,-7.341267626,-18.64111041,4.019999981,5.327000141,5.327000141,5.327000141,-41.91542166,56.1666984,TRUE,TRUE,TRUE,0.224099977,9.597429251,670825,915802.5,10,22,-12,FALSE,4.708520994,4.943826437,0,FALSE
SWKS,67.27,5,Avoid,Avoid,Wait - Daily Pullback Risk,below EMA200 | weekly Stage 1/3 | not outperforming SPY | distribution cluster,REGULAR,67.27,,,,67.26999664,22,10,0,0,5,7,0,Stage 1/3,68,63.6956665,-0.050736926,72.13372575,70.12624275,66.92379467,67.45931748,3.668405438,25.38675625,4.278397792,-9.886141637,7.055537766,-2.777139974,0.091017324,0.095987564,0.095973822,8.795932669,-11.69598796,-9.057732144,82.41000366,85.18000031,85.18000031,90.90000153,-18.37156455,25.9956045,TRUE,TRUE,TRUE,4.436429705,6.594960497,1609812,5100074.24,18,14,4,FALSE,-1.073534348,0.104166217,1,FALSE
ARIS,14.91,5,Avoid,Avoid,Wait - Daily Pullback Risk,below EMA200 | weekly Transition | not outperforming SPY,REGULAR,14.91,,,,14.90999985,18,10,0,0,0,3,5,Transition,15.17000008,17.88766667,14.13531323,16.09610187,17.09691503,16.52257433,15.57586125,7.887443063,-13.01049954,-8.639705109,119.2646975,7.055537766,-15.69524287,0.020173456,0.023857079,0.022922672,-30.37429231,-9.306573217,-6.167403869,18.19000053,21.82999992,23.29000092,23.29000092,-18.0318889,35.98111094,TRUE,TRUE,TRUE,1.097142969,7.358437157,628454,1307039.08,4,7,-3,FALSE,-1.713910531,-0.400804399,1,FALSE
ALAR,7.91,5,Avoid,Avoid,Wait - Daily Pullback Risk,below EMA200 | weekly Transition | not outperforming SPY | distribution cluster,REGULAR,7.91,,,,7.909999847,18,0,0,0,10,3,5,Transition,7.900000095,7.697666693,-19.15914019,8.654755206,8.274660483,8.591567394,9.01512173,-5.382891369,32.27424452,1.410251974,-40.92606688,7.055537766,-5.645285792,0.01070235,0.011021388,0.013964071,8.832032225,-5.945303318,-17.86085407,10.78999996,10.78999996,10.78999996,18,-26.69138206,56.0555564,FALSE,TRUE,TRUE,0.714285748,9.030161342,79629,75654.58,14,9,5,FALSE,0.126579138,3.534031226,0,FALSE
EGO,30.855,5,Avoid,Avoid,Wait - Daily Pullback Risk,below EMA200 | weekly Transition | not outperforming SPY | distribution cluster,REGULAR,30.855,,,,30.85499954,18,0,0,0,6,7,5,Transition,31.36000061,36.13899981,3.72847335,31.58042722,32.50075212,33.18329566,32.25160348,-0.800412495,-8.713017045,-16.22319303,49.85429487,7.055537766,-23.27873079,0.041747282,0.043374677,0.049135618,-14.29960127,-4.680257768,0.636006836,36.36000061,38.15000153,48.20000076,51.15999985,-15.14026671,39.68921104,TRUE,TRUE,TRUE,1.77714307,5.75966001,955163,3445489.26,10,9,1,FALSE,-1.610335007,-0.707968513,1,FALSE
GSIT,6.76,5,Avoid,Avoid,Wait - Daily Pullback Risk,below EMA200 | weekly Transition | distribution cluster,REGULAR,6.76,,,,6.760000229,17,10,4,0,-5,3,5,Transition,6.840000153,7.361000029,9.235259588,7.718176092,8.025540456,7.350224804,6.972363582,15.64636879,28.27324959,11.55115995,94.81268511,7.055537766,4.49562218,0.009146383,0.011464907,0.010344015,0.11935704,-8.152172469,-14.32192214,11.60000038,13,13,18.14999962,-41.72413787,62.75481889,TRUE,TRUE,TRUE,0.576785701,8.532332561,499994,1933249.88,10,10,0,FALSE,-1.169589502,3.206107359,1,FALSE
OGC,25.03,5,Avoid,Avoid,Wait - Daily Pullback Risk,below EMA200 | weekly Transition | not outperforming SPY | distribution cluster,REGULAR,25.03,,,,25.03000069,17,10,0,0,-5,7,5,Transition,24.85000038,31.61433341,6.295251166,26.54894802,28.72758088,29.12245096,27.85128258,2.843430223,-15.06616468,-13.02988155,72.3829194,7.055537766,-20.08541932,0.03386597,0.040064399,0.042332689,-28.70568765,-4.538515095,-4.538515095,29.43000031,35.18999863,43.33000183,43.33000183,-14.9507291,42.23401886,TRUE,TRUE,TRUE,1.534999847,6.132640053,132243,349124.86,12,16,-4,FALSE,0.724347293,-0.159549297,1,FALSE
HPQ,22.565,5,Avoid,Avoid,Wait - Daily Pullback Risk,below EMA200 | weekly Transition | not outperforming SPY | distribution cluster,REGULAR,22.565,,,,22.56500053,17,5,0,0,0,7,5,Transition,22.87999916,21.46100006,-4.053469864,23.7649872,22.9747198,22.48750382,22.9762437,0.171549428,16.07510244,-2.569081681,-8.68069053,7.055537766,-9.624619447,0.030530787,0.031001912,0.033022758,8.632009457,-4.141887611,-10.59825381,29.64999962,29.64999962,29.64999962,29.64999962,-23.8954441,23.8954441,TRUE,TRUE,TRUE,0.984642982,4.363585017,4769126,19674678.52,8,8,0,FALSE,-1.3767423,-0.044297801,2,FALSE
KT,17.27,5,Avoid,Avoid,Wait - Daily Pullback Risk,below EMA200 | weekly Transition | not outperforming SPY | distribution cluster,REGULAR,17.27,,,,17.27000046,15,0,0,0,0,10,5,Transition,17.64999962,20.4003334,1.021755722,18.23227889,19.19413594,19.98262042,19.89102711,-1.905325647,-19.78634507,-9.248555782,-14.16501125,7.055537766,-16.30409355,0.023366572,0.026565157,0.029002236,-27.77362178,-3.249299223,-6.699080258,19.05999947,23.01000023,24.57999992,24.57999992,-9.391390652,29.73962363,TRUE,TRUE,TRUE,0.494999749,2.866240511,393707,1591642.14,5,8,-3,FALSE,-2.152969796,-0.861077026,2,FALSE
CNL,12.6794,5,Avoid,Avoid,Wait - Daily Pullback Risk,below EMA200 | weekly Transition | not outperforming SPY | distribution cluster,REGULAR,12.6794,,,,12.67940044,13,10,0,0,-5,3,5,Transition,12.98999977,15.98916664,9.413669663,14.06782684,15.42525074,15.42108431,14.80073047,5.637040266,-15.75149313,-16.63773562,16.21815418,7.055537766,-23.69327339,0.017155421,0.022273224,0.021770635,-38.07987762,-8.186820719,-9.94743954,16.77000046,21.96999931,21.96999931,21.96999931,-24.39236674,42.28766117,TRUE,TRUE,TRUE,1.02821425,8.10932863,26966,59451.32,1,10,-9,FALSE,-2.391064916,-0.475661917,2,FALSE
INDI,3.625,5,Avoid,Avoid,Wait - Daily Pullback Risk,below EMA200 | weekly Stage 4 | not outperforming SPY,REGULAR,3.625,,,,3.625,13,10,0,0,10,3,-10,Stage 4,3.549999952,3.815666676,-1.586210285,4.005615282,4.032221638,3.889134726,3.885877402,5.560210092,13.6363616,-3.590425287,-5.598956223,7.055537766,-10.64596305,0.00490468,0.00570538,0.005737603,4.602358898,-10.49383138,-11.5853638,5.300000191,5.485000134,5.485000134,6.050000191,-31.60377605,40.08264652,TRUE,TRUE,TRUE,0.338500006,9.337931196,1681362,6001945.24,13,7,6,FALSE,2.112677428,4.166666096,1,FALSE
PLAB,31.15,5,Avoid,Avoid,Wait - Daily Pullback Risk,below EMA200 | weekly Transition | not outperforming SPY | distribution cluster,REGULAR,31.15,,,,31.14999962,13,10,0,0,-5,3,5,Transition,30.69000053,38.02933337,19.72966187,33.71154649,37.95059977,36.65421961,34.98740958,12.77153908,-21.33838177,-7.484403586,63.68890433,7.055537766,-14.53994135,0.042146421,0.057615885,0.04888274,-35.48765988,-8.543751137,-1.982382173,34.5,56,56,56,-9.710146033,44.37500068,TRUE,TRUE,TRUE,2.277850015,7.312520201,602156,1575431.12,10,12,-2,FALSE,1.498856554,2.030785843,0,FALSE
SCZM,6.49,5,Avoid,Avoid,Wait - Daily Pullback Risk,below EMA200 | weekly Transition | not outperforming SPY | distribution cluster,REGULAR,6.49,,,,6.489999771,13,5,0,0,0,3,5,Transition,6.610000134,9.309266599,5.586346464,7.060409799,7.732163246,8.102775394,7.74762132,0.628482137,-16.04140032,-34.0447188,126.1639128,7.055537766,-41.10025656,0.008781068,0.010794856,0.012333104,-31.76828231,-8.073656888,-7.02006084,8.494999886,10.42000008,13.22999954,17.64500046,-23.60212056,63.21904447,TRUE,TRUE,TRUE,0.537285737,8.278671118,176456,518339.12,9,9,0,FALSE,-1.815436611,1.090337913,0,FALSE
RBBN,2.225,5,Avoid,Avoid,Wait - Daily Pullback Risk,below EMA200 | weekly Stage 4 | not outperforming SPY,REGULAR,2.225,,,,2.224999905,7,0,0,0,10,7,-10,Stage 4,2.200000048,2.56133333,-8.07512835,2.543591965,2.612622847,2.730786787,2.829277053,-2.963981909,4.460083807,-24.31973261,-44.78908713,7.055537766,-31.37527037,0.003010459,0.003681303,0.004121405,-22.05467716,-10.64257445,-17.28625066,3.410000086,3.410000086,3.410000086,4.289999962,-34.75073758,48.1351999,TRUE,TRUE,TRUE,0.140000054,6.29213752,287778,991411.56,9,6,3,FALSE,1.136357109,2.298848433,0,FALSE
SSYS,8.21,5,Avoid,Avoid,Wait - Daily Pullback Risk,below EMA200 | weekly Stage 4 | not outperforming SPY | distribution cluster,REGULAR,8.21,,,,8.210000038,7,0,0,0,10,7,-10,Stage 4,8.170000076,9.230666717,-4.799229286,8.712207912,8.844181746,9.216124809,9.363515782,-3.290611926,7.460735362,-9.581496618,-26.56529683,7.055537766,-16.63703438,0.011108254,0.012060579,0.013890041,-9.684619048,-4.866744736,-7.959641615,10.78999996,10.78999996,11.64999962,12.81000042,-23.91102811,35.90944755,TRUE,TRUE,TRUE,0.402492898,4.902471327,295141,1067802.82,11,8,3,FALSE,0.489595612,1.546072967,1,TRUE
CSIQ,14.43,5,Avoid,Avoid,Wait - Daily Pullback Risk,below EMA200 | weekly Stage 4 | not outperforming SPY,REGULAR,14.43,,,,14.43000031,3,0,0,0,10,3,-10,Stage 4,15.39000034,18.46033306,-5.381764047,16.24025782,16.6383887,17.12744582,16.9870915,-0.838227989,7.286249144,-40.76354703,29.53321239,7.055537766,-47.8190848,0.019524009,0.022706156,0.026850535,5.540955966,-9.925094302,-13.74775433,21.12000084,21.45999908,22.46999931,34.59000015,-31.67613763,58.28273998,TRUE,TRUE,TRUE,1.178214618,8.165035296,1632215,3111468.3,14,7,7,FALSE,-6.237816873,0.732987765,1,FALSE
INSG,9.8364,5,Avoid,Avoid,Wait - Daily Pullback Risk,below EMA200 | weekly Stage 4 | not outperforming SPY | distribution cluster,REGULAR,9.8364,,,,9.836400032,2,10,0,0,-5,7,-10,Stage 4,9.789999962,12.14066668,-1.428957725,11.02399893,12.23907731,12.34693335,12.15809625,5.842817188,-13.86690047,-9.090570153,19.37379011,7.055537766,-16.14610792,0.013308798,0.018429998,0.018326283,-36.30115213,-4.686043383,-11.3038783,14.77000046,21.89999962,21.89999962,21.89999962,-33.40284545,55.08493058,TRUE,TRUE,TRUE,0.634642942,6.451983851,79322,346534.44,10,18,-8,FALSE,0.473953732,1.093530265,0,FALSE
ABTS,1.19,5,Avoid,Avoid,Wait - Daily Pullback Risk,below EMA200 | weekly Stage 4 | not outperforming SPY,REGULAR,1.19,,,,1.190000057,1,0,0,0,11,0,-10,Stage 4,1.179999948,2.872733329,-41.11039051,1.264792193,1.423459736,2.552639485,2.836544283,-26.71210249,-37.69633099,-77.33333224,-69.11497326,7.055537766,-84.38887001,0.001610088,0.001681637,0.005974216,-5.064342956,-4.799995422,-12.49999671,3.25,3.25,5.5,10.85499954,-63.38461362,89.03730901,TRUE,TRUE,TRUE,0.14112143,11.85894313,20579,3154223.58,3,1,2,FALSE,0.847466959,4.303623517,1,FALSE
WKEY,7.1301,5,Avoid,Avoid,Wait - Daily Pullback Risk,below EMA200 | weekly Stage 4 | not outperforming SPY | distribution cluster,REGULAR,7.1301,,,,7.130099773,0,10,0,0,-5,3,-10,Stage 4,7.179999828,7.697499975,-6.305154714,7.747985047,7.878400273,7.721978185,7.565756927,4.450755958,24.870398,-18.51314545,0.14185236,7.055537766,-25.56868321,0.009647133,0.010945899,0.011781592,-12.43199158,-7.521404175,-5.436342049,9.329999924,10.82699966,10.82699966,19.79999924,-23.57877994,63.9893937,TRUE,TRUE,TRUE,0.615499973,8.632417397,131487,134135.74,9,13,-4,FALSE,-0.694986854,2.739188971,0,FALSE
AEYE,5.76,5,Avoid,Avoid,Wait - Daily Pullback Risk,below EMA200 | weekly Stage 4 | not outperforming SPY,REGULAR,5.76,,,,5.760000229,0,0,0,0,5,3,-10,Stage 4,5.590000153,7.874666643,-21.35033442,6.442194765,6.836931818,8.189174254,8.90145354,-12.04489871,0.875660077,-46.4684005,-51.35135005,7.055537766,-53.52393826,0.007793368,0.009634428,0.013867213,-22.325368,-5.263152941,-14.02984488,8.479999542,8.479999542,9.270000458,16.38999939,-32.07546533,64.85661718,TRUE,TRUE,TRUE,0.4326428,7.511159432,128363,140013.26,2,3,-1,FALSE,3.041146183,0.85976642,2,TRUE
AREN,0.8614,5,Avoid,Avoid,Wait - Daily Pullback Risk,below EMA200 | weekly Stage 4 | not outperforming SPY | distribution cluster | excess volatility,REGULAR,0.8614,,,,0.861400008,0,0,0,0,-13,-5,-10,Stage 4,0.910000026,2.779333335,-27.14085975,1.233487513,1.624807177,2.632651342,2.899818137,-21.87014344,-62.38427849,-79.09223223,-86.60342098,7.055537766,-86.14777,0.001165487,0.002341367,0.004990948,-55.55566616,-24.43859482,-31.63491947,1.580000043,2.900000095,3.539999962,7.849999905,-45.48101362,89.02675135,TRUE,TRUE,TRUE,0.140300001,16.28743906,264550,131217,13,14,-1,TRUE,-5.340661167,2.425682188,1,FALSE
CETX,3.02,5,Avoid,Avoid,Wait - Daily Pullback Risk,below EMA200 | weekly Stage 4 | not outperforming SPY,REGULAR,3.02,,,,3.019999981,0,0,0,0,5,0,-10,Stage 4,3.019999981,13.57399999,-48.38063626,4.7372774,7.053686429,1179.432185,7475.190422,-39.32367745,-45.09090944,-87.57201615,-98.08253969,7.055537766,-94.62755392,0.004086106,0.010601438,0.038798956,-76.49953386,-21.14882399,-20.94240749,9.779999733,13.80000019,17.39999962,220.5,-69.12065375,98.6303855,TRUE,TRUE,TRUE,0.403557096,13.36281784,36121,75574.22,2,2,0,FALSE,0,2.372879055,0,FALSE
CHAI,0.6616,5,Avoid,Avoid,Wait - Daily Pullback Risk,below EMA200 | weekly Stage 4 | not outperforming SPY | excess volatility,REGULAR,0.6616,,,,0.661599994,0,0,0,0,11,-5,-10,Stage 4,0.66900003,1.5333,-47.05455799,0.947137227,1.094819495,11.35793394,127.1154857,-39.14539199,-40.39639773,-67.40886685,-91.85221671,7.055537766,-74.46440461,0.000895155,0.001471062,0.00411254,-40.74581746,-20.38507614,-49.87879035,4.050000191,4.050000191,4.050000191,20.71999931,-83.66419846,96.80694973,TRUE,TRUE,TRUE,0.469507162,70.96541211,215188,5291599.76,5,3,2,FALSE,-1.106133861,-1.297928252,2,TRUE
CLPS,0.85,5,Avoid,Avoid,Wait - Daily Pullback Risk,below EMA200 | weekly Stage 4 | not outperforming SPY,REGULAR,0.85,,,,0.850000024,0,0,0,0,0,3,-10,Stage 4,0.851999998,0.957099998,-1.959914361,0.937583322,0.940322191,0.958129791,0.966850141,-2.584417652,-6.593406665,-1.162789569,-10.52631216,7.055537766,-8.218327335,0.001150063,0.001258212,0.001395891,-13.23084932,-12.37113415,-12.37113415,1.049999952,1.049999952,1.24000001,1.879999995,-19.0476131,54.78723266,TRUE,TRUE,TRUE,0.074142848,8.722687725,12217,29202.34,5,6,-1,FALSE,-0.234738762,1.130282432,1,TRUE
CSPI,7.955,5,Avoid,Avoid,Wait - Daily Pullback Risk,below EMA200 | weekly Stage 4 | not outperforming SPY | distribution cluster,REGULAR,7.955,,,,7.954999924,0,0,0,0,-2,3,-10,Stage 4,8.050000191,10.10366669,-8.023062151,8.80868041,9.07336909,9.947210577,10.3830177,-6.872447256,-0.062815508,-38.99539918,-25.79291301,7.055537766,-46.05093695,0.010763235,0.012586323,0.015385818,-16.8267455,-6.521742541,-14.09287552,10.03999996,10.59000015,11.25,15,-20.76693273,46.96666718,TRUE,TRUE,TRUE,0.67500002,8.485229754,58422,36334.44,11,9,2,TRUE,-1.180127513,-1.668729621,2,TRUE
DFSC,2.08,5,Avoid,Avoid,Wait - Daily Pullback Risk,below EMA200 | weekly Stage 4 | excess volatility,REGULAR,2.08,,,,2.079999924,0,0,8,0,-3,-5,-10,Stage 4,2.150000095,2.6347,-3.493199261,3.276407636,3.335708702,3.602769692,5.830496252,-20.38494085,1.463413273,15.55555438,-81.09090978,7.055537766,8.500016612,0.002814271,0.004753306,0.004299327,-1.266920295,-37.5375384,-48.12968067,4.699999809,5.090000153,5.090000153,13.75,-55.74468068,84.87272783,TRUE,TRUE,TRUE,0.423999999,20.3846161,164481,148385.62,5,5,0,TRUE,-3.255821793,6.940867229,1,TRUE
DQ,12.755,5,Avoid,Avoid,Wait - Daily Pullback Risk,below EMA200 | weekly Stage 4 | not outperforming SPY | distribution cluster,REGULAR,12.755,,,,12.75500011,0,0,0,0,-5,7,-10,Stage 4,12.84000015,22.70133333,-15.08652925,14.71996798,17.02070494,20.92333963,21.54875189,-11.62109457,-39.8916092,-59.40483742,-11.85210865,7.055537766,-66.46037518,0.017257708,0.023961883,0.035962385,-43.60016976,-8.23740673,-18.80967483,17.54999924,23.76000023,26.15999985,36.59000015,-27.32193351,65.14074867,TRUE,TRUE,TRUE,0.839642661,6.582851066,245199,987185.98,10,13,-3,FALSE,-0.661994059,0.631163097,1,FALSE
FNGR,0.4054,5,Avoid,Avoid,Wait - Daily Pullback Risk,below EMA200 | weekly Stage 4 | not outperforming SPY | distribution cluster,REGULAR,0.4054,,,,0.405400008,0,0,0,0,-5,0,-10,Stage 4,0.419999987,1.060433327,-19.45668126,0.546517716,0.722547338,1.037497122,1.150464213,-18.50993239,-60.25490044,-71.4507028,-80.32038742,7.055537766,-78.50624057,0.000548512,0.001060555,0.001751237,-64.36396797,-9.911106955,-12.81720326,1.090000033,1.139999986,1.570000052,2.349999905,-62.80733986,82.74893513,TRUE,TRUE,TRUE,0.055999999,13.81351688,255032,813668.64,7,14,-7,FALSE,-3.476185567,-0.53973938,1,FALSE
FORTY,102.79,5,Avoid,Avoid,Wait - Daily Pullback Risk,below EMA200 | weekly Stage 4 | not outperforming SPY | distribution cluster,REGULAR,102.79,,,,102.7900009,0,0,0,0,-5,10,-10,Stage 4,106.5,140.8029994,-3.438557027,116.7386011,125.2940195,132.4642081,131.8788676,-1.355901947,-17.7350913,-46.05898288,-9.03539742,7.055537766,-53.11452064,0.139076428,0.177537284,0.205558446,-26.62829869,-5.253937746,-12.51914816,138.25,149.5,149.5,190.5599976,-25.64918559,46.05898288,TRUE,TRUE,TRUE,2.417858124,2.352230861,269,371.38,6,10,-4,FALSE,-3.483567215,-3.037448434,0,FALSE
GMM,2.51,5,Avoid,Avoid,Wait - Daily Pullback Risk,below EMA200 | weekly Stage 4 | not outperforming SPY | distribution cluster | excess volatility,REGULAR,2.51,,,,2.50999999,0,0,0,0,-5,-5,-10,Stage 4,2.630000114,52.73133334,-28.02165811,8.786486185,27.0834787,54.80452477,63.74550052,-24.72673532,-96.41428573,-95.67241381,-98.03137256,7.055537766,-102.7279516,0.003396068,0.048649676,0.096103545,-96.71326209,-17.97385499,-25.297617,11.75,82,92.5,164.5,-78.63829795,98.47416414,TRUE,TRUE,TRUE,1.207142847,48.0933407,51229,1774568.78,8,13,-5,FALSE,-4.562742158,2.024222327,0,FALSE
GPUS,0.1581,5,Avoid,Avoid,Wait - Daily Pullback Risk,below EMA200 | weekly Stage 4 | not outperforming SPY | distribution cluster | excess volatility,REGULAR,0.1581,,,,0.158099994,0,0,0,0,6,-5,-10,Stage 4,0.170000002,0.199333334,-25.52926535,0.212221516,0.191710676,1.4564866,19.78670031,-39.13048305,21.61538451,-31.26087339,-88.94405595,7.055537766,-38.31641116,0.000213912,0.000236134,0.000373696,0.062174791,-45.4827591,5.399991854,0.569999993,0.569999993,0.569999993,2.230000019,-72.26315859,92.91031423,TRUE,TRUE,TRUE,0.079857145,50.51053007,84252665,111743647.3,10,8,2,FALSE,-7.00000447,2.396365275,1,TRUE
HCTI,1.8199,5,Avoid,Avoid,Wait - Daily Pullback Risk,below EMA200 | weekly Stage 4 | not outperforming SPY,REGULAR,1.8199,,,,1.819900036,0,0,0,0,3,3,-10,Stage 4,2.039999962,21.82399966,-69.38686786,2.162712826,3.579102523,230.3798213,679.5352647,-39.26730929,-32.59629616,-97.45112045,-99.54883732,7.055537766,-104.5066582,0.002462352,0.003102326,0.088560061,-29.48024396,-13.33808959,-18.39013362,2.589999914,2.647000074,14.57999992,1299.780029,-29.73358702,99.859984,TRUE,TRUE,TRUE,0.166064279,9.124912146,232485,230829.7,2,1,1,TRUE,-10.78921226,-0.551912941,1,TRUE
IVDA,0.3202,5,Avoid,Avoid,Wait - Daily Pullback Risk,below EMA200 | weekly Stage 4 | not outperforming SPY | excess volatility,REGULAR,0.3202,,,,0.320199996,0,0,0,0,5,-5,-10,Stage 4,0.330000013,0.511333334,-36.00333728,0.362922275,0.352219886,0.596811725,0.782792061,-26.99030452,28.07999849,-62.76744292,-82.30939191,7.055537766,-69.82298068,0.000433235,0.00045225,0.001053649,1.327986067,-21.90243926,14.35714102,0.699999988,0.699999988,0.709999979,2.579999924,-54.25714262,87.58914707,TRUE,TRUE,TRUE,0.078349993,24.46907981,394844,8469928.88,3,4,-1,FALSE,-2.969701967,0.03123611,1,FALSE
JKS,15.63,5,Avoid,Avoid,Wait - Daily Pullback Risk,below EMA200 | weekly Stage 4 | not outperforming SPY | distribution cluster,REGULAR,15.63,,,,15.63000011,0,0,0,0,1,7,-10,Stage 4,16.28000069,24.43400014,-3.878836012,18.88531333,21.01710219,23.2074417,23.45037635,-5.582463709,-38.19691756,-42.66324291,-24.38316373,7.055537766,-49.71878067,0.021147627,0.029384392,0.035820384,-30.46652672,-13.02169888,-20.70014794,23.46999931,26.75,30.54999924,31.87999916,-33.40434354,50.97239484,TRUE,TRUE,TRUE,1.059285981,6.777261507,782368,815463.36,12,11,1,FALSE,-3.992632339,-0.318878761,1,FALSE
LCFY,3.6207,5,Avoid,Avoid,Wait - Daily Pullback Risk,below EMA200 | weekly Stage 4 | distribution cluster,REGULAR,3.6207,,,,3.620699883,0,0,8,0,-5,3,-10,Stage 4,3.579999924,3.940699999,-5.995498839,3.746971066,3.936730182,4.143266174,4.249657673,-3.45149521,-13.58711616,16.04807741,41.98823334,7.055537766,8.992539648,0.004898862,0.00554304,0.006209476,-24.94901135,-6.922884708,6.178879512,4.034999847,4.989999771,5.099999905,13.97999954,-10.26765751,74.10085836,TRUE,TRUE,TRUE,0.256071448,7.072429548,9386,13481.72,6,11,-5,FALSE,1.136870382,1.991547356,1,TRUE
LIQT,0.8224,5,Avoid,Avoid,Wait - Daily Pullback Risk,below EMA200 | weekly Stage 4 | not outperforming SPY,REGULAR,0.8224,,,,0.822399974,0,0,0,0,0,0,-10,Stage 4,0.860000014,1.660999997,-14.1602066,1.007891233,1.333464841,1.649252706,1.71622346,-7.899572,-56.02139188,-48.6000024,-47.94937016,7.055537766,-55.65554016,0.00111272,0.002140329,0.00272886,-57.1016046,-9.626379102,-5.471267889,1.350000024,2.559999943,2.559999943,3.349999905,-39.08148449,75.45074635,TRUE,TRUE,TRUE,0.104457153,12.70150244,111605,301766.1,6,7,-1,FALSE,-4.372097652,-0.604309241,1,FALSE
LNKS,1.75,5,Avoid,Avoid,Wait - Daily Pullback Risk,below EMA200 | weekly Stage 4 | not outperforming SPY | excess volatility,REGULAR,1.75,,,,1.75,0,0,0,0,11,-5,-10,Stage 4,1.879999995,93.76966667,-28.68774954,2.134821951,16.26762561,77.60233936,108.2407872,-38.96849623,-65,-98.25,-98.76760563,7.055537766,-105.3055378,0.002367777,0.002305228,0.14734241,-23.43898895,-25.84745433,11.46496443,3.549999952,3.549999952,382.5,420,-50.70422469,99.58333333,TRUE,TRUE,TRUE,0.476857151,27.24898007,67861,2815395.22,3,2,1,FALSE,-6.914893381,5.415337491,1,FALSE
MASK,1.9789,5,Avoid,Avoid,Wait - Daily Pullback Risk,below EMA200 | weekly Stage 4 | not outperforming SPY | excess volatility,REGULAR,1.9789,,,,1.978899956,0,0,0,0,15,-5,-10,Stage 4,1.970000029,4.036833326,-46.27464896,2.42445233,2.585521459,7.591630505,12.0716283,-34.2664259,44.44525174,-60.42200089,-96.96720313,7.055537766,-67.47753865,0.002677482,0.003147874,0.010048492,11.82629368,-7.528043984,-16.50210754,7.059999943,7.059999943,7.059999943,79,-71.97025536,97.49506335,TRUE,TRUE,TRUE,0.364849993,18.43701053,120605,7083750.1,8,2,6,FALSE,0.451772945,5.260636211,0,FALSE
MOBX,1.945,5,Avoid,Avoid,Wait - Daily Pullback Risk,below EMA200 | weekly Stage 4 | not outperforming SPY,REGULAR,1.945,,,,1.945000052,0,0,0,0,5,3,-10,Stage 4,2.029999971,3.124333346,-34.21071138,2.087714352,2.401700872,3.688403257,4.517529831,-24.54580823,-48.54497177,-44.1091942,-73.82234055,7.055537766,-51.16473197,0.002631615,0.003109724,0.006503141,-32.85459712,-2.015111414,-1.767675065,3.059999943,4.25,13.30000019,14.39999962,-36.43790559,86.49305483,TRUE,TRUE,TRUE,0.174500023,8.971723286,253664,5215715.28,1,1,0,FALSE,-4.187188184,1.832465259,0,FALSE
NEON,0.862,5,Avoid,Avoid,Wait - Daily Pullback Risk,below EMA200 | weekly Stage 4 | not outperforming SPY | distribution cluster,REGULAR,0.862,,,,0.861999989,0,0,0,0,-5,0,-10,Stage 4,0.819999993,1.671333331,-22.31174429,1.172312353,1.399896445,2.672656306,3.475184946,-27.21998844,-32.12598413,-57.11442823,-95.81756447,7.055537766,-64.16996599,0.001166299,0.002048129,0.003077688,-47.54196264,-15.49019562,-27.56302965,1.970000029,1.970000029,2.039999962,29.89999962,-56.24365604,97.11705686,TRUE,TRUE,TRUE,0.107235691,12.44033559,432010,214010.2,10,15,-5,FALSE,5.121950741,14.93333181,0,FALSE
NTCL,0.1283,5,Avoid,Avoid,Wait - Daily Pullback Risk,below EMA200 | weekly Stage 4 | not outperforming SPY | distribution cluster | excess volatility,REGULAR,0.1283,,,,0.128299996,0,0,0,0,6,-5,-10,Stage 4,0.131999999,0.491233333,-31.44624861,0.555067481,0.631154952,0.915321663,1.267177838,-24.11094668,-67.76382019,-78.61666814,-92.36309522,7.055537766,-85.67220591,0.000173592,0.000853699,0.001086224,-74.19439752,-23.17365296,-51.58490446,3.099999905,3.099999905,3.099999905,3.099999905,-95.86129032,95.86129032,TRUE,TRUE,TRUE,0.317064276,247.1272681,1692362,7270851.24,11,9,2,FALSE,-2.803032612,-0.07788294,1,FALSE
NXTT,1.15,5,Avoid,Avoid,Wait - Daily Pullback Risk,below EMA200 | weekly Stage 4 | not outperforming SPY,REGULAR,1.15,,,,1.149999976,0,0,0,0,5,0,-10,Stage 4,1.169999957,3.511333374,-62.17730019,1.417381652,1.761530284,26.62548635,99.26843041,-38.98387882,-47.72727494,-83.28488435,-99.73863637,7.055537766,-90.34042211,0.001555967,0.002061216,0.012476502,-45.95247308,-18.43971607,-36.11111074,1.940000057,2.289999962,4.78000021,596,-40.72165246,99.80704698,TRUE,TRUE,TRUE,0.172357133,14.98757713,86789,125585.78,1,5,-4,FALSE,-1.709400142,1.50043775,1,FALSE
OLED,86.115,5,Avoid,Avoid,Wait - Daily Pullback Risk,below EMA200 | weekly Stage 4 | not outperforming SPY | distribution cluster,REGULAR,86.115,,,,86.16000366,0,0,0,0,0,7,-10,Stage 4,87.16000366,103.8580002,-12.08954266,88.96683771,91.89642521,104.4464955,110.1469517,-9.894504818,-6.215303052,-27.65742673,-44.91048144,7.055537766,-34.71296449,0.11657579,0.125128417,0.164936574,-17.65170233,-5.536668647,-5.794878062,97,101.6200027,134.6000061,162.3600006,-11.17525396,46.93274,TRUE,TRUE,TRUE,4.067856925,4.72128221,258512,913756.24,5,8,-3,FALSE,-1.147315234,0.157006864,2,TRUE
RCT,0.37,5,Avoid,Avoid,Wait - Daily Pullback Risk,below EMA200 | weekly Stage 4 | not outperforming SPY | excess volatility,REGULAR,0.37,,,,0.370000005,0,0,0,0,5,-5,-10,Stage 4,0.356999993,0.939066674,-29.54886436,0.546672275,0.63424319,0.978673676,1.172753693,-23.30695123,-52.56410021,-74.12587284,-74.16201158,7.055537766,-81.18141061,0.000500616,0.000861579,0.001685975,-50.03386471,-41.26984007,-43.07692026,0.802999973,1.389999986,1.389999986,5.360000134,-53.92278741,93.09701501,TRUE,TRUE,TRUE,0.096321432,26.03281903,6671146,7511796.92,2,2,0,FALSE,3.641459856,10.64593504,0,FALSE
SCKT,0.58,5,Avoid,Avoid,Wait - Daily Pullback Risk,below EMA200 | weekly Stage 4 | not outperforming SPY | distribution cluster | excess volatility,REGULAR,0.58,,,,0.579999983,0,0,0,0,-5,-5,-10,Stage 4,0.610000014,0.973666664,-7.18144281,0.752726395,0.831340743,0.939284938,0.972138161,-7.919561333,-35.5555557,-44.76190384,-48.67256763,7.055537766,-51.81744161,0.000784749,0.001160124,0.001451898,-42.03928401,-7.936509889,-36.26373993,0.99000001,0.99000001,1.190000057,1.360000014,-41.41414366,57.35294285,TRUE,TRUE,TRUE,0.095635721,16.48891783,26621,155126.42,7,13,-6,FALSE,-4.918037753,-3.301101643,1,FALSE
SKIL,6.19,5,Avoid,Avoid,Wait - Daily Pullback Risk,below EMA200 | weekly Stage 4 | not outperforming SPY | excess volatility,REGULAR,6.19,,,,6.190000057,0,0,0,0,11,-5,-10,Stage 4,6.190000057,6.659666642,-22.69385511,6.663427184,6.671913294,7.778632609,8.70528677,-11.05992577,56.70886032,-14.73829391,-63.06682594,7.055537766,-21.79383168,0.008375164,0.009638663,0.012340563,-11.49823278,-16.12466177,2.483445303,8.090000153,8.770000458,8.850000381,18.45000076,-23.48578566,66.44986558,TRUE,TRUE,TRUE,0.966642857,15.61620109,176670,118471.4,5,4,1,FALSE,0,9.654562943,0,FALSE
SMCI,30.36,5,Avoid,Avoid,Wait - Daily Pullback Risk,below EMA200 | weekly Stage 4 | not outperforming SPY | distribution cluster,REGULAR,30.36,,,,30.36000061,0,0,0,0,1,0,-10,Stage 4,30.62999916,31.07699992,-10.35135917,33.56300346,33.35052509,33.6574734,34.69473098,-1.614814641,38.18844588,-0.621926781,-38.38035249,7.055537766,-7.677464546,0.041077541,0.045518481,0.051195689,1.487557906,-14.38239878,-0.328294409,51.40000153,51.40000153,51.40000153,62.36000061,-40.93385271,51.31494498,TRUE,TRUE,TRUE,3.578570911,11.78712398,23272420,52813256.4,12,10,2,FALSE,-0.881484028,1.014473844,1,TRUE
SUPX,7.51,5,Avoid,Avoid,Wait - Daily Pullback Risk,below EMA200 | weekly Stage 4 | not outperforming SPY | distribution cluster,REGULAR,7.51,,,,7.510000229,0,0,0,0,0,0,-10,Stage 4,7.71999979,11.51016655,-55.48156708,8.529556691,9.172643331,14.19645582,15.71675224,-21.7295958,-15.71267837,-58.23136585,-24.14140891,7.055537766,-65.28690362,0.010161144,0.012235629,0.035066979,-11.76153306,-5.53458605,-8.74847331,12.47999954,12.47999954,18.79999924,76.5,-39.82371391,90.18300624,TRUE,TRUE,TRUE,0.795214312,10.58873886,139901,309038.02,6,8,-2,FALSE,-2.720201645,-0.858080291,2,TRUE
TBCH,12.295,5,Avoid,Avoid,Wait - Daily Pullback Risk,below EMA200 | weekly Stage 4 | not outperforming SPY | distribution cluster,REGULAR,12.295,,,,12.29500008,0,0,0,0,-5,7,-10,Stage 4,12.39999962,12.51133337,-6.747825591,12.59590633,12.30598524,12.59488179,12.83552771,-3.06924866,20.18573437,-11.41930854,-12.9865536,7.055537766,-18.4748463,0.016635321,0.016500531,0.019219264,4.217315222,-9.060653402,-7.486831365,14.10000038,14.10000038,14.10000038,17.38699913,-12.80142026,29.28624437,TRUE,TRUE,TRUE,0.757000038,6.156974647,98841,312948.82,9,10,-1,FALSE,-0.846770528,2.20282917,1,FALSE
TII,2.205,5,Avoid,Avoid,Wait - Daily Pullback Risk,below EMA200 | weekly Stage 4 | not outperforming SPY,REGULAR,2.205,,,,2.204999924,0,0,0,0,10,0,-10,Stage 4,2.099999905,2.968833343,-0.869265993,2.232434675,2.42607497,2.611859732,2.506055742,-3.071973515,-20.68345517,-9.631152787,179.9999818,7.055537766,-16.68669055,0.002983398,0.003284967,0.004060054,-25.23817139,-4.545455484,-1.1210805,2.845000029,3.220000029,4.659999847,5.650000095,-22.49560979,60.97345334,TRUE,TRUE,TRUE,0.273557178,12.40622164,2514378,1105065.56,10,7,3,FALSE,5.000001135,3.278685412,1,FALSE
TMUS,175.5,5,Avoid,Avoid,Wait - Daily Pullback Risk,below EMA200 | weekly Stage 4 | not outperforming SPY | distribution cluster,REGULAR,175.5,,,,175.5,0,0,0,0,0,10,-10,Stage 4,182.6799927,198.3316681,-5.103557427,183.2501288,188.2899931,199.8474331,203.7348128,-4.913660325,-16.75363158,-11.81790964,-24.16385732,7.055537766,-18.87344741,0.237454158,0.256144096,0.298004595,-15.47682516,-2.532487849,-7.19196492,189.8899994,206.7799988,224.75,261.5599976,-7.578071218,32.90258387,TRUE,TRUE,TRUE,5.62500109,3.205128826,3862457,5775971.14,4,8,-4,FALSE,-3.930366194,1.228589112,0,FALSE
TU,10.845,5,Avoid,Avoid,Wait - Daily Pullback Risk,below EMA200 | weekly Stage 4 | not outperforming SPY | distribution cluster,REGULAR,10.845,,,,10.84500027,0,0,0,0,0,10,-10,Stage 4,11.10000038,12.86966664,-6.252427705,11.65631148,12.11304019,12.98856869,13.31682651,-5.428630159,-14.87440768,-15.33957914,-31.96361008,7.055537766,-22.39511691,0.01467345,0.016589932,0.019578171,-16.83544293,-4.365078297,-8.712119844,12.63000011,12.97999954,14.42000008,16.73999977,-14.13301529,35.21505128,TRUE,TRUE,TRUE,0.246071339,2.268984164,4677964,5505237.28,2,9,-7,FALSE,-2.297298249,-0.8683667,2,TRUE
WCT,1.0702,5,Avoid,Avoid,Wait - Daily Pullback Risk,below EMA200 | weekly Stage 4 | not outperforming SPY | distribution cluster | excess volatility,REGULAR,1.0702,,,,1.070199966,0,0,0,0,-5,-5,-10,Stage 4,1.159999967,4.94570003,-47.03967414,1.427726867,1.982417503,6.735498395,11.91262809,-35.69847347,-59.61509706,-89.90377426,-88.85208413,7.055537766,-96.95931203,0.001447997,0.002397679,0.011512004,-60.9230228,-11.55372457,-26.19310819,3.900000095,3.900000095,9.100000381,25,-72.55897589,95.71920013,TRUE,TRUE,TRUE,0.429999999,40.17940685,60666,3753593.32,6,13,-7,FALSE,-7.74137955,-0.907414453,1,FALSE
ZEPP,4.5701,5,Avoid,Avoid,Wait - Daily Pullback Risk,below EMA200 | weekly Stage 4 | not outperforming SPY | distribution cluster | excess volatility,REGULAR,4.5701,,,,4.570099831,0,0,0,0,-5,-5,-10,Stage 4,4.489999771,17.05233335,-35.85248723,5.724276436,8.912509497,15.73302929,16.86006284,-22.29108608,-58.07247715,-83.82838007,69.8921834,7.055537766,-90.88391783,0.006183414,0.013779704,0.035618505,-69.07587752,-5.576452757,-2.556507999,8.5,19.37999916,26.83099937,61.84999847,-46.23411964,92.61099443,TRUE,TRUE,TRUE,0.695421491,15.21676806,21909,143060.18,4,13,-9,FALSE,1.783965782,2.682724731,1,TRUE
AIAI,,5,Avoid,Avoid,Insufficient history,,,,,,,,,,,,,,,,,,,,,,,,,,,,,,,,,,,,,,,,,,,,,,,,,,,,,,,
AIBZ,,5,Avoid,Avoid,Insufficient history,,,,,,,,,,,,,,,,,,,,,,,,,,,,,,,,,,,,,,,,,,,,,,,,,,,,,,,
ALOV,,5,Avoid,Avoid,Insufficient history,,,,,,,,,,,,,,,,,,,,,,,,,,,,,,,,,,,,,,,,,,,,,,,,,,,,,,,
ALPS,,5,Avoid,Avoid,Insufficient history,,,,,,,,,,,,,,,,,,,,,,,,,,,,,,,,,,,,,,,,,,,,,,,,,,,,,,,
AMBQ,,5,Avoid,Avoid,Insufficient history,,,,,,,,,,,,,,,,,,,,,,,,,,,,,,,,,,,,,,,,,,,,,,,,,,,,,,,
APXT,,5,Avoid,Avoid,Insufficient history,,,,,,,,,,,,,,,,,,,,,,,,,,,,,,,,,,,,,,,,,,,,,,,,,,,,,,,
ARCI,,5,Avoid,Avoid,Insufficient history,,,,,,,,,,,,,,,,,,,,,,,,,,,,,,,,,,,,,,,,,,,,,,,,,,,,,,,
AUGO,,5,Avoid,Avoid,Insufficient history,,,,,,,,,,,,,,,,,,,,,,,,,,,,,,,,,,,,,,,,,,,,,,,,,,,,,,,
BCSS,,5,Avoid,Avoid,Insufficient history,,,,,,,,,,,,,,,,,,,,,,,,,,,,,,,,,,,,,,,,,,,,,,,,,,,,,,,
BGSI,,5,Avoid,Avoid,Insufficient history,,,,,,,,,,,,,,,,,,,,,,,,,,,,,,,,,,,,,,,,,,,,,,,,,,,,,,,
BMM,,5,Avoid,Avoid,Insufficient history,,,,,,,,,,,,,,,,,,,,,,,,,,,,,,,,,,,,,,,,,,,,,,,,,,,,,,,
BOT,,5,Avoid,Avoid,Insufficient history,,,,,,,,,,,,,,,,,,,,,,,,,,,,,,,,,,,,,,,,,,,,,,,,,,,,,,,
BRAI,,5,Avoid,Avoid,Insufficient history,,,,,,,,,,,,,,,,,,,,,,,,,,,,,,,,,,,,,,,,,,,,,,,,,,,,,,,
BTQ,,5,Avoid,Avoid,Insufficient history,,,,,,,,,,,,,,,,,,,,,,,,,,,,,,,,,,,,,,,,,,,,,,,,,,,,,,,
CAST,,5,Avoid,Avoid,Insufficient history,,,,,,,,,,,,,,,,,,,,,,,,,,,,,,,,,,,,,,,,,,,,,,,,,,,,,,,
CBC,,5,Avoid,Avoid,Insufficient history,,,,,,,,,,,,,,,,,,,,,,,,,,,,,,,,,,,,,,,,,,,,,,,,,,,,,,,
CBRS,,5,Avoid,Avoid,Insufficient history,,,,,,,,,,,,,,,,,,,,,,,,,,,,,,,,,,,,,,,,,,,,,,,,,,,,,,,
CCXI,,5,Avoid,Avoid,Insufficient history,,,,,,,,,,,,,,,,,,,,,,,,,,,,,,,,,,,,,,,,,,,,,,,,,,,,,,,
CEPV,,5,Avoid,Avoid,Insufficient history,,,,,,,,,,,,,,,,,,,,,,,,,,,,,,,,,,,,,,,,,,,,,,,,,,,,,,,
CHOW,,5,Avoid,Avoid,Insufficient history,,,,,,,,,,,,,,,,,,,,,,,,,,,,,,,,,,,,,,,,,,,,,,,,,,,,,,,
CTW,,5,Avoid,Avoid,Insufficient history,,,,,,,,,,,,,,,,,,,,,,,,,,,,,,,,,,,,,,,,,,,,,,,,,,,,,,,
CYAB,,5,Avoid,Avoid,Insufficient history,,,,,,,,,,,,,,,,,,,,,,,,,,,,,,,,,,,,,,,,,,,,,,,,,,,,,,,
DAIC,,5,Avoid,Avoid,Insufficient history,,,,,,,,,,,,,,,,,,,,,,,,,,,,,,,,,,,,,,,,,,,,,,,,,,,,,,,
DETX,,5,Avoid,Avoid,Insufficient history,,,,,,,,,,,,,,,,,,,,,,,,,,,,,,,,,,,,,,,,,,,,,,,,,,,,,,,
DKI,,5,Avoid,Avoid,Insufficient history,,,,,,,,,,,,,,,,,,,,,,,,,,,,,,,,,,,,,,,,,,,,,,,,,,,,,,,
EFTY,,5,Avoid,Avoid,Insufficient history,,,,,,,,,,,,,,,,,,,,,,,,,,,,,,,,,,,,,,,,,,,,,,,,,,,,,,,
ELOX,,5,Avoid,Avoid,Insufficient history,,,,,,,,,,,,,,,,,,,,,,,,,,,,,,,,,,,,,,,,,,,,,,,,,,,,,,,
EMAT,,5,Avoid,Avoid,Insufficient history,,,,,,,,,,,,,,,,,,,,,,,,,,,,,,,,,,,,,,,,,,,,,,,,,,,,,,,
EMPG,,5,Avoid,Avoid,Insufficient history,,,,,,,,,,,,,,,,,,,,,,,,,,,,,,,,,,,,,,,,,,,,,,,,,,,,,,,
ENRD,,5,Avoid,Avoid,Insufficient history,,,,,,,,,,,,,,,,,,,,,,,,,,,,,,,,,,,,,,,,,,,,,,,,,,,,,,,
EXYN,,5,Avoid,Avoid,Insufficient history,,,,,,,,,,,,,,,,,,,,,,,,,,,,,,,,,,,,,,,,,,,,,,,,,,,,,,,
FIG,,5,Avoid,Avoid,Insufficient history,,,,,,,,,,,,,,,,,,,,,,,,,,,,,,,,,,,,,,,,,,,,,,,,,,,,,,,
FRTT,,5,Avoid,Avoid,Insufficient history,,,,,,,,,,,,,,,,,,,,,,,,,,,,,,,,,,,,,,,,,,,,,,,,,,,,,,,
GCGR,,5,Avoid,Avoid,Insufficient history,,,,,,,,,,,,,,,,,,,,,,,,,,,,,,,,,,,,,,,,,,,,,,,,,,,,,,,
GIBO,,5,Avoid,Avoid,Insufficient history,,,,,,,,,,,,,,,,,,,,,,,,,,,,,,,,,,,,,,,,,,,,,,,,,,,,,,,
GIW,,5,Avoid,Avoid,Insufficient history,,,,,,,,,,,,,,,,,,,,,,,,,,,,,,,,,,,,,,,,,,,,,,,,,,,,,,,
GLIBA,,5,Avoid,Avoid,Insufficient history,,,,,,,,,,,,,,,,,,,,,,,,,,,,,,,,,,,,,,,,,,,,,,,,,,,,,,,
GLIBK,,5,Avoid,Avoid,Insufficient history,,,,,,,,,,,,,,,,,,,,,,,,,,,,,,,,,,,,,,,,,,,,,,,,,,,,,,,
GLOO,,5,Avoid,Avoid,Insufficient history,,,,,,,,,,,,,,,,,,,,,,,,,,,,,,,,,,,,,,,,,,,,,,,,,,,,,,,
GOAI,,5,Avoid,Avoid,Insufficient history,,,,,,,,,,,,,,,,,,,,,,,,,,,,,,,,,,,,,,,,,,,,,,,,,,,,,,,
HAWK,,5,Avoid,Avoid,Insufficient history,,,,,,,,,,,,,,,,,,,,,,,,,,,,,,,,,,,,,,,,,,,,,,,,,,,,,,,
HCHL,,5,Avoid,Avoid,Insufficient history,,,,,,,,,,,,,,,,,,,,,,,,,,,,,,,,,,,,,,,,,,,,,,,,,,,,,,,
HCIC,,5,Avoid,Avoid,Insufficient history,,,,,,,,,,,,,,,,,,,,,,,,,,,,,,,,,,,,,,,,,,,,,,,,,,,,,,,
HNGE,,5,Avoid,Avoid,Insufficient history,,,,,,,,,,,,,,,,,,,,,,,,,,,,,,,,,,,,,,,,,,,,,,,,,,,,,,,
HQ,,5,Avoid,Avoid,Insufficient history,,,,,,,,,,,,,,,,,,,,,,,,,,,,,,,,,,,,,,,,,,,,,,,,,,,,,,,
HSLV,,5,Avoid,Avoid,Insufficient history,,,,,,,,,,,,,,,,,,,,,,,,,,,,,,,,,,,,,,,,,,,,,,,,,,,,,,,
HVMC,,5,Avoid,Avoid,Insufficient history,,,,,,,,,,,,,,,,,,,,,,,,,,,,,,,,,,,,,,,,,,,,,,,,,,,,,,,
INFQ,,5,Avoid,Avoid,Insufficient history,,,,,,,,,,,,,,,,,,,,,,,,,,,,,,,,,,,,,,,,,,,,,,,,,,,,,,,
JAGU,,5,Avoid,Avoid,Insufficient history,,,,,,,,,,,,,,,,,,,,,,,,,,,,,,,,,,,,,,,,,,,,,,,,,,,,,,,
KDK,,5,Avoid,Avoid,Insufficient history,,,,,,,,,,,,,,,,,,,,,,,,,,,,,,,,,,,,,,,,,,,,,,,,,,,,,,,
KNRX,,5,Avoid,Avoid,Insufficient history,,,,,,,,,,,,,,,,,,,,,,,,,,,,,,,,,,,,,,,,,,,,,,,,,,,,,,,
KPET,,5,Avoid,Avoid,Insufficient history,,,,,,,,,,,,,,,,,,,,,,,,,,,,,,,,,,,,,,,,,,,,,,,,,,,,,,,
LAWR,,5,Avoid,Avoid,Insufficient history,,,,,,,,,,,,,,,,,,,,,,,,,,,,,,,,,,,,,,,,,,,,,,,,,,,,,,,
LFTO,,5,Avoid,Avoid,Insufficient history,,,,,,,,,,,,,,,,,,,,,,,,,,,,,,,,,,,,,,,,,,,,,,,,,,,,,,,
LIMN,,5,Avoid,Avoid,Insufficient history,,,,,,,,,,,,,,,,,,,,,,,,,,,,,,,,,,,,,,,,,,,,,,,,,,,,,,,
MAGH,,5,Avoid,Avoid,Insufficient history,,,,,,,,,,,,,,,,,,,,,,,,,,,,,,,,,,,,,,,,,,,,,,,,,,,,,,,
MAMK,,5,Avoid,Avoid,Insufficient history,,,,,,,,,,,,,,,,,,,,,,,,,,,,,,,,,,,,,,,,,,,,,,,,,,,,,,,
MCTA,,5,Avoid,Avoid,Insufficient history,,,,,,,,,,,,,,,,,,,,,,,,,,,,,,,,,,,,,,,,,,,,,,,,,,,,,,,
MGRT,,5,Avoid,Avoid,Insufficient history,,,,,,,,,,,,,,,,,,,,,,,,,,,,,,,,,,,,,,,,,,,,,,,,,,,,,,,
MSGY,,5,Avoid,Avoid,Insufficient history,,,,,,,,,,,,,,,,,,,,,,,,,,,,,,,,,,,,,,,,,,,,,,,,,,,,,,,
MTNE,,5,Avoid,Avoid,Insufficient history,,,,,,,,,,,,,,,,,,,,,,,,,,,,,,,,,,,,,,,,,,,,,,,,,,,,,,,
MWC,,5,Avoid,Avoid,Insufficient history,,,,,,,,,,,,,,,,,,,,,,,,,,,,,,,,,,,,,,,,,,,,,,,,,,,,,,,
NAVN,,5,Avoid,Avoid,Insufficient history,,,,,,,,,,,,,,,,,,,,,,,,,,,,,,,,,,,,,,,,,,,,,,,,,,,,,,,
NHP,,5,Avoid,Avoid,Insufficient history,,,,,,,,,,,,,,,,,,,,,,,,,,,,,,,,,,,,,,,,,,,,,,,,,,,,,,,
NICM,,5,Avoid,Avoid,Insufficient history,,,,,,,,,,,,,,,,,,,,,,,,,,,,,,,,,,,,,,,,,,,,,,,,,,,,,,,
NIQ,,5,Avoid,Avoid,Insufficient history,,,,,,,,,,,,,,,,,,,,,,,,,,,,,,,,,,,,,,,,,,,,,,,,,,,,,,,
NTSK,,5,Avoid,Avoid,Insufficient history,,,,,,,,,,,,,,,,,,,,,,,,,,,,,,,,,,,,,,,,,,,,,,,,,,,,,,,
NUTR,,5,Avoid,Avoid,Insufficient history,,,,,,,,,,,,,,,,,,,,,,,,,,,,,,,,,,,,,,,,,,,,,,,,,,,,,,,
OCTV,,5,Avoid,Avoid,Insufficient history,,,,,,,,,,,,,,,,,,,,,,,,,,,,,,,,,,,,,,,,,,,,,,,,,,,,,,,
OPTH,,5,Avoid,Avoid,Insufficient history,,,,,,,,,,,,,,,,,,,,,,,,,,,,,,,,,,,,,,,,,,,,,,,,,,,,,,,
ORIQ,,5,Avoid,Avoid,Insufficient history,,,,,,,,,,,,,,,,,,,,,,,,,,,,,,,,,,,,,,,,,,,,,,,,,,,,,,,
OTF,,5,Avoid,Avoid,Insufficient history,,,,,,,,,,,,,,,,,,,,,,,,,,,,,,,,,,,,,,,,,,,,,,,,,,,,,,,
OWLS,,5,Avoid,Avoid,Insufficient history,,,,,,,,,,,,,,,,,,,,,,,,,,,,,,,,,,,,,,,,,,,,,,,,,,,,,,,
PLTS,,5,Avoid,Avoid,Insufficient history,,,,,,,,,,,,,,,,,,,,,,,,,,,,,,,,,,,,,,,,,,,,,,,,,,,,,,,
PPHC,,5,Avoid,Avoid,Insufficient history,,,,,,,,,,,,,,,,,,,,,,,,,,,,,,,,,,,,,,,,,,,,,,,,,,,,,,,
PSUS,,5,Avoid,Avoid,Insufficient history,,,,,,,,,,,,,,,,,,,,,,,,,,,,,,,,,,,,,,,,,,,,,,,,,,,,,,,
PTNM,,5,Avoid,Avoid,Insufficient history,,,,,,,,,,,,,,,,,,,,,,,,,,,,,,,,,,,,,,,,,,,,,,,,,,,,,,,
PWRL,,5,Avoid,Avoid,Insufficient history,,,,,,,,,,,,,,,,,,,,,,,,,,,,,,,,,,,,,,,,,,,,,,,,,,,,,,,
Q,,5,Avoid,Avoid,Insufficient history,,,,,,,,,,,,,,,,,,,,,,,,,,,,,,,,,,,,,,,,,,,,,,,,,,,,,,,
QNC,,5,Avoid,Avoid,Insufficient history,,,,,,,,,,,,,,,,,,,,,,,,,,,,,,,,,,,,,,,,,,,,,,,,,,,,,,,
QNT,,5,Avoid,Avoid,Insufficient history,,,,,,,,,,,,,,,,,,,,,,,,,,,,,,,,,,,,,,,,,,,,,,,,,,,,,,,
RACC,,5,Avoid,Avoid,Insufficient history,,,,,,,,,,,,,,,,,,,,,,,,,,,,,,,,,,,,,,,,,,,,,,,,,,,,,,,
ROC,,5,Avoid,Avoid,Insufficient history,,,,,,,,,,,,,,,,,,,,,,,,,,,,,,,,,,,,,,,,,,,,,,,,,,,,,,,
RPGL,,5,Avoid,Avoid,Insufficient history,,,,,,,,,,,,,,,,,,,,,,,,,,,,,,,,,,,,,,,,,,,,,,,,,,,,,,,
SBXE,,5,Avoid,Avoid,Insufficient history,,,,,,,,,,,,,,,,,,,,,,,,,,,,,,,,,,,,,,,,,,,,,,,,,,,,,,,
SCPQ,,5,Avoid,Avoid,Insufficient history,,,,,,,,,,,,,,,,,,,,,,,,,,,,,,,,,,,,,,,,,,,,,,,,,,,,,,,
SDM,,5,Avoid,Avoid,Insufficient history,,,,,,,,,,,,,,,,,,,,,,,,,,,,,,,,,,,,,,,,,,,,,,,,,,,,,,,
SHAZ,,5,Avoid,Avoid,Insufficient history,,,,,,,,,,,,,,,,,,,,,,,,,,,,,,,,,,,,,,,,,,,,,,,,,,,,,,,
SPCX,,5,Avoid,Avoid,Insufficient history,,,,,,,,,,,,,,,,,,,,,,,,,,,,,,,,,,,,,,,,,,,,,,,,,,,,,,,
SWMR,,5,Avoid,Avoid,Insufficient history,,,,,,,,,,,,,,,,,,,,,,,,,,,,,,,,,,,,,,,,,,,,,,,,,,,,,,,
TGHL,,5,Avoid,Avoid,Insufficient history,,,,,,,,,,,,,,,,,,,,,,,,,,,,,,,,,,,,,,,,,,,,,,,,,,,,,,,
TLIH,,5,Avoid,Avoid,Insufficient history,,,,,,,,,,,,,,,,,,,,,,,,,,,,,,,,,,,,,,,,,,,,,,,,,,,,,,,
TLNC,,5,Avoid,Avoid,Insufficient history,,,,,,,,,,,,,,,,,,,,,,,,,,,,,,,,,,,,,,,,,,,,,,,,,,,,,,,
TMS,,5,Avoid,Avoid,Insufficient history,,,,,,,,,,,,,,,,,,,,,,,,,,,,,,,,,,,,,,,,,,,,,,,,,,,,,,,
TWLV,,5,Avoid,Avoid,Insufficient history,,,,,,,,,,,,,,,,,,,,,,,,,,,,,,,,,,,,,,,,,,,,,,,,,,,,,,,
VACI,,5,Avoid,Avoid,Insufficient history,,,,,,,,,,,,,,,,,,,,,,,,,,,,,,,,,,,,,,,,,,,,,,,,,,,,,,,
VGNT,,5,Avoid,Avoid,Insufficient history,,,,,,,,,,,,,,,,,,,,,,,,,,,,,,,,,,,,,,,,,,,,,,,,,,,,,,,
VHCP,,5,Avoid,Avoid,Insufficient history,,,,,,,,,,,,,,,,,,,,,,,,,,,,,,,,,,,,,,,,,,,,,,,,,,,,,,,
VHUB,,5,Avoid,Avoid,Insufficient history,,,,,,,,,,,,,,,,,,,,,,,,,,,,,,,,,,,,,,,,,,,,,,,,,,,,,,,
VIA,,5,Avoid,Avoid,Insufficient history,,,,,,,,,,,,,,,,,,,,,,,,,,,,,,,,,,,,,,,,,,,,,,,,,,,,,,,
VIDA,,5,Avoid,Avoid,Insufficient history,,,,,,,,,,,,,,,,,,,,,,,,,,,,,,,,,,,,,,,,,,,,,,,,,,,,,,,
VMET,,5,Avoid,Avoid,Insufficient history,,,,,,,,,,,,,,,,,,,,,,,,,,,,,,,,,,,,,,,,,,,,,,,,,,,,,,,
VTIX,,5,Avoid,Avoid,Insufficient history,,,,,,,,,,,,,,,,,,,,,,,,,,,,,,,,,,,,,,,,,,,,,,,,,,,,,,,
VWAV,,5,Avoid,Avoid,Insufficient history,,,,,,,,,,,,,,,,,,,,,,,,,,,,,,,,,,,,,,,,,,,,,,,,,,,,,,,
WOLF,,5,Avoid,Avoid,Insufficient history,,,,,,,,,,,,,,,,,,,,,,,,,,,,,,,,,,,,,,,,,,,,,,,,,,,,,,,
WSBK,,5,Avoid,Avoid,Insufficient history,,,,,,,,,,,,,,,,,,,,,,,,,,,,,,,,,,,,,,,,,,,,,,,,,,,,,,,
XNDU,,5,Avoid,Avoid,Insufficient history,,,,,,,,,,,,,,,,,,,,,,,,,,,,,,,,,,,,,,,,,,,,,,,,,,,,,,,
YMT,,5,Avoid,Avoid,Insufficient history,,,,,,,,,,,,,,,,,,,,,,,,,,,,,,,,,,,,,,,,,,,,,,,,,,,,,,,
